Date,SPY,XLB,XLE,XLF,XLI,XLK,XLP,XLU,XLV,XLY
2000-01-03,91.13274383544922,7.201329708099365,6.60825777053833,11.052184104919434,18.030515670776367,20.601825714111328,12.055174827575684,5.4780755043029785,20.350988388061523,11.12885856628418
2000-01-04,87.56892395019531,7.132006645202637,6.483870029449463,10.569036483764648,17.532379150390625,19.5566349029541,11.715710639953613,5.312829494476318,19.88918685913086,10.794069290161133
2000-01-05,87.7255859375,7.4266438484191895,6.6549072265625,10.485987663269043,17.454242706298828,19.26630210876465,11.922703742980957,5.446897506713867,19.710758209228516,10.661304473876953
2000-01-06,86.31570434570312,7.617292404174805,6.911461353302002,10.946497917175293,17.68865203857422,18.627574920654297,12.146252632141113,5.4375433921813965,19.77373695373535,10.782523155212402
2000-01-07,91.32852172851562,7.6129584312438965,6.985317230224609,11.127680778503418,18.36259651184082,18.952749252319336,12.91625690460205,5.484312057495117,20.01513671875,11.29047966003418
2000-01-10,91.64187622070312,7.586958885192871,6.927014350891113,10.931398391723633,18.36259651184082,19.67276382446289,12.626471519470215,5.503019332885742,22.061763763427734,11.23276138305664
2000-01-11,90.5452651977539,7.495972633361816,6.934784412384033,10.750215530395508,18.12818717956543,19.115337371826172,12.626471519470215,5.443778038024902,21.47403907775879,11.169257164001465
2000-01-12,89.64457702636719,7.387645244598389,6.903684616088867,10.961596488952637,17.913299560546875,19.034040451049805,12.692712783813477,5.3876566886901855,21.11716651916504,11.1057710647583
2000-01-13,90.85858917236328,7.417976379394531,7.024191379547119,11.2937650680542,18.255163192749023,19.20823860168457,12.758942604064941,5.337771415710449,21.74690055847168,11.163493156433105
2000-01-14,92.09225463867188,7.365985870361328,6.981433391571045,11.557995796203613,18.12818717956543,19.6495418548584,12.80034351348877,5.381422996520996,21.55799102783203,11.134626388549805
2000-01-18,91.36776733398438,7.188332557678223,7.066951274871826,11.172977447509766,18.108661651611328,19.754058837890625,12.585077285766602,5.359595775604248,21.15915298461914,11.071130752563477
2000-01-19,92.11180114746094,7.049676418304443,7.043628692626953,11.135231018066406,18.050064086914062,19.788902282714844,12.67615032196045,5.362713813781738,21.66293716430664,11.048048973083496
2000-01-20,90.70197296142578,6.863363742828369,7.043628692626953,10.931398391723633,17.93284034729004,19.9050350189209,12.502279281616211,5.3876566886901855,21.495006561279297,10.897968292236328
2000-01-21,90.50617980957031,6.893693923950195,7.237991809844971,10.79550552368164,17.70819091796875,19.928253173828125,12.361526489257812,5.562254905700684,21.45302391052246,10.672853469848633
2000-01-24,87.94096374511719,6.71170711517334,6.981433391571045,10.599226951599121,17.200294494628906,19.277912139892578,12.005501747131348,5.487431526184082,20.812801361083984,10.27457046508789
2000-01-25,88.93959045410156,6.586053371429443,6.965883255004883,10.712471008300781,17.102609634399414,19.690187454223633,11.856463432312012,5.359595775604248,20.959745407104492,10.338066101074219
2000-01-26,88.23468780517578,6.586053371429443,6.857039928436279,11.11257553100586,17.239364624023438,19.045656204223633,11.96409797668457,5.334654808044434,20.865272521972656,10.413095474243164
2000-01-27,87.88214111328125,6.62071418762207,6.717102527618408,11.233372688293457,17.337038040161133,18.85983657836914,12.187652587890625,5.300358295440674,20.73933219909668,10.384239196777344
2000-01-28,85.14080047607422,6.508060932159424,6.639361381530762,10.840805053710938,16.877973556518555,18.186275482177734,12.08829116821289,5.272294998168945,20.319499969482422,9.974409103393555
2000-01-31,87.45143127441406,6.469065189361572,6.794841766357422,11.142776489257812,16.99517059326172,18.790159225463867,12.311843872070312,5.515487194061279,20.225048065185547,10.049453735351562
2000-02-01,88.31300354003906,6.586053371429443,6.779298305511475,11.203174591064453,16.877973556518555,19.185009002685547,12.187652587890625,5.474954605102539,20.48744010925293,10.413095474243164
2000-02-02,88.3913345336914,6.616387367248535,6.822056293487549,11.08993148803711,16.88773536682129,19.324371337890625,12.212488174438477,5.446897506713867,20.99122428894043,10.343832969665527
2000-02-03,89.72285461425781,6.503729820251465,6.740425109863281,11.021993637084961,16.877973556518555,19.88180923461914,12.046897888183594,5.4375433921813965,21.180139541625977,10.384239196777344
2000-02-04,89.3508529663086,6.495061874389648,6.54606294631958,10.908747673034668,16.946331024169922,20.11406707763672,12.038616180419922,5.409483432769775,21.253618240356445,10.366923332214355
2000-02-07,89.21373748779297,6.369410991668701,6.61992073059082,10.79550552368164,16.653322219848633,20.34633445739746,12.022055625915527,5.393894195556641,20.907264709472656,10.147578239440918
2000-02-08,90.42779541015625,6.352076530456543,6.561612129211426,10.916300773620605,16.72169303894043,20.532146453857422,12.17109203338623,5.406363487243652,21.13817024230957,10.37846565246582
2000-02-09,88.52837371826172,6.226424217224121,6.343930721282959,10.659625053405762,16.545883178710938,20.276657104492188,12.063453674316406,5.406363487243652,20.76032257080078,10.205301284790039
2000-02-10,88.70466613769531,6.174427509307861,6.476095199584961,10.365204811096191,16.26262664794922,20.758602142333984,11.657750129699707,5.32841682434082,20.58188819885254,10.112940788269043
2000-02-11,86.90316009521484,6.022775650024414,6.398351192474365,10.38785171508789,15.920756340026855,20.20697593688965,11.434196472167969,5.2348809242248535,20.592384338378906,9.968642234802246
2000-02-14,87.4122314453125,6.122432231903076,6.499417781829834,10.478438377380371,16.17472267150879,20.21858024597168,11.492161750793457,5.241117000579834,20.214548110961914,10.020590782165527
2000-02-15,88.4011001586914,6.386739253997803,6.771526336669922,10.49354076385498,16.457969665527344,20.276657104492188,11.74882984161377,5.228647232055664,20.057117462158203,10.043675422668457
2000-02-16,87.0989761352539,6.2394208908081055,6.802623271942139,10.27461051940918,16.418907165527344,20.172136306762695,11.583239555358887,5.206823825836182,19.490346908569336,9.651164054870605
2000-02-17,86.64852905273438,6.226424217224121,6.794841766357422,10.146270751953125,16.487274169921875,20.625049591064453,11.409368515014648,5.175642490386963,19.479862213134766,9.374101638793945
2000-02-18,84.78833770751953,6.035773754119873,6.596600532531738,9.783903121948242,16.12588882446289,19.928253173828125,11.276891708374023,4.98545503616333,18.944581985473633,9.235563278198242
2000-02-22,84.57290649414062,6.226424217224121,6.538288116455078,9.874494552612305,16.389610290527344,19.88180923461914,11.459039688110352,4.966747760772705,18.808141708374023,9.25865364074707
2000-02-23,85.57158660888672,6.1570963859558105,6.367254734039307,9.836750030517578,16.26262664794922,20.485685348510742,11.210650444030762,4.863857746124268,19.102008819580078,9.229795455932617
2000-02-24,83.84840393066406,5.936116695404053,6.29728364944458,9.632917404174805,16.116121292114258,20.741182327270508,10.978821754455566,4.701725959777832,18.955076217651367,8.935412406921387
2000-02-25,83.54486846923828,5.840789794921875,6.172891616821289,9.572521209716797,15.832864761352539,20.543758392333984,10.705594062805176,4.676785469055176,18.367321014404297,8.970046043395996
2000-02-28,85.29742431640625,5.858121395111084,6.359478950500488,9.882040023803711,15.881696701049805,20.29987907409668,10.91258716583252,4.810854911804199,18.69268798828125,9.293289184570312
2000-02-29,86.1198959350586,5.819127559661865,6.507191181182861,9.949986457824707,16.057512283325195,20.764406204223633,10.871185302734375,4.845150947570801,18.90260124206543,9.489546775817871
2000-03-01,86.74649047851562,5.7584662437438965,6.670454025268555,10.085878372192383,15.969610214233398,20.973438262939453,10.771828651428223,5.057165145874023,19.060033798217773,9.379870414733887
2000-03-02,86.8051986694336,5.632808685302734,6.794841766357422,10.025483131408691,16.0282039642334,21.18248176574707,10.796674728393555,5.188112258911133,18.976076126098633,9.368326187133789
2000-03-03,88.43047332763672,5.814794540405273,6.686005115509033,10.116073608398438,16.467742919921875,21.768951416015625,10.73870849609375,5.2348809242248535,19.238454818725586,9.541495323181152
2000-03-06,87.56892395019531,5.676137924194336,6.647131443023682,10.017930030822754,16.399372100830078,21.734100341796875,10.482038497924805,5.088341236114502,18.860614776611328,9.316377639770508
2000-03-07,85.87506866455078,5.494156837463379,7.105820655822754,9.715959548950195,15.744949340820312,21.13602638244629,9.919027328491211,5.029104232788086,18.514263153076172,9.056626319885254
2000-03-08,85.76736450195312,5.611146450042725,6.989205360412598,9.60272216796875,15.91099739074707,21.507654190063477,10.225373268127441,5.063399314880371,18.419801712036133,9.166295051574707
2000-03-09,88.27384185791016,5.602482318878174,6.996981143951416,9.65556812286377,16.07704734802246,22.157987594604492,10.498600959777832,5.1039347648620605,18.850120544433594,9.3510103225708
2000-03-10,87.80384826660156,5.650142669677734,6.903684616088867,9.685762405395508,16.116121292114258,22.204437255859375,10.374405860900879,5.1039347648620605,18.69268798828125,9.224019050598145
2000-03-13,86.84436798095703,5.7367987632751465,6.802623271942139,9.783903121948242,15.871927261352539,21.879276275634766,10.208813667297363,5.119521617889404,18.556243896484375,9.148977279663086
2000-03-14,85.61074829101562,5.637142658233643,6.888137340545654,9.746155738830566,15.784029960632324,21.379905700683594,10.150861740112305,5.085225582122803,18.608720779418945,9.166295051574707
2000-03-15,87.60807800292969,5.9751105308532715,6.857039928436279,10.342552185058594,16.418907165527344,21.008289337158203,10.796674728393555,5.113285541534424,18.703187942504883,9.720428466796875
2000-03-16,91.70059967041016,6.326077461242676,7.152467250823975,11.233372688293457,17.307727813720703,21.73990249633789,11.26032543182373,5.312829494476318,19.668777465820312,10.436187744140625
2000-03-17,92.30667877197266,6.115244388580322,6.9346160888671875,11.236708641052246,17.284709930419922,22.250898361206055,11.213418006896973,5.355574607849121,19.689767837524414,10.462328910827637
2000-03-20,91.83553314208984,6.189077377319336,6.825414180755615,11.024551391601562,17.382593154907227,22.157987594604492,11.113739013671875,5.333585262298584,20.067611694335938,10.364013671875
2000-03-21,93.72013854980469,6.262909412384033,7.043822765350342,11.426130294799805,17.75450897216797,22.738656997680664,11.321395874023438,5.299034118652344,20.19355583190918,10.479681015014648
2000-03-22,94.28946685791016,6.102212429046631,6.989221096038818,11.524625778198242,17.67621421813965,23.13349723815918,11.23002815246582,5.17653226852417,20.707843780517578,10.433411598205566
2000-03-23,95.89921569824219,6.288969993591309,6.981420516967773,11.926212310791016,18.087289810180664,23.574804306030273,11.13865852355957,5.264481544494629,20.791810989379883,10.462328910827637
2000-03-24,96.4684829711914,6.258569240570068,6.9970221519470215,12.062597274780273,18.194948196411133,23.778030395507812,10.939310073852539,5.214222431182861,20.97022819519043,10.497031211853027
2000-03-27,95.44768524169922,6.232507705688477,7.02042293548584,11.668591499328613,17.96982765197754,23.969648361206055,10.798104286193848,5.286469459533691,20.82329559326172,10.468111991882324
2000-03-28,94.89805603027344,6.115244388580322,6.989221096038818,11.759517669677734,17.920900344848633,23.388994216918945,10.922698020935059,5.261340618133545,20.84428596496582,10.502814292907715
2000-03-29,94.99615478515625,6.2411980628967285,7.355841636657715,11.668591499328613,18.146015167236328,22.703813552856445,11.188498497009277,5.355574607849121,20.529420852661133,10.711019515991211
2000-03-30,93.40603637695312,6.410579681396484,7.355841636657715,11.691326141357422,18.263463973999023,22.08830451965332,11.338011741638184,5.343009948730469,20.23554801940918,10.948141098022461
2000-03-31,94.46614837646484,6.4062371253967285,7.316841125488281,11.767102241516113,18.292823791503906,22.506385803222656,11.279865264892578,5.374420166015625,20.602890014648438,10.832474708557129
2000-04-03,95.01580047607422,6.614710807800293,7.441648006439209,12.335368156433105,18.371118545532227,21.55410385131836,11.79484748840332,5.408971309661865,20.592384338378906,11.156349182128906
2000-04-04,94.30907440185547,6.5539069175720215,7.348042011260986,11.842864990234375,18.165590286254883,21.345067977905273,12.12709903717041,5.48435640335083,20.36148452758789,11.017541885375977
2000-04-05,93.72013854980469,6.501786708831787,7.1296257972717285,11.751940727233887,18.097070693969727,21.48442268371582,11.960980415344238,5.556600093841553,20.225048065185547,11.034895896911621
2000-04-06,94.53483581542969,6.462697505950928,7.316841125488281,11.880746841430664,18.25366973876953,21.76314353942871,11.745016098022461,5.591153621673584,20.61338233947754,11.150565147399902
2000-04-07,95.13362884521484,6.358459949493408,7.203734874725342,11.638286590576172,18.527729034423828,22.506385803222656,11.595501899719238,5.575448989868164,20.665857315063477,11.150565147399902
2000-04-10,94.7605972290039,6.514815807342529,7.09843111038208,11.971673965454102,18.55708885192871,21.693466186523438,11.886221885681152,5.5628862380981445,20.529420852661133,11.410820960998535
2000-04-11,94.48577117919922,6.671172142028809,7.223233222961426,12.123222351074219,18.782196044921875,21.15926170349121,12.093875885009766,5.7073774337768555,20.707843780517578,11.491788864135742
2000-04-12,91.8943862915039,6.844902038574219,7.28563928604126,12.176254272460938,18.449413299560547,19.788902282714844,12.235085487365723,5.757635116577148,20.329998016357422,11.468661308288574
2000-04-13,90.61837768554688,6.6537981033325195,7.270035743713379,11.858023643493652,18.498361587524414,19.41146469116211,12.152019500732422,5.763917446136475,19.815710067749023,11.254670143127441
2000-04-14,85.43567657470703,6.288969993591309,7.114030361175537,10.895736694335938,17.284709930419922,18.395309448242188,11.553974151611328,5.553460597991943,18.619224548339844,10.364013671875
2000-04-17,88.4197006225586,6.297657012939453,6.942418098449707,10.986662864685059,17.705575942993164,19.394052505493164,11.886221885681152,5.468654155731201,18.776657104492188,10.375578880310059
2000-04-18,90.7557601928711,6.180391788482666,6.97752046585083,11.426130294799805,17.774084091186523,20.49730110168457,11.960980415344238,5.48435640335083,19.290935516357422,10.595348358154297
2000-04-19,89.91162872314453,6.102212429046631,7.1296257972717285,11.274591445922852,17.842599868774414,19.82373046875,12.102182388305664,5.534614562988281,19.79472541809082,10.676318168640137
2000-04-20,90.34352111816406,6.254226207733154,7.141329765319824,11.486751556396484,17.989408493041992,19.6495418548584,12.093875885009766,5.553460597991943,19.878686904907227,10.815122604370117
2000-04-24,89.36200714111328,6.267250061035156,7.219336032867432,11.759517669677734,18.008989334106445,19.045656204223633,12.426121711730957,5.704235076904297,19.595308303833008,10.930791854858398
2000-04-25,93.0722885131836,6.275941371917725,7.231035232543945,12.123222351074219,18.94858169555664,20.148908615112305,12.367982864379883,5.8738532066345215,20.088594436645508,11.127432823181152
2000-04-26,92.02202606201172,6.167362689971924,7.324643135070801,11.880746841430664,18.664752960205078,19.76567268371582,12.22677993774414,5.861292362213135,20.298513412475586,11.115867614746094
2000-04-27,91.7177505493164,6.1456427574157715,7.426046848297119,11.638286590576172,18.684326171875,20.38116455078125,12.22677993774414,5.729365348815918,20.17255973815918,10.88452434539795
2000-04-28,91.14844512939453,6.193418979644775,7.207633018493652,11.880746841430664,18.55708885192871,20.439231872558594,11.877917289733887,5.726222515106201,20.36148452758789,10.606917381286621
2000-05-01,92.38519287109375,6.184734344482422,7.324643135070801,11.615550994873047,18.987730026245117,20.72956657409668,12.027422904968262,5.726222515106201,20.42445945739746,10.930791854858398
2000-05-02,90.53990173339844,6.375828742980957,7.429951190948486,11.501896858215332,18.791990280151367,20.34633445739746,12.060647010803223,5.518910884857178,20.01513671875,10.855607032775879
2000-05-03,88.4197006225586,6.271597862243652,7.238836288452148,11.297319412231445,18.165590286254883,19.463726043701172,12.060647010803223,5.53775691986084,19.458864212036133,10.340877532958984
2000-05-04,89.08712768554688,6.336745262145996,7.426046848297119,11.12304973602295,18.194948196411133,19.324371337890625,12.060647010803223,5.5283355712890625,19.395896911621094,10.173154830932617
2000-05-05,90.16687774658203,6.332398891448975,7.504051685333252,11.198820114135742,18.51793670654297,19.8527774810791,12.343063354492188,5.540897846221924,19.374887466430664,10.300394058227539
2000-05-08,89.48959350585938,6.297657012939453,7.597658157348633,11.418553352355957,18.508150100708008,19.150177001953125,12.600552558898926,5.578592300415039,19.416879653930664,10.271476745605469
2000-05-09,88.77301025390625,6.410579681396484,7.601556301116943,11.388246536254883,18.361331939697266,18.795961380004883,12.658697128295898,5.559744834899902,19.28043556213379,10.375578880310059
2000-05-10,86.77063751220703,6.332398891448975,7.624959945678711,11.085164070129395,18.17537498474121,17.884334564208984,12.575636863708496,5.666545391082764,19.248947143554688,10.375578880310059
2000-05-11,88.75337982177734,6.414923667907715,7.86287260055542,11.418553352355957,18.625598907470703,18.389509201049805,12.5590238571167,5.75134801864624,19.22796630859375,10.468111991882324
2000-05-12,89.71533203125,6.436642646789551,7.890178680419922,11.547359466552734,18.850709915161133,18.627574920654297,12.392900466918945,5.660260200500488,19.56381607055664,10.618483543395996
2000-05-15,91.2662124633789,6.549562454223633,8.053980827331543,12.062597274780273,19.163904190063477,18.975969314575195,12.700231552124023,5.770196914672852,19.88918685913086,10.653185844421387
2000-05-16,92.14960479736328,6.480070114135742,7.897976398468018,11.994405746459961,19.34007453918457,19.545015335083008,12.642093658447266,5.7450690269470215,20.151578903198242,10.734156608581543
2000-05-17,91.18767547607422,6.497444152832031,7.936975479125977,11.78982925415039,19.212848663330078,19.26630210876465,12.68362045288086,5.65711784362793,19.920673370361328,10.479681015014648
2000-05-18,90.06867980957031,6.445324897766113,7.925281524658203,11.941366195678711,19.124755859375,18.77855110168457,12.658697128295898,5.704235076904297,19.899690628051758,10.687887191772461
2000-05-19,88.65524291992188,6.462697505950928,7.940879821777344,11.729207992553711,18.596237182617188,18.046918869018555,12.750069618225098,5.597438335418701,19.374887466430664,10.416068077087402
2000-05-22,87.98775482177734,6.427952289581299,7.874573230743408,11.880746841430664,18.273256301879883,17.96562957763672,12.708535194396973,5.635132789611816,19.15448760986328,10.259906768798828
2000-05-23,86.69209289550781,6.336745262145996,7.84337043762207,11.95651912689209,18.194948196411133,17.094642639160156,12.642093658447266,5.531472682952881,18.997060775756836,10.213638305664062
2000-05-24,88.10553741455078,6.310687065124512,7.851173400878906,12.108057975769043,18.459199905395508,17.76819610595703,12.9161958694458,5.625706195831299,19.123004913330078,10.028570175170898
2000-05-25,86.59394836425781,6.080495834350586,7.706866264343262,11.804976463317871,18.12643051147461,17.477869033813477,12.882970809936523,5.531472682952881,18.976076126098633,9.936033248901367
2000-05-26,86.69209289550781,5.9849467277526855,7.710765838623047,11.759517669677734,18.028560638427734,17.535934448242188,12.92449951171875,5.641412734985352,18.82912826538086,9.727826118469238
2000-05-30,89.5190200805664,6.050094127655029,7.819973468780518,12.001984596252441,18.351547241210938,18.674030303955078,12.849747657775879,5.682244777679443,19.605802536010742,9.80301284790039
2000-05-31,89.71533203125,5.9979753494262695,8.053980827331543,12.14594554901123,18.47878646850586,18.314023971557617,12.725152015686035,5.713655948638916,19.815710067749023,10.034348487854004
2000-06-01,91.28582000732422,6.015349388122559,7.97988224029541,12.547525405883789,18.625598907470703,19.13855743408203,12.75837516784668,5.754493236541748,19.689767837524414,10.109537124633789
2000-06-02,92.87596893310547,6.115244388580322,7.706866264343262,13.062764167785645,18.762619018554688,20.009550094604492,12.318148612976074,5.735645771026611,20.17255973815918,10.387146949768066
2000-06-05,92.4244613647461,6.063122272491455,7.597658157348633,12.767263412475586,18.733266830444336,20.06761932373047,12.301532745361328,5.603719711303711,20.10958480834961,10.32931137084961
2000-06-06,92.01219177246094,6.071807384490967,7.894073963165283,12.486910820007324,18.596237182617188,19.788902282714844,12.343063354492188,5.735645771026611,19.941661834716797,9.999653816223145
2000-06-07,92.65022277832031,5.941512107849121,7.792666912078857,12.6687593460083,18.508150100708008,20.160526275634766,12.475959777832031,5.757635116577148,19.88918685913086,9.999653816223145
2000-06-08,92.28704071044922,5.932826995849609,7.8316731452941895,12.456599235534668,18.214521408081055,20.06761932373047,12.475959777832031,5.792187213897705,19.73175811767578,9.901330947875977
2000-06-09,92.09070587158203,5.924138069152832,7.780968189239502,12.244446754455566,18.28303337097168,20.11406707763672,12.617169380187988,5.864430904388428,20.025636672973633,9.739388465881348
2000-06-12,91.0110092163086,5.958888053894043,7.956478118896484,12.3505220413208,18.3026123046875,19.695985794067383,12.600552558898926,5.8393049240112305,19.83670425415039,9.496488571166992
2000-06-13,92.71894073486328,5.789500713348389,7.956478118896484,12.335368156433105,18.380910873413086,20.11406707763672,12.741766929626465,5.964945316314697,19.56381607055664,9.681560516357422
2000-06-14,92.87596893310547,5.941512107849121,7.944778919219971,12.547525405883789,18.341754913330078,19.742443084716797,12.907889366149902,5.939815044403076,19.899690628051758,9.716263771057129
2000-06-15,93.0722885131836,5.941512107849121,7.8316731452941895,12.252020835876465,18.51793670654297,20.137300491333008,13.14876937866211,5.908406734466553,20.466445922851562,9.693123817443848
2000-06-16,92.30754852294922,5.9694390296936035,7.963606357574463,11.678500175476074,18.193334579467773,20.20697593688965,12.90439510345459,5.842400074005127,20.23554801940918,9.584189414978027
2000-06-19,93.48822021484375,5.777439117431641,7.896981239318848,11.982629776000977,18.00699234008789,20.845703125,12.929374694824219,5.937348365783691,20.36148452758789,9.572601318359375
2000-06-20,93.15365600585938,5.672713756561279,7.853869915008545,11.830568313598633,17.44794464111328,20.903759002685547,12.70458984375,5.874049663543701,20.329998016357422,9.363996505737305
2000-06-21,93.11434173583984,5.646533489227295,7.99495792388916,11.739323616027832,17.516605377197266,21.08957862854004,12.954355239868164,5.893036842346191,20.23554801940918,9.300256729125977
2000-06-22,91.6975326538086,5.646533489227295,7.783323764801025,11.731720924377441,17.134109497070312,20.439231872558594,12.671292304992676,5.855058670043945,20.19355583190918,9.259696006774902
2000-06-23,90.91046142578125,5.650896072387695,7.881301403045654,11.648087501525879,17.320451736450195,20.00374412536621,12.821147918701172,5.874049663543701,19.815710067749023,9.317638397216797
2000-06-26,92.08125305175781,5.519988059997559,7.818597316741943,11.830568313598633,17.73237419128418,20.137300491333008,12.987656593322754,5.855058670043945,19.626794815063477,9.317638397216797
2000-06-27,91.40235137939453,5.742531776428223,7.763728141784668,11.944608688354492,17.81083106994629,19.939870834350586,13.187468528747559,5.696813106536865,19.58481788635254,9.584189414978027
2000-06-28,91.65819549560547,5.72944450378418,7.697103977203369,11.853373527526855,18.036420822143555,20.137300491333008,13.187468528747559,5.744289398193359,19.500850677490234,9.549416542053223
2000-06-29,90.79236602783203,5.6247148513793945,7.712782382965088,11.845767974853516,17.722570419311523,19.742443084716797,13.3040189743042,5.652506351470947,19.79472541809082,9.387174606323242
2000-06-30,91.4810791015625,5.48507833480835,7.610886096954346,11.556853294372559,17.752002716064453,20.137300491333008,13.445547103881836,5.51957893371582,19.85770034790039,9.491477966308594
2000-07-03,92.74044036865234,5.637805461883545,7.657911777496338,11.76973819732666,17.987380981445312,20.276657104492188,13.47053337097168,5.68415641784668,19.815710067749023,9.6189546585083
2000-07-05,91.06784057617188,5.663986682891846,7.340468406677246,11.898992538452148,17.83045196533203,19.626312255859375,13.503830909729004,5.7347941398620605,19.941661834716797,9.734848022460938
2000-07-06,91.77628326416016,5.515624046325684,7.414931774139404,11.99023151397705,17.781421661376953,19.928253173828125,13.520480155944824,5.741121768951416,19.899690628051758,9.804384231567383
2000-07-07,93.25204467773438,5.489442825317383,7.450204849243164,12.19551944732666,17.869686126708984,20.2534236907959,13.42890453338623,5.8012566566467285,20.067611694335938,10.279533386230469
2000-07-10,93.09465789794922,5.567986488342285,7.485475540161133,12.225929260253906,17.889299392700195,20.03276824951172,13.553788185119629,5.8012566566467285,19.899690628051758,10.430191040039062
2000-07-11,93.29145812988281,5.864712715148926,7.751972675323486,12.28675365447998,18.232574462890625,19.87019157409668,13.562112808227539,5.747452259063721,19.679275512695312,10.505517959594727
2000-07-12,93.90142822265625,5.834171295166016,7.650075912475586,12.461624145507812,18.30122184753418,20.38116455078125,13.287373542785645,5.772772789001465,20.046619415283203,10.534492492675781
2000-07-13,94.3146743774414,5.89962100982666,7.532503604888916,12.339981079101562,18.448348999023438,20.776020050048828,13.08755874633789,5.798091888427734,20.10958480834961,10.337479591369629
2000-07-14,95.2395248413086,5.781805515289307,7.52466344833374,12.54526138305664,18.634693145751953,21.15926170349121,12.937697410583496,5.718969821929932,20.42445945739746,10.464960098266602
2000-07-17,95.0820541381836,5.6901702880859375,7.426686763763428,12.309566497802734,18.742568969726562,21.33345603942871,13.004303932189941,5.6714959144592285,20.17255973815918,10.407020568847656
2000-07-18,94.3048095703125,5.602898120880127,7.493313312530518,12.332375526428223,18.791603088378906,20.903759002685547,13.020956039428711,5.649341106414795,19.85770034790039,10.430191040039062
2000-07-19,93.54727172851562,5.602898120880127,7.4737162590026855,12.28675365447998,18.634693145751953,20.439231872558594,13.037607192993164,5.706309795379639,19.9836483001709,10.296923637390137
2000-07-20,94.84597778320312,5.559259414672852,7.399256706237793,12.598490715026855,18.860267639160156,20.868928909301758,12.821147918701172,5.614526271820068,20.298513412475586,10.267943382263184
2000-07-21,92.99629211425781,5.585440635681152,7.25816535949707,12.560466766357422,18.83085060119629,20.416011810302734,12.854446411132812,5.6714959144592285,19.79472541809082,10.244771003723145
2000-07-24,92.46495819091797,5.594168663024902,7.183706283569336,12.63650131225586,18.693527221679688,19.91664695739746,13.120864868164062,5.652506351470947,19.605802536010742,10.08252239227295
2000-07-25,92.76018524169922,5.524352550506592,7.117079734802246,12.659319877624512,18.73276710510254,20.2534236907959,12.8877534866333,5.699979305267334,19.616294860839844,10.105697631835938
2000-07-26,91.85497283935547,5.489442825317383,7.175867080688477,12.598490715026855,18.497377395629883,19.986318588256836,12.896071434020996,5.646175861358643,19.458864212036133,10.070934295654297
2000-07-27,91.54013061523438,5.550533294677734,7.4227705001831055,12.63650131225586,18.36988067626953,19.405654907226562,12.987656593322754,5.6240234375,19.58481788635254,10.15205192565918
2000-07-28,89.47399139404297,5.50689697265625,7.367898941040039,12.362788200378418,17.752002716064453,18.685653686523438,13.0958890914917,5.589206695556641,19.374887466430664,9.83914566040039
2000-07-31,90.04460144042969,5.533077239990234,7.3208723068237305,12.575674057006836,18.026607513427734,19.068880081176758,12.954355239868164,5.605032444000244,19.56381607055664,9.642131805419922
2000-08-01,90.59559631347656,5.537444591522217,7.458040714263916,12.659319877624512,18.16391372680664,18.848228454589844,13.38727855682373,5.728463649749756,19.73175811767578,9.781203269958496
2000-08-02,91.04820251464844,5.572350978851318,7.599131107330322,12.644109725952148,18.08545684814453,18.766939163208008,13.378952026367188,5.823410987854004,19.815710067749023,9.781203269958496
2000-08-03,91.67787170410156,5.6334428787231445,7.493313312530518,12.978645324707031,18.114879608154297,19.126937866210938,13.45388412475586,5.832907199859619,19.920673370361328,9.734848022460938
2000-08-04,92.16980743408203,5.581079959869385,7.52466344833374,13.480446815490723,18.34044647216797,19.126937866210938,13.353973388671875,5.8012566566467285,20.329998016357422,9.694287300109863
2000-08-07,93.27174377441406,5.6901702880859375,7.6226420402526855,13.518472671508789,18.8798770904541,19.52178382873535,13.187468528747559,5.9151930809021,20.17255973815918,9.955044746398926
2000-08-08,93.6259536743164,5.829804420471191,7.638318061828613,13.518472671508789,19.04660415649414,19.5566349029541,13.245743751525879,5.7601118087768555,20.23554801940918,10.250566482543945
2000-08-09,92.8388442993164,5.834171295166016,7.775489807128906,13.427227973937988,19.213336944580078,19.626312255859375,12.70458984375,5.668332099914551,20.046619415283203,10.070934295654297
2000-08-10,92.38623046875,5.746897220611572,7.846031665802002,13.35120677947998,19.164310455322266,19.20823860168457,12.929374694824219,5.668332099914551,20.088594436645508,9.781203269958496
2000-08-11,92.81915283203125,5.864712715148926,7.838191032409668,13.556492805480957,19.380075454711914,19.277912139892578,13.020956039428711,5.731626510620117,20.214548110961914,9.920269966125488
2000-08-14,93.99983215332031,5.864712715148926,7.947926044464111,13.731363296508789,19.57622718811035,19.67276382446289,13.062582015991211,5.766439914703369,20.445446014404297,10.047750473022461
2000-08-15,93.92108917236328,5.89962100982666,7.916573524475098,13.480446815490723,19.33104133605957,19.719221115112305,13.037607192993164,5.804419040679932,20.34050178527832,9.75802230834961
2000-08-16,93.58657836914062,5.89962100982666,8.026311874389648,13.32078742980957,19.242759704589844,19.742443084716797,13.170819282531738,5.722132682800293,20.046619415283203,9.566805839538574
2000-08-17,94.57042694091797,5.912713527679443,8.21442699432373,13.49566650390625,19.340839385986328,20.11406707763672,13.0958890914917,5.646175861358643,20.23554801940918,9.572601318359375
2000-08-18,94.25563049316406,5.807987689971924,8.120372772216797,13.396825790405273,19.281991958618164,20.137300491333008,12.937697410583496,5.677827835083008,20.23554801940918,9.700077056884766
2000-08-21,94.76725769042969,5.777439117431641,8.151719093322754,13.503259658813477,19.556610107421875,20.230188369750977,13.070900917053223,5.715802192687988,20.298513412475586,9.468297958374023
2000-08-22,94.60985565185547,5.720714092254639,8.128207206726074,13.647727966308594,19.517379760742188,20.230188369750977,13.020956039428711,5.646175861358643,20.046619415283203,9.653721809387207
2000-08-23,94.98369598388672,5.694533824920654,8.33984088897705,13.472858428955078,19.419300079345703,20.4276180267334,13.104216575622559,5.690485000610352,20.067611694335938,9.595776557922363
2000-08-24,95.27880096435547,5.703261852264404,8.159560203552246,13.450041770935059,19.62527084350586,20.619243621826172,13.020956039428711,5.677827835083008,20.01513671875,9.595776557922363
2000-08-25,95.2395248413086,5.672713756561279,8.183073043823242,13.267572402954102,19.713533401489258,20.549564361572266,13.070900917053223,5.6714959144592285,20.350988388061523,9.682694435119629
2000-08-28,95.56421661376953,5.663986682891846,8.21442699432373,13.518472671508789,19.97833824157715,20.717947006225586,13.029284477233887,5.772772789001465,20.151578903198242,9.52624225616455
2000-08-29,95.58387756347656,5.585440635681152,8.222267150878906,13.381610870361328,19.850845336914062,20.741182327270508,12.82947063446045,5.722132682800293,20.246034622192383,9.485681533813477
2000-08-30,94.6688461303711,5.598532199859619,8.151719093322754,13.503259658813477,19.664499282836914,20.601825714111328,12.771194458007812,5.779102325439453,20.38248634338379,9.375587463378906
2000-08-31,95.92826843261719,5.659623146057129,8.120372772216797,13.85301685333252,19.811613082885742,21.008289337158203,12.796172142028809,5.823410987854004,20.256528854370117,9.2423095703125
2000-09-01,96.02660369873047,5.602898120880127,8.20267105102539,13.624914169311523,19.9881534576416,21.019895553588867,12.721243858337402,5.893036842346191,20.23554801940918,9.42773723602295
2000-09-05,95.25916290283203,5.7163519859313965,8.20267105102539,13.792191505432129,19.9881534576416,20.543758392333984,12.67961597442627,5.9151930809021,19.83670425415039,9.52624225616455
2000-09-06,94.17692565917969,5.812349796295166,8.382946014404297,13.898633003234863,20.086225509643555,20.02115821838379,12.521430969238281,5.9879865646362305,19.752744674682617,9.665314674377441
2000-09-07,94.98369598388672,5.533077239990234,8.343756675720215,13.784586906433105,19.96852684020996,20.34633445739746,12.63798713684082,5.9879865646362305,19.595308303833008,9.584189414978027
2000-09-08,94.33430480957031,5.437079429626465,8.245782852172852,14.09631061553955,19.733158111572266,19.695985794067383,12.629671096801758,6.1778788566589355,19.605802536010742,9.763816833496094
2000-09-11,94.19660186767578,5.402169227600098,8.508359909057617,14.377633094787598,19.63507652282715,19.185009002685547,12.687941551208496,6.320302486419678,19.679275512695312,9.943452835083008
2000-09-12,93.50789642333984,5.367259502410889,8.496598243713379,14.354825019836426,19.57622718811035,18.906288146972656,12.787847518920898,6.30447244644165,19.668777465820312,9.943452835083008
2000-09-13,93.75386810302734,5.341078281402588,8.355515480041504,14.263581275939941,19.63507652282715,19.092105865478516,12.787847518920898,6.260167598724365,19.878686904907227,9.943452835083008
2000-09-14,94.22611236572266,5.2450785636901855,8.331998825073242,14.210366249084473,19.615459442138672,19.196611404418945,12.654644012451172,6.1778788566589355,19.668777465820312,9.88550853729248
2000-09-15,92.1646499633789,5.161857604980469,8.549083709716797,13.978772163391113,19.118234634399414,18.865650177001953,12.63591194152832,6.235524654388428,19.58481788635254,9.799674987792969
2000-09-18,91.31641387939453,5.14430046081543,8.564827919006348,13.513578414916992,18.901872634887695,18.441757202148438,12.652634620666504,6.197228908538818,19.553321838378906,9.60216999053955
2000-09-19,92.14488983154297,5.003841400146484,8.336533546447754,13.803364753723145,18.685518264770508,19.161787033081055,12.669343948364258,6.095112323760986,19.427377700805664,9.439521789550781
2000-09-20,91.4643325805664,4.9423909187316895,8.171221733093262,13.605090141296387,18.783863067626953,19.23146629333496,12.569064140319824,5.98661470413208,19.049535751342773,9.253637313842773
2000-09-21,90.07356262207031,4.924831867218018,8.108241081237793,13.45256519317627,18.84285545349121,18.83661651611328,12.903345108032227,6.031289100646973,19.22796630859375,9.59636402130127
2000-09-22,91.71089172363281,4.916055202484131,8.057074546813965,13.711861610412598,18.705184936523438,18.302410125732422,13.337919235229492,6.184465408325195,19.060033798217773,9.53245735168457
2000-09-25,91.0599136352539,4.902886390686035,7.935061931610107,13.933012962341309,19.25591278076172,17.919174194335938,13.220917701721191,6.22913932800293,19.34342384338379,9.387238502502441
2000-09-26,89.89604949951172,4.854605197906494,8.12398624420166,13.84150505065918,19.275571823120117,17.541738510131836,13.10391616821289,6.318493366241455,19.34342384338379,9.178115844726562
2000-09-27,90.36946868896484,4.832657814025879,8.27749252319336,13.84912109375,19.118234634399414,17.419801712036133,13.11227035522461,6.29296350479126,19.018056869506836,9.265250205993652
2000-09-28,91.53337097167969,4.977506160736084,8.246004104614258,14.199931144714355,19.373924255371094,18.023693084716797,13.312844276428223,6.497199058532715,19.57431411743164,9.410477638244629
2000-09-29,90.6654052734375,5.104796886444092,8.25387191772461,14.154173851013184,19.236242294311523,17.233993530273438,13.362990379333496,6.592937469482422,19.521833419799805,9.253637313842773
2000-10-02,90.8034439086914,4.986281394958496,8.423126220703125,14.352458000183105,19.039546966552734,17.106246948242188,13.337919235229492,6.631227016448975,19.77373695373535,9.108406066894531
2000-10-03,89.95523834228516,5.262811660766602,8.419188499450684,14.337201118469238,19.41326141357422,16.65333366394043,13.337919235229492,6.5482563972473145,19.84720230102539,9.178115844726562
2000-10-04,90.7048110961914,5.311093807220459,8.171221733093262,14.154173851013184,19.550947189331055,17.100444793701172,13.229275703430176,6.5482563972473145,20.004640579223633,9.340766906738281
2000-10-05,91.02050018310547,5.258421897888184,8.159416198730469,14.291451454162598,19.570615768432617,16.8565616607666,13.538482666015625,6.605696678161621,20.18306541442871,9.218779563903809
2000-10-06,89.04776763916016,5.214529991149902,8.12398624420166,13.69660472869873,19.039546966552734,16.508167266845703,13.463273048400879,6.573784351348877,19.710758209228516,8.928335189819336
2000-10-09,88.3770523071289,5.227699279785156,8.249945640563965,13.483074188232422,19.15757179260254,16.415267944335938,13.404769897460938,6.573784351348877,19.58481788635254,8.986427307128906
2000-10-10,86.91726684570312,5.254034519195557,8.434934616088867,13.094130516052246,18.901872634887695,15.933313369750977,13.596985816955566,6.5610222816467285,19.605802536010742,8.992231369018555
2000-10-11,86.18734741210938,5.113574981689453,8.513654708862305,13.117018699645996,18.56749725341797,15.422330856323242,13.5802640914917,6.458902835845947,19.11250877380371,8.736638069152832
2000-10-12,84.03710174560547,5.021397590637207,8.64354419708252,12.354392051696777,18.14461326599121,14.88812255859375,13.663839340209961,6.369551658630371,18.472278594970703,8.126701354980469
2000-10-13,86.8383560180664,4.907275676727295,8.31291675567627,12.994994163513184,18.705184936523438,16.142343521118164,13.496692657470703,6.4652862548828125,18.818634033203125,8.295159339904785
2000-10-16,87.23287200927734,4.902886390686035,8.234196662902832,13.109381675720215,18.960886001586914,15.886857986450195,13.688911437988281,6.503580093383789,18.64021110534668,8.440381050109863
2000-10-17,85.06290435791016,4.858994960784912,8.238133430480957,12.750957489013672,18.44948387145996,15.468789100646973,13.805908203125,6.589743614196777,17.71659278869629,8.208025932312012
2000-10-18,84.74729919433594,4.916055202484131,8.127921104431152,12.606063842773438,18.115116119384766,15.224912643432617,13.7975492477417,6.535492897033691,18.010467529296875,8.364864349365234
2000-10-19,87.94304656982422,4.907275676727295,8.167283058166504,13.200899124145508,18.429821014404297,16.577842712402344,13.54683780670166,6.503580093383789,18.22039222717285,8.70759105682373
2000-10-20,88.31787872314453,4.84143590927124,8.328660011291504,13.254291534423828,18.52816390991211,16.827533721923828,13.63876724243164,6.468478679656982,18.59822654724121,8.55075454711914
2000-10-23,88.7124252319336,4.876547813415527,8.19483470916748,13.033129692077637,18.744518280029297,16.723007202148438,13.780844688415527,6.605696678161621,18.871105194091797,8.60302734375
2000-10-24,88.12060546875,5.074069499969482,8.057074546813965,13.361051559448242,19.039546966552734,16.397838592529297,13.822622299194336,6.576976299285889,18.913087844848633,8.608843803405762
2000-10-25,86.04925537109375,5.038954257965088,7.860273838043213,13.437315940856934,18.685518264770508,15.242325782775879,14.148555755615234,6.535492897033691,18.577228546142578,8.481043815612793
2000-10-26,86.28599548339844,5.1267409324646,7.895695686340332,13.002622604370117,18.783863067626953,15.608137130737305,14.17362117767334,6.513156890869141,18.83962631225586,8.45200252532959
2000-10-27,87.9233169555664,5.109182834625244,7.840592384338379,13.429688453674316,18.774011611938477,15.741690635681152,14.01484203338623,6.663138389587402,19.0075626373291,8.533326148986816
2000-10-30,88.7124252319336,5.513005256652832,7.9744181632995605,13.917757034301758,18.980546951293945,15.526851654052734,14.340765953063965,6.9216227531433105,19.374887466430664,8.748252868652344
2000-10-31,90.24128723144531,5.55250883102417,8.029522895812988,14.032157897949219,19.668956756591797,16.246871948242188,14.290617942810059,6.9758734703063965,19.815710067749023,9.137454986572266
2000-11-01,89.93547058105469,5.5086164474487305,8.289300918579102,13.971142768859863,19.688627243041992,15.933313369750977,14.273907661437988,6.93438720703125,19.952157974243164,9.212969779968262
2000-11-02,90.08342742919922,5.469111442565918,7.998034954071045,14.039782524108887,19.6492919921875,16.345584869384766,14.165261268615723,6.9375786781311035,20.13058090209961,9.294296264648438
2000-11-03,90.1327896118164,5.477888107299805,7.966545104980469,14.001646995544434,19.49193572998047,16.46751594543457,14.090060234069824,6.905667304992676,20.057117462158203,9.160693168640137
2000-11-06,90.7640151977539,5.482276916503906,7.998034954071045,14.192300796508789,19.668956756591797,16.21202278137207,14.357481956481934,6.873751640319824,20.19355583190918,9.282675743103027
2000-11-07,90.7442855834961,5.548118591308594,8.061010360717773,14.1465482711792,19.747634887695312,16.328166961669922,14.215411186218262,6.88332986831665,20.277523040771484,9.18973445892334
2000-11-08,88.73217010498047,5.609569072723389,8.139730453491211,13.894882202148438,19.619775772094727,15.468789100646973,14.541332244873047,6.918431758880615,20.10958480834961,9.294296264648438
2000-11-09,88.39678955078125,5.5305609703063965,8.053138732910156,13.994030952453613,19.747634887695312,15.242325782775879,14.558051109313965,6.956726551055908,19.18598175048828,8.934142112731934
2000-11-10,86.24654388427734,5.4515533447265625,8.076751708984375,13.84150505065918,19.295242309570312,14.400370597839355,14.633264541625977,6.969491004943848,19.11250877380371,8.521710395812988
2000-11-13,85.57582092285156,5.4735002517700195,8.013778686523438,13.513578414916992,18.941213607788086,14.353914260864258,14.198698997497559,7.001401424407959,18.703187942504883,8.759875297546387
2000-11-14,87.82470703125,5.517393112182617,8.061010360717773,13.589841842651367,19.314922332763672,15.132007598876953,14.374195098876953,6.8801350593566895,19.15448760986328,9.021275520324707
2000-11-15,88.10092163085938,5.548118591308594,8.218451499938965,13.483074188232422,19.3542537689209,15.236530303955078,14.407615661621094,6.873751640319824,19.248947143554688,9.108406066894531
2000-11-16,86.71997833251953,5.3813252449035645,8.249945640563965,13.437315940856934,19.452604293823242,14.74876594543457,14.441052436828613,6.953537464141846,19.018056869506836,9.009663581848145
2000-11-17,86.25643920898438,5.376937389373779,8.18303108215332,13.330546379089355,19.373924255371094,14.86490249633789,14.441052436828613,6.8482232093811035,18.89209747314453,9.003846168518066
2000-11-20,85.02342224121094,5.315485954284668,8.143668174743652,12.933991432189941,19.098546981811523,14.26101303100586,14.399259567260742,6.915238857269287,18.78714370727539,8.783105850219727
2000-11-21,85.45745849609375,5.271590709686279,8.328660011291504,12.96449089050293,19.33458137512207,14.330698013305664,14.641624450683594,6.8482232093811035,18.34632682800293,8.713403701782227
2000-11-22,83.41573333740234,5.267200469970703,8.19483470916748,12.651813507080078,19.01987648010254,13.80809211730957,14.591472625732422,6.899283409118652,18.16790199279785,8.620455741882324
2000-11-24,85.1220932006836,5.337430953979492,8.31291675567627,12.74333381652832,19.33458137512207,14.353914260864258,14.441052436828613,6.8865227699279785,18.251873016357422,8.678543090820312
2000-11-27,85.87174224853516,5.337430953979492,8.246004104614258,12.918730735778809,19.373924255371094,14.272624969482422,14.733548164367676,6.838650703430176,18.367321014404297,8.992231369018555
2000-11-28,84.3922119140625,5.34621000289917,8.238133430480957,13.056004524230957,19.12806510925293,13.69777774810791,14.892335891723633,6.9375786781311035,18.13640785217285,8.957378387451172
2000-11-29,84.23442077636719,5.469111442565918,7.876016616821289,13.376302719116211,19.285419464111328,13.63389778137207,15.042757034301758,6.982254505157471,18.17840576171875,9.085174560546875
2000-11-30,83.50450897216797,5.41204833984375,7.608366012573242,13.315293312072754,19.000215530395508,12.9138822555542,14.78369426727295,6.972679138183594,18.010467529296875,8.910904884338379
2000-12-01,83.46504211425781,5.592010498046875,7.777617454528809,13.239036560058594,19.167400360107422,13.082271575927734,14.566405296325684,6.838650703430176,18.13640785217285,8.922523498535156
2000-12-04,84.17521667480469,5.8904876708984375,7.911440372467041,13.178020477294922,19.688627243041992,13.006784439086914,14.842184066772461,6.912048816680908,18.146907806396484,9.259439468383789
2000-12-05,86.93699645996094,5.9343791007995605,7.746127128601074,13.727100372314453,20.40653419494629,14.237783432006836,14.72518539428711,6.956726551055908,18.619224548339844,9.480180740356445
2000-12-06,85.54624938964844,5.802700042724609,7.683155059814453,13.666097640991211,20.00333595275879,13.842938423156738,14.441052436828613,6.982254505157471,18.818634033203125,9.42209243774414
2000-12-07,84.37248992919922,5.627127170562744,7.809106826782227,13.69660472869873,19.94432830810547,13.384215354919434,14.649979591369629,6.979064464569092,18.503765106201172,9.294296264648438
2000-12-08,84.5697250366211,5.723692893981934,7.8051676750183105,14.093157768249512,20.288524627685547,14.00551986694336,14.591472625732422,6.809933185577393,18.90260124206543,9.393046379089355
2000-12-11,87.50908660888672,5.723692893981934,7.828786849975586,14.207561492919922,20.51473045349121,14.533919334411621,14.390911102294922,6.829079627990723,19.102008819580078,9.27686595916748
2000-12-12,87.13419342041016,5.697354793548584,7.919314384460449,14.039782524108887,20.209856033325195,14.237783432006836,14.449414253234863,6.8482232093811035,19.144006729125977,9.294296264648438
2000-12-13,85.94073486328125,5.741250514984131,7.935061931610107,14.047409057617188,19.855810165405273,13.63389778137207,14.775337219238281,7.017354488372803,19.248947143554688,9.108406066894531
2000-12-14,84.84590148925781,5.688578128814697,7.691022872924805,13.643221855163574,19.432933807373047,13.424857139587402,14.666690826416016,6.9758734703063965,19.081024169921875,9.079363822937012
2000-12-15,82.92955017089844,5.609569072723389,7.781128406524658,13.586517333984375,19.118810653686523,12.890653610229492,14.600641250610352,6.915558815002441,18.59822654724121,8.840044021606445
2000-12-18,84.03768157958984,5.692654609680176,8.021947860717773,13.984542846679688,19.474327087402344,12.635162353515625,14.68446159362793,6.903435230255127,18.49660873413086,9.032220840454102
2000-12-19,82.32601165771484,5.872802734375,8.160118103027344,13.831450462341309,19.138566970825195,12.263538360595703,14.826948165893555,6.663821697235107,18.517601013183594,8.81674861907959
2000-12-20,79.94161224365234,5.652121067047119,7.91929817199707,13.701327323913574,18.506549835205078,11.346099853515625,14.860469818115234,6.602302074432373,17.67780303955078,8.711922645568848
2000-12-21,80.49566650390625,5.854784965515137,7.978518009185791,14.022815704345703,18.615163803100586,11.380939483642578,14.810186386108398,6.5634446144104,17.803781509399414,8.979806900024414
2000-12-22,82.90975952148438,6.156533241271973,8.085110664367676,14.13763427734375,19.05955696105957,12.164834976196289,14.751505851745605,6.667062759399414,18.10820770263672,9.131211280822754
2000-12-26,83.80018615722656,6.138514518737793,8.42462158203125,14.390228271484375,19.276817321777344,11.96159839630127,15.044862747192383,6.854869365692139,18.139686584472656,8.956513404846191
2000-12-27,84.4135971069336,6.237600326538086,8.416726112365723,14.482076644897461,19.592838287353516,12.07773208618164,15.145442008972168,6.854869365692139,18.202682495117188,9.387451171875
2000-12-28,84.67081451416016,6.296142578125,8.554895401000977,14.627516746520996,19.87922477722168,12.019664764404297,15.371757507324219,6.799817085266113,18.517601013183594,9.503917694091797
2000-12-29,83.06803131103516,6.174548625946045,8.38514518737793,14.45145320892334,19.75084114074707,11.636430740356445,15.321453094482422,6.877531051635742,18.307653427124023,9.538861274719238
2001-01-02,81.56420135498047,6.052947044372559,8.404882431030273,14.045772552490234,18.871923446655273,10.962861061096191,15.120301246643066,6.773914337158203,17.562334060668945,9.521388053894043
2001-01-03,85.48213195800781,6.088977336883545,8.148275375366211,14.803564071655273,19.691593170166016,12.728071212768555,14.424637794494629,6.631443500518799,18.947999954223633,10.27262020111084
2001-01-04,84.56199645996094,6.291644096374512,7.895614147186279,14.543307304382324,19.849592208862305,12.855818748474121,13.854683876037598,6.527827739715576,19.50437355041504,10.418209075927734
2001-01-05,81.80165100097656,6.16103458404541,8.065369606018066,14.237138748168945,19.276817321777344,12.07773208618164,13.946893692016602,6.463066577911377,18.97950553894043,10.074623107910156
2001-01-08,82.43485260009766,6.17905330657959,8.037736892700195,14.091703414916992,19.118810653686523,12.042887687683105,14.039072036743164,6.560208797454834,18.706560134887695,9.940686225891113
2001-01-09,82.21719360351562,5.926844120025635,7.875875473022461,13.854416847229004,19.178062438964844,12.3099946975708,14.189952850341797,6.589348793029785,18.937511444091797,9.859155654907227
2001-01-10,83.66166687011719,5.980893135070801,7.927196025848389,14.084046363830566,19.3558292388916,12.681615829467773,14.106131553649902,6.573158264160156,19.084470748901367,9.923212051391602
2001-01-11,83.74081420898438,5.818757057189941,8.014049530029297,14.114670753479004,19.592838287353516,13.215825080871582,13.829543113708496,6.420973777770996,19.51487159729004,10.010564804077148
2001-01-12,83.58251953125,5.683645248413086,7.96272611618042,13.84676456451416,19.533584594726562,13.018403053283691,13.812772750854492,6.469541072845459,19.777307510375977,10.004745483398438
2001-01-16,84.1167984008789,5.872802734375,7.958779335021973,14.091703414916992,19.72121810913086,12.86743450164795,14.005556106567383,6.365926742553711,19.987258911132812,10.237683296203613
2001-01-17,84.5026626586914,5.841273784637451,7.91929817199707,14.114670753479004,19.691593170166016,13.262274742126465,13.846306800842285,6.382114410400391,20.134218215942383,10.097917556762695
2001-01-18,85.34361267089844,5.809746265411377,7.769283771514893,13.908001899719238,19.81997299194336,13.959070205688477,13.95527172088623,6.495446681976318,20.07123565673828,9.94650650024414
2001-01-19,84.85881805419922,5.647616863250732,7.733752727508545,13.808493614196777,19.61258888244629,14.15068531036377,13.846306800842285,6.476018905639648,19.577852249145508,9.550504684448242
2001-01-22,85.42279052734375,5.692654609680176,7.816656112670898,14.053431510925293,19.57308006286621,13.889392852783203,13.930126190185547,6.463066577911377,19.441381454467773,9.911561012268066
2001-01-23,86.09557342529297,5.710668087005615,7.939037799835205,14.191205024719238,19.829849243164062,14.12165641784668,14.022322654724121,6.456591606140137,19.892776489257812,10.028032302856445
2001-01-24,86.35281372070312,5.733185768127441,7.931142330169678,14.275405883789062,19.72121810913086,14.295853614807129,13.972028732299805,6.466307640075684,19.703826904296875,10.039680480957031
2001-01-25,86.13512420654297,5.809746265411377,8.168012619018555,14.405535697937012,19.71134376525879,13.796480178833008,14.265378952026367,6.5116400718688965,19.672334671020508,10.196916580200195
2001-01-26,86.03616333007812,5.751201152801514,8.029840469360352,14.459115028381348,19.385454177856445,13.889392852783203,14.122900009155273,6.450118064880371,19.472875595092773,10.086265563964844
2001-01-29,86.49523162841797,5.733005523681641,7.96382999420166,14.471054077148438,19.4664306640625,14.181108474731445,14.005895614624023,6.550624847412109,19.79241943359375,10.286596298217773
2001-01-30,87.2551040649414,5.949182510375977,8.032051086425781,14.598423957824707,19.782438278198242,14.214556694030762,14.16681957244873,6.550624847412109,19.75210189819336,10.316417694091797
2001-01-31,86.76119232177734,6.009711742401123,8.117955207824707,14.417167663574219,19.826684951782227,13.861520767211914,14.204361915588379,6.49052619934082,19.63117218017578,10.648114204406738
2001-02-01,87.3374252319336,6.041416645050049,8.014361381530762,14.43676471710205,19.56755256652832,13.854084968566895,14.327737808227539,6.569272518157959,19.893205642700195,10.633208274841309
2001-02-02,85.35549926757812,6.021240234375,8.148275375366211,14.475957870483398,19.504352569580078,13.24462604522705,14.418938636779785,6.496742248535156,19.658044815063477,10.4319486618042
2001-02-05,85.98235321044922,6.076006889343262,8.312500953674316,14.57392692565918,19.599163055419922,13.162870407104492,14.408203125,6.544407367706299,19.644607543945312,10.372314453125
2001-02-06,85.72908782958984,6.0241265296936035,8.36556339263916,14.289799690246582,19.6939640045166,13.240909576416016,14.472572326660156,6.5837788581848145,19.66478157043457,10.383501052856445
2001-02-07,85.28584289550781,6.0241265296936035,8.388298034667969,14.255511283874512,19.523313522338867,12.89901351928711,14.499395370483398,6.585855484008789,19.852882385253906,10.405858993530273
2001-02-08,84.29167938232422,5.943415641784668,8.433778762817383,14.216322898864746,19.498031616210938,12.709486961364746,14.456478118896484,6.6438751220703125,19.97382354736328,10.100244522094727
2001-02-09,83.481201171875,5.937653541564941,8.570210456848145,14.27509880065918,19.03665542602539,12.122323989868164,14.574495315551758,6.635588645935059,19.651334762573242,9.969794273376465
2001-02-12,84.43733215332031,5.937653541564941,8.456520080566406,14.475957870483398,19.257858276367188,12.226383209228516,14.697874069213867,6.6418046951293945,19.812578201293945,10.2493257522583
2001-02-13,83.74716186523438,5.920360565185547,8.438838005065918,14.392679214477539,19.460105895996094,12.018269538879395,14.499395370483398,6.697758674621582,19.832735061645508,10.387222290039062
2001-02-14,83.62055206298828,5.854062557220459,8.378193855285645,14.226125717163086,19.257858276367188,12.30070686340332,14.365289688110352,6.585855484008789,19.617738723754883,10.286596298217773
2001-02-15,84.4310302734375,6.078889846801758,8.269552230834961,14.226125717163086,19.586517333984375,12.672327995300293,14.236557006835938,6.596214294433594,19.698362350463867,10.282870292663574
2001-02-16,82.56938171386719,5.943415641784668,8.342820167541504,14.231019973754883,19.011367797851562,11.888199806213379,14.284822463989258,6.63351583480835,19.61103057861328,10.152421951293945
2001-02-20,81.29667663574219,5.923238754272461,8.294817924499512,13.706847190856934,19.08089256286621,11.249011993408203,14.354561805725098,6.6646013259887695,19.590871810913086,10.286596298217773
2001-02-21,79.54269409179688,5.822357654571533,8.239232063293457,13.300243377685547,18.8470401763916,10.962861061096191,14.31164836883545,6.585855484008789,19.490095138549805,9.843079566955566
2001-02-22,79.66303253173828,5.865593910217285,8.198811531066895,13.393320083618164,18.670072555541992,10.9814453125,14.204361915588379,6.656311511993408,19.12058448791504,9.69027042388916
2001-02-23,79.12476348876953,5.8367719650268555,8.09521484375,13.329634666442871,18.644792556762695,10.899687767028809,14.097077369689941,6.619012832641602,19.066835403442383,9.850529670715332
2001-02-26,80.80908966064453,6.052947044372559,8.183647155761719,13.623565673828125,19.017683029174805,11.074349403381348,14.231192588806152,6.6936116218566895,19.16761016845703,10.152421951293945
2001-02-27,80.06192016601562,6.061595439910889,8.133110046386719,13.770529747009277,18.973445892333984,10.650699615478516,14.241911888122559,6.701902866363525,19.51024627685547,10.100244522094727
2001-02-28,78.4852523803711,6.087536811828613,8.019414901733398,13.447208404541016,18.638469696044922,10.409148216247559,14.290194511413574,6.62522554397583,19.254947662353516,9.887803077697754
2001-03-01,78.89682006835938,6.093301773071289,8.110374450683594,13.461902618408203,18.505752563476562,10.702729225158691,14.156081199645996,6.552694320678711,19.187761306762695,9.727540016174316
2001-03-02,78.26995849609375,6.237417697906494,8.294817924499512,13.481497764587402,18.613191604614258,10.331103324890137,14.290194511413574,6.569272518157959,19.221359252929688,9.802082061767578
2001-03-05,78.98552703857422,6.349830150604248,8.340292930603027,13.412921905517578,18.8470401763916,10.554078102111816,14.236557006835938,6.556841850280762,19.113861083984375,9.697724342346191
2001-03-06,79.8340072631836,6.335415840148926,8.38325023651123,13.452113151550293,19.118810653686523,11.000024795532227,13.946893692016602,6.548550128936768,19.181055068969727,9.943707466125488
2001-03-07,80.40383911132812,6.522774696350098,8.562639236450195,13.73622989654541,19.34634017944336,11.014892578125,13.855690956115723,6.5174665451049805,19.268388748168945,10.189688682556152
2001-03-08,80.49249267578125,6.545827388763428,8.648540496826172,13.790121078491211,19.4664306640625,10.795631408691406,13.973701477050781,6.639734268188477,19.375877380371094,10.35368537902832
2001-03-09,78.1116714477539,6.491062641143799,8.608113288879395,13.471694946289062,19.05560874938965,10.089552879333496,14.059534072875977,6.52368688583374,19.20792007446289,10.2493257522583
2001-03-12,74.76837158203125,6.231652736663818,8.32260513305664,12.810362815856934,18.012758255004883,9.550699234008789,13.625030517578125,6.598287105560303,18.2471923828125,9.869168281555176
2001-03-13,75.99677276611328,6.179769515991211,8.22407054901123,13.153275489807129,18.03804588317871,10.026373863220215,13.555299758911133,6.444934368133545,18.25390625,9.824440956115723
2001-03-14,74.4961166381836,6.021240234375,8.10027027130127,12.545828819274902,17.658830642700195,9.781102180480957,13.222723007202148,6.223196506500244,17.90454864501953,9.6120023727417
2001-03-15,74.51508331298828,5.888655662536621,8.105321884155273,12.923035621643066,17.576663970947266,9.665904998779297,13.238819122314453,6.333028316497803,18.4352970123291,9.720084190368652
2001-03-16,73.02053833007812,5.863749980926514,7.970247745513916,12.754453659057617,17.119686126708984,9.454079627990723,13.078497886657715,6.281896591186523,18.19003677368164,9.523274421691895
2001-03-19,74.5062026977539,6.002742290496826,8.071619033813477,12.901900291442871,17.46194076538086,9.747657775878906,13.229134559631348,6.361203670501709,18.19003677368164,9.635313034057617
2001-03-20,72.5062484741211,6.037492275238037,8.142576217651367,12.543109893798828,17.107004165649414,9.279412269592285,12.91171932220459,6.269377708435059,17.807024002075195,9.65771484375
2001-03-21,71.27449035644531,5.849269390106201,7.909421920776367,12.179400444030762,16.663330078125,9.324010848999023,12.588923454284668,6.129547119140625,17.336637496948242,9.597965240478516
2001-03-22,70.55076599121094,5.663949012756348,7.67627477645874,11.864835739135742,16.213300704956055,9.751375198364258,12.459806442260742,6.05232572555542,16.95362091064453,9.299195289611816
2001-03-23,72.68399047851562,5.718967437744141,7.737092971801758,12.366161346435547,16.53656005859375,9.959482192993164,12.755697250366211,6.041892051696777,17.336637496948242,9.403767585754395
2001-03-26,73.6109848022461,5.776879787445068,7.838464736938477,12.56276798248291,16.834461212158203,9.829418182373047,12.92785930633545,6.242247104644775,17.639026641845703,9.568090438842773
2001-03-27,75.11569213867188,5.9216628074646,7.881545543670654,12.916643142700195,17.107004165649414,10.145293235778809,13.21837043762207,6.471811771392822,18.163158416748047,9.777229309082031
2001-03-28,73.03955841064453,5.904289245605469,7.767507076263428,12.847832679748535,16.796428680419922,9.39461612701416,13.256024360656738,6.334075450897217,17.786869049072266,9.616634368896484
2001-03-29,73.31895446777344,5.831897735595703,7.602774620056152,12.818345069885254,16.796428680419922,9.271979331970215,13.288300514221191,6.482247352600098,18.00860023498535,9.710005760192871
2001-03-30,74.08717346191406,5.782670497894287,7.78017520904541,13.044435501098633,16.85346794128418,9.216236114501953,13.299077987670898,6.5302510261535645,18.02204132080078,9.743616104125977
2001-04-02,72.5062484741211,5.814526557922363,7.635724067687988,13.103409767150879,16.733047485351562,8.993258476257324,13.121535301208496,6.551121711730957,17.80029296875,9.747349739074707
2001-04-03,70.08726501464844,5.695799827575684,7.425378799438477,12.6610689163208,16.035831451416016,8.391236305236816,12.87944221496582,6.519815921783447,17.403837203979492,9.418703079223633
2001-04-04,70.37931060791016,5.805834770202637,7.557161331176758,12.351420402526855,16.111894607543945,8.231438636779785,13.046218872070312,6.544858932495117,17.511354446411133,9.51953411102295
2001-04-05,73.04592895507812,5.996953010559082,7.7548346519470215,12.803603172302246,17.049957275390625,9.101035118103027,13.18071174621582,6.501031398773193,17.94812774658203,9.73241138458252
2001-04-06,71.93482208251953,5.927456378936768,7.764967918395996,12.518528938293457,16.70769691467285,8.677382469177246,13.137669563293457,6.37998628616333,17.86750030517578,9.702531814575195
2001-04-09,72.73478698730469,6.025910377502441,7.947436809539795,12.513615608215332,17.005584716796875,8.69968318939209,13.250638008117676,6.519815921783447,18.08924102783203,9.612908363342285
2001-04-10,74.06175231933594,6.289416313171387,8.084287643432617,12.877324104309082,17.50631332397461,9.283127784729004,13.234509468078613,6.655472278594971,18.445383071899414,9.710005760192871
2001-04-11,74.11258697509766,6.211231708526611,7.9398345947265625,12.985454559326172,17.30982780456543,9.621306419372559,12.981653213500977,6.565728664398193,18.223642349243164,9.601698875427246
2001-04-12,75.45855712890625,6.182275772094727,8.023466110229492,13.08375358581543,17.652095794677734,9.862863540649414,13.15380859375,6.561555862426758,18.210193634033203,9.4373779296875
2001-04-16,74.66493225097656,6.193854331970215,8.180586814880371,12.990367889404297,17.62041473388672,9.625021934509277,13.15380859375,6.665904521942139,18.33787727355957,9.48219108581543
2001-04-17,75.71887969970703,6.185171127319336,8.223675727844238,13.098499298095703,17.842247009277344,9.725359916687012,13.444320678710938,6.820348262786865,18.6536922454834,9.612908363342285
2001-04-18,78.72830200195312,6.442885875701904,8.180586814880371,13.648983001708984,18.609167098999023,10.60982608795166,13.315210342407227,6.678426742553711,19.399568557739258,10.202975273132324
2001-04-19,79.77590942382812,6.338642597198486,8.03867244720459,13.722699165344238,18.67255973815918,11.2787446975708,13.26141357421875,6.690952777862549,19.419723510742188,10.232851028442383
2001-04-20,79.04578399658203,6.32126522064209,8.124835968017578,13.486784934997559,18.62184715270996,11.148669242858887,13.116147994995117,6.611644268035889,19.473480224609375,10.124547004699707
2001-04-23,77.61090850830078,6.277830600738525,8.340249061584473,13.31967544555664,18.33662223815918,10.531780242919922,13.18071174621582,6.626254081726074,19.02326774597168,10.05732250213623
2001-04-24,77.19181823730469,6.306788444519043,8.355452537536621,13.250864028930664,18.152812957763672,10.368264198303223,12.938615798950195,6.657557487487793,19.0770320892334,9.881795883178711
2001-04-25,78.20133209228516,6.283623218536377,8.474560737609863,13.393397331237793,18.577476501464844,10.55036449432373,13.282923698425293,6.77443265914917,19.29878044128418,9.889266014099121
2001-04-26,78.550537109375,6.486320495605469,8.641824722290039,13.447465896606445,18.837350845336914,10.401711463928223,13.406661033630371,6.834956169128418,19.54068374633789,10.135747909545898
2001-04-27,79.85843658447266,6.492111682891846,8.583535194396973,13.737448692321777,18.97679328918457,10.542930603027344,13.481980323791504,6.8391265869140625,19.352527618408203,10.378503799438477
2001-04-30,80.41718292236328,6.399449348449707,8.583535194396973,13.51627254486084,18.78030776977539,10.706438064575195,13.55730152130127,6.8453898429870605,19.352527618408203,10.195509910583496
2001-05-01,80.66478729248047,6.471839427947998,8.52778148651123,13.629321098327637,18.951440811157227,10.962861061096191,13.707940101623535,6.910087585449219,19.65492057800293,10.307546615600586
2001-05-02,80.51876831054688,6.471839427947998,8.195799827575684,13.737448692321777,18.95778465270996,11.182120323181152,13.627237319946289,6.822432518005371,19.71538543701172,10.389702796936035
2001-05-03,79.49657440185547,6.460259914398193,8.155244827270508,13.742362976074219,18.678897857666016,10.825362205505371,13.55730152130127,6.734776496887207,19.332378387451172,10.270197868347168
2001-05-04,80.84890747070312,6.570295810699463,8.284496307373047,13.909473419189453,18.964113235473633,10.9814453125,13.675660133361816,6.803648948669434,19.392852783203125,10.363564491271973
2001-05-07,80.15049743652344,6.492111682891846,8.307302474975586,13.821006774902344,19.033836364746094,10.970296859741211,13.670278549194336,6.8391265869140625,19.439884185791016,10.285140991210938
2001-05-08,80.11239624023438,6.509487152099609,8.299696922302246,13.678472518920898,19.06553077697754,11.018604278564453,13.621856689453125,6.741038799285889,19.117340087890625,10.277668952941895
2001-05-09,79.77590942382812,6.573187828063965,8.44668960571289,13.663729667663574,18.95778465270996,10.86623764038086,13.691794395446777,6.751471519470215,19.238296508789062,10.120809555053711
2001-05-10,80.0108413696289,6.712182521820068,8.385862350463867,13.668646812438965,19.16694450378418,10.706438064575195,13.621856689453125,6.755649566650391,19.3659725189209,10.412111282348633
2001-05-11,79.45844268798828,6.578981876373291,8.304763793945312,13.540851593017578,19.071855545043945,10.591240882873535,13.546536445617676,6.75982141494751,19.460050582885742,10.456927299499512
2001-05-14,79.61719512939453,6.625307559967041,8.434017181396484,13.653900146484375,19.160600662231445,10.442595481872559,13.664894104003906,6.8495635986328125,19.372690200805664,10.430788040161133
2001-05-15,79.98541259765625,6.674540996551514,8.510043144226074,13.737448692321777,19.236663818359375,10.424010276794434,13.584202766418457,6.803648948669434,19.460050582885742,10.393436431884766
2001-05-16,81.87110137939453,7.022024631500244,8.581002235412598,14.10607624053955,19.857810974121094,10.847661018371582,13.998448371887207,6.949739933013916,19.997631072998047,10.520416259765625
2001-05-17,81.99807739257812,7.0944132804870605,8.608882904052734,14.032343864440918,20.18740463256836,10.910836219787598,14.068397521972656,6.9079999923706055,20.172332763671875,10.681002616882324
2001-05-18,82.37265014648438,7.059669017791748,8.788814544677734,13.953717231750488,20.25078773498535,10.959146499633789,13.993069648742676,6.949739933013916,20.226085662841797,10.673537254333496
2001-05-21,83.5853500366211,7.120473384857178,8.768535614013672,14.150306701660156,20.447275161743164,11.44597053527832,13.982317924499512,6.9747819900512695,20.535192489624023,10.793042182922363
2001-05-22,83.47740173339844,6.984379291534424,8.679841041564941,14.292852401733398,20.383882522583008,11.423672676086426,13.842435836791992,6.949739933013916,20.562061309814453,10.830389976501465
2001-05-23,82.06153869628906,6.865656852722168,8.548059463500977,14.233866691589355,20.073312759399414,11.1449556350708,13.718694686889648,6.947653293609619,20.2193660736084,10.636188507080078
2001-05-24,82.30284881591797,6.6774373054504395,8.532852172851562,14.28792953491211,20.047962188720703,11.230429649353027,13.777875900268555,6.928868770599365,20.467987060546875,10.598845481872559
2001-05-25,81.33140563964844,6.686124801635742,8.459352493286133,14.096245765686035,19.75006675720215,11.018604278564453,13.664894104003906,6.820348262786865,20.320154190063477,10.546558380126953
2001-05-29,80.68383026123047,6.7758917808532715,8.44668960571289,14.10607624053955,19.69935417175293,10.60610294342041,13.777875900268555,6.816171646118164,20.165607452392578,10.464396476745605
2001-05-30,79.55370330810547,6.636897087097168,8.413737297058105,13.988115310668945,19.300046920776367,10.17502212524414,13.853188514709473,6.786952018737793,20.09841537475586,10.273931503295898
2001-05-31,79.96639251708984,6.645586013793945,8.502437591552734,14.110992431640625,19.566242218017578,10.267929077148438,13.756359100341797,6.893388748168945,20.091690063476562,10.438254356384277
2001-06-01,80.46163177490234,6.70060396194458,8.46442699432373,14.086416244506836,19.509204864501953,10.442595481872559,13.939278602600098,6.834956169128418,20.031213760375977,10.40090560913086
2001-06-04,80.84890747070312,6.7758917808532715,8.578466415405273,14.199466705322266,19.63597297668457,10.420292854309082,13.960793495178223,6.8391265869140625,20.058094024658203,10.367295265197754
2001-06-05,81.77587890625,6.8540730476379395,8.603811264038086,14.263355255126953,19.845130920410156,10.832797050476074,14.10604476928711,6.738950729370117,20.246246337890625,10.490538597106934
2001-06-06,81.09652709960938,6.732451915740967,8.385862350463867,14.155224800109863,19.61695671081543,10.728743553161621,13.880094528198242,6.684689521789551,20.084976196289062,10.382238388061523
2001-06-07,81.38860321044922,6.810640811920166,8.287032127380371,14.061846733093262,19.705690383911133,11.03347396850586,13.976929664611816,6.628339767456055,20.199203491210938,10.460662841796875
2001-06-08,80.6330337524414,6.784574031829834,8.309835433959961,13.978288650512695,19.4648380279541,10.78819751739502,13.896238327026367,6.653380393981934,20.091690063476562,10.49800968170166
2001-06-11,80.06163024902344,6.689019680023193,8.332643508911133,13.845584869384766,19.1289119720459,10.60982608795166,13.702555656433105,6.715994358062744,19.99089241027832,10.341153144836426
2001-06-12,79.92195892333984,6.631105899810791,8.395997047424316,13.889813423156738,19.255672454833984,10.52806568145752,13.863957405090332,6.77443265914917,19.94386863708496,10.41957950592041
2001-06-13,79.2362289428711,6.654269695281982,8.355452537536621,13.776765823364258,19.18596076965332,10.290231704711914,13.756359100341797,6.6346025466918945,19.84978675842285,10.307546615600586
2001-06-14,77.45852661132812,6.486320495605469,8.185661315917969,13.53593921661377,19.059185028076172,9.922321319580078,13.745598793029785,6.438422203063965,19.480209350585938,10.199239730834961
2001-06-15,77.58328247070312,6.465670108795166,8.247015953063965,13.605496406555176,18.960725784301758,9.829418182373047,13.665179252624512,6.478151321411133,19.427766799926758,10.097810745239258
2001-06-18,77.20764923095703,6.4016804695129395,8.155356407165527,13.640028953552246,18.935325622558594,9.584144592285156,13.708352088928223,6.486556053161621,19.131982803344727,10.20634651184082
2001-06-19,77.54512786865234,6.416226863861084,8.147719383239746,13.763349533081055,18.738412857055664,9.621306419372559,13.751534461975098,6.511777400970459,19.18576431274414,10.240033149719238
2001-06-20,77.95259857177734,6.474395275115967,7.994948387145996,13.837356567382812,18.820993423461914,9.72164535522461,13.827093124389648,6.528594970703125,19.602554321289062,10.389741897583008
2001-06-21,78.83759307861328,6.442399978637695,7.875280380249023,14.394794464111328,18.903566360473633,9.903738021850586,13.945828437805176,6.358340740203857,19.82439422607422,10.576873779296875
2001-06-22,78.22002410888672,6.340603351593018,8.028051376342773,14.207329750061035,18.738412857055664,9.810832977294922,13.557233810424805,6.42980432510376,19.568946838378906,10.472086906433105
2001-06-25,77.50052642822266,6.267889022827148,7.933843612670898,14.09386920928955,18.490694046020508,9.952049255371094,13.487076759338379,6.354133605957031,19.615999221801758,10.337347030639648
2001-06-26,77.39230346679688,6.3260602951049805,7.98222017288208,13.916280746459961,18.541501998901367,10.007793426513672,13.487076759338379,6.448720455169678,19.313495635986328,10.19886302947998
2001-06-27,77.34772491455078,6.3842339515686035,7.791253566741943,13.921216011047363,18.503381729125977,10.030089378356934,13.384533882141113,6.463433742523193,19.62944221496582,10.1502103805542
2001-06-28,77.77433013916016,6.390048980712891,7.625755310058594,14.103736877441406,18.566909790039062,10.227055549621582,13.47088623046875,6.478151321411133,19.77733612060547,10.311148643493652
2001-06-29,78.06082916259766,6.416226863861084,7.727597713470459,14.010009765625,18.357295989990234,10.468606948852539,13.12009048461914,6.547511577606201,19.864730834960938,10.356057167053223
2001-07-02,79.0350112915039,6.483124256134033,7.707233905792236,14.18266487121582,18.624082565307617,10.461174964904785,13.422321319580078,6.566429138183594,20.005895614624023,10.457111358642578
2001-07-03,79.01591491699219,6.46276330947876,7.697049140930176,14.172800064086914,18.738412857055664,10.424010276794434,13.314374923706055,6.583247661590576,20.005895614624023,10.438403129577637
2001-07-05,77.47506713867188,6.436584949493408,7.765797138214111,14.083998680114746,18.592309951782227,10.089552879333496,13.233428001403809,6.637897968292236,19.770618438720703,10.22506332397461
2001-07-06,75.80052947998047,6.360963344573975,7.737787246704102,13.797883033752441,18.249313354492188,9.625021934509277,13.076910018920898,6.631589412689209,19.4008846282959,9.981786727905273
2001-07-09,76.21440124511719,6.419136047363281,7.628304481506348,13.84228801727295,18.30647850036621,9.747657775878906,13.276598930358887,6.692544460296631,19.293333053588867,10.052895545959473
2001-07-10,75.29752349853516,6.349327564239502,7.638487815856934,13.506839752197266,18.02699089050293,9.450358390808105,13.168657302856445,6.7030558586120605,19.293333053588867,10.007987022399902
2001-07-11,75.3738784790039,6.369690895080566,7.536639213562012,13.482168197631836,17.842784881591797,9.49866771697998,13.098495483398438,6.734582424163818,19.279882431030273,10.116523742675781
2001-07-12,77.16307830810547,6.506389617919922,7.526453971862793,13.718957901000977,18.274721145629883,10.130431175231934,13.017547607421875,6.665219783782959,19.468103408813477,10.554417610168457
2001-07-13,77.83162689208984,6.512207508087158,7.5544633865356445,13.881744384765625,18.420822143554688,10.160161018371582,13.1146879196167,6.648404121398926,19.602554321289062,10.726588249206543
2001-07-16,76.85746002197266,6.407500743865967,7.429701805114746,13.684416770935059,18.109561920166016,9.914887428283691,13.017547607421875,6.694648265838623,19.508432388305664,10.756528854370117
2001-07-17,77.57695770263672,6.381322860717773,7.3965983390808105,13.965607643127441,18.477981567382812,10.033809661865234,13.211837768554688,6.7051544189453125,19.642885208129883,10.816408157348633
2001-07-18,77.04846954345703,6.53838586807251,7.3176727294921875,13.886678695678711,18.5351505279541,9.651037216186523,13.589619636535645,6.635791778564453,19.447933197021484,10.823892593383789
2001-07-19,77.72337341308594,6.552928447723389,7.394054889678955,13.792948722839355,18.484338760375977,9.829418182373047,13.460091590881348,6.677832126617432,19.333656311035156,10.898750305175781
2001-07-20,77.25861358642578,6.5092973709106445,7.551914691925049,13.728821754455566,18.579605102539062,9.77367115020752,13.64358901977539,6.536999702453613,19.380718231201172,10.909978866577148
2001-07-23,75.73680114746094,6.381322860717773,7.465350151062012,13.654828071594238,18.37635040283203,9.535831451416016,13.32516860961914,6.358340740203857,19.004261016845703,10.707874298095703
2001-07-24,75.00460815429688,6.189359188079834,7.198002338409424,13.477232933044434,17.887245178222656,9.4094820022583,13.222630500793457,6.175470352172852,18.916873931884766,10.554417610168457
2001-07-25,75.83238220214844,6.320243835449219,7.5315470695495605,13.580831527709961,18.007917404174805,9.610159873962402,13.319780349731445,6.448720455169678,19.02443504333496,10.760271072387695
2001-07-26,76.62820434570312,6.285340309143066,7.684321403503418,13.689359664916992,18.1857852935791,9.792255401611328,13.32516860961914,6.471842288970947,19.5823917388916,10.77149772644043
2001-07-27,76.92111206054688,6.302791595458984,7.71996545791626,13.768291473388672,18.357295989990234,9.777384757995605,13.32516860961914,6.4676361083984375,19.609277725219727,10.741556167602539
2001-07-30,76.94659423828125,6.259165287017822,7.727597713470459,13.723886489868164,18.319181442260742,9.747657775878906,13.492473602294922,6.5412068367004395,19.609277725219727,10.812666893005371
2001-07-31,77.26492309570312,6.398772716522217,7.638487815856934,13.876811027526855,18.319181442260742,9.743942260742188,13.519468307495117,6.488656520843506,19.468103408813477,10.816408157348633
2001-08-01,77.74885559082031,6.369690895080566,7.610480785369873,13.936019897460938,18.420822143554688,10.004079818725586,13.519468307495117,6.564329624176025,19.447933197021484,10.805183410644531
2001-08-02,78.06720733642578,6.3260602951049805,7.6053876876831055,13.916280746459961,18.446218490600586,10.141578674316406,13.438506126403809,6.553818225860596,19.649608612060547,10.872551918029785
2001-08-03,77.640625,6.311518669128418,7.490808010101318,13.975475311279297,18.5351505279541,9.996642112731934,13.53565788269043,6.534901142120361,19.488285064697266,10.801445007324219
2001-08-06,76.5964126586914,6.320243835449219,7.480621814727783,13.773211479187012,18.134977340698242,9.874004364013672,13.465493202209473,6.408786773681641,19.360549926757812,10.606819152832031
2001-08-07,76.89564514160156,6.273706912994385,7.480621814727783,13.921216011047363,18.268367767333984,9.818265914916992,13.492473602294922,6.459230899810791,19.414321899414062,10.726588249206543
2001-08-08,75.46943664550781,6.218442916870117,7.327855587005615,13.640028953552246,18.103212356567383,9.502386093139648,13.438506126403809,6.331015586853027,19.279882431030273,10.591846466064453
2001-08-09,75.69225311279297,6.163185119628906,7.371138572692871,13.704157829284668,18.109561920166016,9.506103515625,13.481682777404785,6.341522693634033,19.192487716674805,10.554417610168457
2001-08-10,75.95333099365234,6.320243835449219,7.378776550292969,13.714025497436523,18.446218490600586,9.491236686706543,13.530250549316406,6.465538501739502,19.22610092163086,10.546941757202148
2001-08-13,75.9724349975586,6.340603351593018,7.414422988891602,13.699223518371582,18.274721145629883,9.528403282165527,13.648992538452148,6.394069194793701,19.374000549316406,10.427167892456055
2001-08-14,75.94056701660156,6.311518669128418,7.455160140991211,13.704157829284668,18.287425994873047,9.405763626098633,13.62740421295166,6.394069194793701,19.125263214111328,10.457111358642578
2001-08-15,75.28478240966797,6.346420764923096,7.567196846008301,13.649886131286621,18.249313354492188,9.193939208984375,13.600418090820312,6.3141984939575195,18.86309814453125,10.367283821105957
2001-08-16,75.54582214355469,6.276615142822266,7.523909091949463,13.61042308807373,18.24296760559082,9.242250442504883,13.73533821105957,6.383559703826904,18.957202911376953,10.445882797241211
2001-08-17,74.33609008789062,6.314427375793457,7.467892169952393,13.408171653747559,18.02064323425293,8.967248916625977,13.740740776062012,6.305789947509766,18.748802185058594,10.172663688659668
2001-08-20,75.02371978759766,6.320243835449219,7.414422988891602,13.541361808776855,18.007917404174805,9.02670955657959,13.724547386169434,6.356236457824707,18.889976501464844,10.299920082092285
2001-08-21,73.743896484375,6.349327564239502,7.409329891204834,13.373634338378906,17.982524871826172,8.762860298156738,13.848681449890137,6.358340740203857,18.997541427612305,10.045415878295898
2001-08-22,74.50796508789062,6.334786891937256,7.414422988891602,13.43283748626709,17.95077133178711,8.852046966552734,13.908049583435059,6.347828388214111,18.923585891723633,10.071616172790527
2001-08-23,74.24054718017578,6.3842339515686035,7.480621814727783,13.437772750854492,18.007917404174805,8.844615936279297,13.864874839782715,6.333114147186279,19.02443504333496,10.01921272277832
2001-08-24,75.78138732910156,6.4714884757995605,7.541738033294678,13.472296714782715,18.338233947753906,9.2756986618042,14.032175064086914,6.377254962921143,19.367263793945312,10.210088729858398
2001-08-27,75.3293228149414,6.483124256134033,7.5315470695495605,13.339102745056152,18.33188819885254,9.253402709960938,14.005193710327148,6.394069194793701,19.125263214111328,10.19886302947998
2001-08-28,74.22782897949219,6.422041416168213,7.4526190757751465,13.126984596252441,17.982524871826172,8.996976852416992,13.837883949279785,6.3646464347839355,18.856369018554688,10.112781524658203
2001-08-29,73.56565856933594,6.340603351593018,7.422062397003174,13.008585929870605,17.861827850341797,8.826031684875488,13.62740421295166,6.326808452606201,18.688310623168945,9.925644874572754
2001-08-30,72.15216064453125,6.317336082458496,7.315124034881592,12.919793128967285,17.531530380249023,8.484138488769531,13.68676471710205,6.253240585327148,18.305124282836914,9.723541259765625
2001-08-31,72.68061065673828,6.372596263885498,7.315124034881592,12.959258079528809,17.69033432006836,8.554752349853516,13.584222793579102,6.257445812225342,18.479907989501953,9.869505882263184
2001-09-04,72.2158432006836,6.372596263885498,7.358410835266113,12.904984474182129,17.525178909301758,8.368942260742188,13.600418090820312,6.322605609893799,18.399242401123047,9.921900749206543
2001-09-05,72.39411163330078,6.454035758972168,7.38387393951416,12.82606315612793,17.56965446472168,8.298330307006836,14.08614444732666,6.284770965576172,18.412700653076172,9.925644874572754
2001-09-06,70.52853393554688,6.294071197509766,7.332948684692383,12.530069351196289,17.264747619628906,7.904409885406494,13.65439224243164,6.236427307128906,17.874893188476562,9.566347122192383
2001-09-07,69.22325897216797,6.096286296844482,7.327855587005615,12.283415794372559,16.832813262939453,7.811502933502197,13.438506126403809,6.228018283843994,17.525331497192383,9.218277931213379
2001-09-10,70.07011413574219,5.9770379066467285,7.350769996643066,12.308085441589355,16.801055908203125,7.978734016418457,13.73533821105957,6.331015586853027,17.296764373779297,9.139679908752441
2001-09-17,66.40902709960938,5.534937381744385,7.200547695159912,11.7654447555542,15.2448091506958,7.469611167907715,13.724547386169434,6.274264335632324,15.8514404296875,8.290083885192871
2001-09-18,66.24984741210938,5.526213645935059,6.85172176361084,11.617453575134277,15.028841972351074,7.402719974517822,13.557233810424805,6.318404197692871,15.562390327453613,8.33874225616455
2001-09-19,64.9127197265625,5.438958644866943,6.604747295379639,11.533588409423828,14.654078483581543,7.33582878112793,13.384533882141113,6.270059108734131,15.306937217712402,8.147862434387207
2001-09-20,62.84978485107422,5.23245096206665,6.4188737869262695,11.025479316711426,13.8156099319458,7.016229629516602,13.1146879196167,6.349932670593262,14.72208309173584,7.867161750793457
2001-09-21,62.1717414855957,5.16427755355835,6.421695232391357,10.851567268371582,13.829002380371094,6.815555095672607,12.728663444519043,6.170101165771484,14.768484115600586,7.902072429656982
2001-09-24,64.35742950439453,5.4100542068481445,6.252701282501221,11.41643238067627,14.753908157348633,7.198328018188477,12.90190601348877,6.191285610198975,15.225802421569824,8.337531089782715
2001-09-25,65.02845001220703,5.42468786239624,6.183567047119141,11.599770545959473,14.849593162536621,7.265217304229736,12.966883659362793,6.284480094909668,15.11819839477539,8.360053062438965
2001-09-26,64.79842376708984,5.380798816680908,6.1400370597839355,11.713733673095703,14.588068008422852,7.019947528839111,13.188863754272461,6.134090900421143,15.259425163269043,8.386332511901855
2001-09-27,65.36083221435547,5.4393157958984375,6.38328742980957,11.90698528289795,14.747528076171875,6.964208126068115,13.448740005493164,6.0578413009643555,15.494805335998535,8.408858299255371
2001-09-28,66.74764251708984,5.617799282073975,6.611169815063477,12.2290620803833,15.098368644714355,7.153733253479004,13.567854881286621,6.197636604309082,15.804169654846191,8.622831344604492
2001-10-01,66.63902282714844,5.635354995727539,6.518990993499756,12.194378852844238,14.964414596557617,7.06082820892334,13.681550979614258,6.250589370727539,15.508256912231445,8.615326881408691
2001-10-02,67.47621154785156,5.658759593963623,6.6623759269714355,12.362850189208984,15.257834434509277,7.053390979766846,13.779001235961914,6.31837272644043,15.710006713867188,8.85557746887207
2001-10-03,68.60747528076172,5.7289862632751465,6.75455379486084,12.561054229736328,15.627796173095703,7.525357246398926,13.665313720703125,6.3861517906188965,16.295101165771484,9.167155265808105
2001-10-04,68.66497039794922,5.629500389099121,6.913304805755615,12.461952209472656,15.646929740905762,7.685150146484375,13.616575241088867,6.3226094245910645,16.248022079467773,8.97195053100586
2001-10-05,68.53076934814453,5.7289862632751465,6.964513778686523,12.120052337646484,15.634181022644043,7.68143892288208,13.762763023376465,6.335318088531494,16.073165893554688,9.047027587890625
2001-10-08,68.08338928222656,5.609019756317139,6.9773173332214355,11.847527503967285,15.449193000793457,7.733463764190674,13.73569393157959,6.394622802734375,15.952116012573242,8.863083839416504
2001-10-09,67.7191162109375,5.661688804626465,6.990119934082031,11.946623802185059,15.391780853271484,7.555085182189941,13.665313720703125,6.362853050231934,15.804169654846191,8.870593070983887
2001-10-10,69.22737884521484,5.8167619705200195,7.299937725067139,12.13492202758789,15.67244815826416,7.789205551147461,13.833147048950195,6.375560760498047,16.147146224975586,9.238480567932129
2001-10-11,70.30106353759766,6.0069475173950195,7.297377586364746,12.328168869018555,16.13808822631836,8.164546966552734,13.73569393157959,6.282367706298828,16.530485153198242,9.535046577453613
2001-10-12,69.98155212402344,5.910390853881836,7.248729705810547,12.13492202758789,15.985000610351562,8.145964622497559,13.724858283996582,6.2400007247924805,16.38252830505371,9.328574180603027
2001-10-15,69.85368347167969,5.913316249847412,7.1155829429626465,12.189416885375977,16.093433380126953,8.090222358703613,13.784419059753418,6.229409694671631,16.44305992126465,9.302294731140137
2001-10-16,70.29463195800781,5.963059425354004,7.200078010559082,12.387630462646484,16.055171966552734,8.175695419311523,13.7086181640625,6.276008605957031,16.604455947875977,9.396151542663574
2001-10-17,68.7991943359375,5.8489460945129395,7.1642327308654785,12.26374340057373,15.678821563720703,7.804068565368652,13.594919204711914,6.269657135009766,16.10679054260254,9.159649848937988
2001-10-18,68.65219116210938,5.840172290802002,6.8748955726623535,12.248885154724121,15.615042686462402,7.785489082336426,13.697792053222656,6.148923873901367,15.851239204406738,9.159649848937988
2001-10-19,68.60747528076172,5.767021179199219,6.9004998207092285,12.050677299499512,15.525740623474121,7.889542102813721,13.860214233398438,6.254827499389648,15.797441482543945,9.03200912475586
2001-10-22,69.96232604980469,5.901615142822266,6.984999179840088,12.343035697937012,15.851055145263672,8.075356483459473,13.995573997497559,6.1362128257751465,16.241300582885742,9.234724998474121
2001-10-23,69.60447692871094,5.977687835693359,6.959395408630371,12.372756958007812,15.768118858337402,8.08279037475586,13.816905975341797,5.979470252990723,16.342172622680664,9.253493309020996
2001-10-24,69.41912078857422,5.960136413574219,6.862098693847656,12.328168869018555,15.8446683883667,8.183125495910645,13.789831161499023,5.926519393920898,16.079898834228516,9.215953826904297
2001-10-25,70.66535186767578,5.948430061340332,7.036208629608154,12.491680145263672,16.093433380126953,8.380084037780762,13.919770240783691,5.966762065887451,16.17405128479004,9.302294731140137
2001-10-26,70.50560760498047,6.050837516784668,7.171912670135498,12.635380744934082,16.393239974975586,8.391236305236816,13.871040344238281,5.985825061798096,16.315271377563477,9.39990234375
2001-10-29,68.67137908935547,5.904542922973633,7.105340957641602,12.189416885375977,15.787267684936523,7.9898810386657715,13.784419059753418,5.975235939025879,15.89831829071045,9.0733060836792
2001-10-30,67.84691619873047,5.860653400421143,6.867216110229492,12.16464900970459,15.442814826965332,7.826369285583496,13.638232231140137,5.8862738609313965,15.676385879516602,8.900622367858887
2001-10-31,67.6168212890625,5.7699456214904785,6.87746000289917,12.055636405944824,15.366268157958984,7.934141635894775,13.481222152709961,5.871447563171387,15.88487434387207,9.077061653137207
2001-11-01,69.34883117675781,5.895760536193848,6.982437610626221,12.253839492797852,15.685206413269043,8.209137916564941,13.795248985290527,5.920164108276367,16.10679054260254,9.245986938476562
2001-11-02,69.82173919677734,5.98646879196167,6.792963981628418,12.318253517150879,15.927596092224121,8.220290184020996,13.773591995239258,5.9434614181518555,16.194223403930664,9.384882926940918
2001-11-05,70.73562622070312,6.009873867034912,6.751996040344238,12.585817337036133,16.16360855102539,8.472993850708008,13.800661087036133,6.0006513595581055,16.44305992126465,9.606369972229004
2001-11-06,71.83490753173828,6.1356892585754395,6.711026668548584,12.7394380569458,16.393239974975586,8.770293235778809,13.827731132507324,6.026069641113281,16.64481544494629,9.72274112701416
2001-11-07,71.73902893066406,6.132762432098389,6.739189624786377,12.788979530334473,16.354969024658203,8.733126640319824,13.843979835510254,5.947700023651123,16.55065155029297,9.655174255371094
2001-11-08,71.9627685546875,6.138616561889648,6.869773864746094,12.82862377166748,16.527193069458008,8.777722358703613,13.714031219482422,6.028189659118652,16.691879272460938,9.737756729125977
2001-11-09,72.03941345214844,6.156172752380371,7.002922058105469,12.744385719299316,16.46978759765625,8.74427604675293,13.746516227722168,6.066314220428467,16.59100914001465,9.685196876525879
2001-11-12,71.59848022460938,6.071319580078125,6.984999179840088,12.68492317199707,16.278427124023438,8.81116771697998,13.76817512512207,6.045132160186768,16.631362915039062,9.718985557556152
2001-11-13,73.20896911621094,6.235170364379883,7.041329383850098,13.026822090148926,16.680288314819336,9.123331069946289,13.76817512512207,6.040893077850342,17.11556625366211,9.966744422912598
2001-11-14,73.27928161621094,6.337578296661377,6.69822359085083,13.002054214477539,16.76321029663086,9.17164134979248,13.697792053222656,5.977354049682617,17.31732940673828,10.191985130310059
2001-11-15,73.41350555419922,6.363912105560303,6.360243320465088,12.922770500183105,16.846126556396484,9.115901947021484,13.779001235961914,5.966762065887451,17.519084930419922,10.191985130310059
2001-11-16,73.08755493164062,6.3960981369018555,6.478021621704102,12.858358383178711,16.980079650878906,9.086167335510254,13.903529167175293,6.030303001403809,17.519084930419922,10.079367637634277
2001-11-19,73.98866271972656,6.4633941650390625,6.4626593589782715,13.120978355407715,17.133159637451172,9.2756986618042,13.941425323486328,6.015480041503906,17.82171630859375,10.413467407226562
2001-11-20,73.36878967285156,6.4370598793029785,6.700786113739014,13.046639442443848,16.903545379638672,9.015562057495117,13.925180435180664,6.028189659118652,17.82171630859375,10.285834312438965
2001-11-21,72.88301849365234,6.393172264099121,6.613728046417236,12.932677268981934,16.935426712036133,8.926368713378906,14.103863716125488,5.983707427978516,17.646865844726562,10.188227653503418
2001-11-23,73.93116760253906,6.516058921813965,6.6751790046691895,13.130885124206543,17.13954734802246,9.063873291015625,14.147171974182129,5.977354049682617,17.720844268798828,10.304601669311523
2001-11-26,74.09092712402344,6.4370598793029785,6.5650811195373535,13.200247764587402,17.22246551513672,9.219950675964355,14.157999992370605,5.983707427978516,17.949495315551758,10.387187004089355
2001-11-27,73.77136993408203,6.486800670623779,6.570200443267822,13.229981422424316,17.10765266418457,9.190227508544922,14.00098991394043,5.903219699859619,17.88897132873535,10.199494361877441
2001-11-28,72.43565368652344,6.422432899475098,6.416569709777832,12.833578109741211,16.839752197265625,8.900359153747559,13.833147048950195,5.824848175048828,17.613231658935547,10.135672569274902
2001-11-29,73.41350555419922,6.419505596160889,6.526673793792725,12.97231388092041,16.935426712036133,9.13819694519043,14.098441123962402,5.822728157043457,17.65359115600586,10.206999778747559
2001-11-30,72.88941955566406,6.501431941986084,6.493386268615723,12.838532447814941,16.903545379638672,9.119616508483887,14.076780319213867,5.797314167022705,17.727571487426758,10.285834312438965
2001-12-03,72.45484161376953,6.343430519104004,6.580442905426025,12.66015625,16.7568302154541,8.989545822143555,14.071368217468262,5.807904243469238,17.74102020263672,10.135672569274902
2001-12-04,73.68192291259766,6.466319561004639,6.6726202964782715,12.833578109741211,16.9609375,9.271979331970215,14.076780319213867,5.873566150665283,17.969676971435547,10.360912322998047
2001-12-05,75.03040313720703,6.612617492675781,6.810887336730957,13.011959075927734,17.32453155517578,9.71792984008789,13.946850776672363,5.915929794311523,18.595108032226562,10.66873550415039
2001-12-06,74.99207305908203,6.627244472503662,6.608607292175293,13.180431365966797,17.5350284576416,9.691913604736328,13.914361953735352,5.860854148864746,18.662364959716797,10.548608779907227
2001-12-07,74.49357604980469,6.486800670623779,6.652133941650391,13.091239929199219,17.343669891357422,9.513538360595703,13.979329109191895,5.867208480834961,18.554759979248047,10.552366256713867
2001-12-10,73.1003189086914,6.37561559677124,6.559959888458252,12.88313102722168,17.075756072998047,9.305429458618164,13.7086181640625,5.826964378356934,18.131072998046875,10.413467407226562
2001-12-11,72.95335388183594,6.425355434417725,6.452416896820068,12.957454681396484,16.999216079711914,9.372323036193848,13.562435150146484,5.733767986297607,18.258852005004883,10.342144012451172
2001-12-12,73.03639221191406,6.37561559677124,6.467780590057373,12.90790843963623,17.082136154174805,9.4094820022583,13.58951187133789,5.797314167022705,18.178150177001953,10.360912322998047
2001-12-13,71.61762237548828,6.2234673500061035,6.362799644470215,12.704751014709473,16.9609375,9.075021743774414,13.454156875610352,5.790956020355225,17.78809356689453,10.244536399841309
2001-12-14,72.3014907836914,6.202985763549805,6.4268107414245605,12.635380744934082,16.78871726989746,9.112183570861816,13.400016784667969,5.75071382522583,17.754467010498047,10.327127456665039
2001-12-17,73.0491943359375,6.308316707611084,6.411448955535889,12.808802604675293,17.043867111206055,9.286849975585938,13.741107940673828,5.776128768920898,17.92259407043457,10.439746856689453
2001-12-18,73.48380279541016,6.5072808265686035,6.495945453643799,12.927725791931152,17.452102661132812,9.324010848999023,13.665313720703125,5.829086780548096,18.18488121032715,10.548608779907227
2001-12-19,74.00151062011719,6.390247821807861,6.644453525543213,13.180431365966797,17.617952346801758,9.190227508544922,13.833147048950195,5.954052925109863,18.09072494506836,10.601162910461426
2001-12-20,73.27286529541016,6.328800201416016,6.613728046417236,13.125929832458496,17.515892028808594,8.874345779418945,13.854801177978516,5.924398899078369,17.868793487548828,10.537345886230469
2001-12-21,73.71731567382812,6.309663772583008,6.658981800079346,13.033860206604004,17.71363639831543,8.993258476257324,13.996066093444824,5.882775783538818,17.83982276916504,10.689239501953125
2001-12-24,73.57623291015625,6.321439266204834,6.769528388977051,13.023904800415039,17.732765197753906,8.959815979003906,13.990631103515625,5.92973518371582,17.920679092407227,10.72684383392334
2001-12-26,73.980224609375,6.2743306159973145,6.887800693511963,13.083626747131348,17.796554565429688,9.030426979064941,14.028666496276855,5.923333168029785,18.055408477783203,10.828359603881836
2001-12-27,74.42916107177734,6.339104175567627,6.9109392166137695,13.07366943359375,17.790170669555664,9.108467102050781,13.941733360290527,6.002309322357178,18.257518768310547,10.839637756347656
2001-12-28,74.39067840576172,6.386215686798096,6.941792964935303,13.2130126953125,17.892240524291992,9.12705135345459,13.88197135925293,5.98096227645874,18.439420700073242,10.918595314025879
2001-12-31,73.30045318603516,6.306715965270996,6.86466121673584,13.088598251342773,17.668981552124023,8.918940544128418,13.800468444824219,5.98309850692749,18.156463623046875,10.753161430358887
2002-01-02,74.08924102783203,6.35382604598999,6.8132405281066895,13.07366943359375,17.668981552124023,9.141913414001465,13.751572608947754,6.068479061126709,18.311426162719727,10.787004470825195
2002-01-03,74.9293441772461,6.471598148345947,6.772103786468506,13.163249969482422,17.662609100341797,9.543264389038086,13.708100318908691,6.100499153137207,18.392261505126953,10.753161430358887
2002-01-04,75.42958068847656,6.59526252746582,6.802955150604248,13.33743953704834,17.668981552124023,9.6027250289917,13.670075416564941,6.072751522064209,18.607858657836914,10.929874420166016
2002-01-07,74.89730072021484,6.59526252746582,6.800385475158691,13.302597999572754,17.54779052734375,9.49866771697998,13.5668363571167,6.079152584075928,18.628053665161133,10.865961074829102
2002-01-08,74.72417449951172,6.483376502990723,6.7412519454956055,13.118460655212402,17.496749877929688,9.569278717041016,13.496213912963867,6.0044426918029785,18.729122161865234,10.903552055358887
2002-01-09,74.11492919921875,6.445102214813232,6.748965263366699,13.188133239746094,17.401079177856445,9.494958877563477,13.5451078414917,5.951082706451416,18.628053665161133,10.753161430358887
2002-01-10,74.44196319580078,6.3332200050354,6.697546005249023,13.13836669921875,17.22246551513672,9.416914939880371,13.5668363571167,5.998044490814209,18.681964874267578,10.828359603881836
2002-01-11,73.71090698242188,6.256664752960205,6.568988800048828,13.063720703125,16.941801071166992,9.32772159576416,13.599441528320312,5.940406322479248,18.560691833496094,10.62532901763916
2002-01-14,73.24919128417969,6.050562858581543,6.489291667938232,12.96418571472168,16.750442504882812,9.182794570922852,13.708100318908691,5.99590539932251,18.425947189331055,10.54637336730957
2002-01-15,73.84555053710938,6.080004692077637,6.594701290130615,13.247855186462402,16.76959228515625,9.242250442504883,13.724404335021973,5.998044490814209,18.65500831604004,10.61404800415039
2002-01-16,72.35136413574219,5.935736179351807,6.458436965942383,13.083626747131348,16.20186996459961,9.015562057495117,13.594015121459961,5.972424507141113,18.196884155273438,10.433574676513672
2002-01-17,72.8964614868164,5.962233066558838,6.455867767333984,13.208040237426758,16.265666961669922,9.238533020019531,13.718963623046875,5.912661552429199,18.311426162719727,10.557650566101074
2002-01-18,72.5629653930664,5.909236907958984,6.4018754959106445,13.158275604248047,16.3804874420166,8.930088996887207,13.664641380310059,5.901989459991455,18.169939041137695,10.527569770812988
2002-01-22,72.06273651123047,5.95339822769165,6.355595111846924,13.113484382629395,16.47615623474121,8.610490798950195,13.816771507263184,5.773914813995361,18.122777938842773,10.595248222351074
2002-01-23,72.6142807006836,6.050562858581543,6.535568714141846,13.173209190368652,16.393239974975586,8.740559577941895,13.865668296813965,5.859295845031738,18.055408477783203,10.824597358703613
2002-01-24,72.83872985839844,6.174224376678467,6.6255574226379395,13.188133239746094,16.539953231811523,8.87062931060791,13.664641380310059,5.846488952636719,18.203636169433594,10.828359603881836
2002-01-25,72.81949615478516,6.3567705154418945,6.697546005249023,13.272741317749023,16.76959228515625,8.837186813354492,13.637474060058594,5.810204982757568,18.223834991455078,10.715564727783203
2002-01-28,73.01829528808594,6.350883960723877,6.594701290130615,13.13836669921875,16.7568302154541,8.900359153747559,13.637474060058594,5.810204982757568,18.257518768310547,10.899796485900879
2002-01-29,70.72245025634766,6.268445014953613,6.414730072021484,12.566054344177246,16.118959426879883,8.584476470947266,13.469043731689453,5.7354936599731445,17.913930892944336,10.670449256896973
2002-01-30,71.74211883544922,6.3184943199157715,6.466156005859375,12.72530746459961,16.29755401611328,8.695968627929688,13.632038116455078,5.729090213775635,17.83982276916504,10.941153526306152
2002-01-31,72.58220672607422,6.4539337158203125,6.620413780212402,12.939303398132324,16.552701950073242,8.82231616973877,13.708100318908691,5.767514228820801,18.021724700927734,11.10659122467041
2002-02-01,72.2423095703125,6.424489498138428,6.656407356262207,12.780054092407227,16.425142288208008,8.65880298614502,13.718963623046875,5.780318737030029,17.988037109375,10.993796348571777
2002-02-04,70.4466781616211,6.365609169006348,6.479005813598633,12.317216873168945,15.697953224182129,8.413532257080078,13.572273254394531,5.720550537109375,17.644447326660156,10.809560775756836
2002-02-05,70.01060485839844,6.2831645011901855,6.43529748916626,12.317216873168945,15.481081008911133,8.28346061706543,13.72983169555664,5.643711090087891,17.738771438598633,10.798279762268066
2002-02-06,69.70919036865234,6.3008317947387695,6.479005813598633,12.143038749694824,15.595901489257812,8.235154151916504,13.664641380310059,5.530579090118408,17.644447326660156,10.711801528930664
2002-02-07,69.27313995361328,6.286109924316406,6.4044508934021,12.257493019104004,15.780877113342285,8.112518310546875,13.517939567565918,5.609555244445801,17.988037109375,10.583967208862305
2002-02-08,70.60063171386719,6.412712097167969,6.47643518447876,12.58098030090332,15.876569747924805,8.268600463867188,13.550543785095215,5.639440536499023,18.358577728271484,10.677964210510254
2002-02-11,71.46634674072266,6.586427688598633,6.561278343200684,12.690475463867188,16.221023559570312,8.4544095993042,13.76786994934082,5.677858352661133,18.527006149291992,10.997552871704102
2002-02-12,71.24189758300781,6.542263507843018,6.530425071716309,12.546140670776367,16.08068084716797,8.316908836364746,13.762438774108887,5.677858352661133,18.358577728271484,10.903552055358887
2002-02-13,71.99864959716797,6.612927436828613,6.568988800048828,12.799962043762207,16.252914428710938,8.45069694519043,13.849372863769531,5.712014675140381,18.661746978759766,11.065231323242188
2002-02-14,71.86396026611328,6.598204135894775,6.622982025146484,12.775076866149902,16.310312271118164,8.361503601074219,13.849372863769531,5.724823474884033,18.715639114379883,11.10659122467041
2002-02-15,71.11363220214844,6.624704360961914,6.628121852874756,12.576003074645996,16.195499420166016,8.119956970214844,13.854801177978516,5.714146614074707,18.425947189331055,10.978759765625
2002-02-19,69.74766540527344,6.49810266494751,6.568988800048828,12.232619285583496,16.150854110717773,7.833799839019775,13.680937767028809,5.615959167480469,18.122777938842773,10.850920677185059
2002-02-20,70.92125701904297,6.592316150665283,6.548422813415527,12.461546897888184,16.38686180114746,7.930423736572266,13.958035469055176,5.686398983001709,18.560691833496094,11.065231323242188
2002-02-21,69.45269012451172,6.654148578643799,6.6255574226379395,12.317216873168945,16.32308006286621,7.562515735626221,13.784172058105469,5.573269367218018,18.425947189331055,10.959956169128418
2002-02-22,70.31202697753906,6.713033199310303,6.808097839355469,12.24256420135498,16.482540130615234,7.610828876495361,14.012372970581055,5.65010929107666,18.59438133239746,10.974992752075195
2002-02-25,71.47277069091797,6.7483673095703125,6.9058003425598145,12.556096076965332,16.916288375854492,7.867249488830566,14.034100532531738,5.714146614074707,18.917753219604492,11.159228324890137
2002-02-26,71.32526397705078,6.760140419006348,6.869803428649902,12.546140670776367,16.980079650878906,7.818933963775635,14.028666496276855,5.707744598388672,18.863855361938477,11.279539108276367
2002-02-27,71.60101318359375,6.798418998718262,6.86466121673584,12.675538063049316,17.184194564819336,7.763190746307373,14.044968605041504,5.746166706085205,18.79648780822754,11.2607421875
2002-02-28,71.28038024902344,6.795474529266357,6.8466668128967285,12.715356826782227,16.967317581176758,7.674007415771484,13.996066093444824,5.756839275360107,18.850391387939453,11.166743278503418
2002-03-01,72.94133758544922,6.895582675933838,6.944362640380859,12.88953971862793,17.36280632019043,8.060491561889648,14.262296676635742,5.880641460418701,19.207456588745117,11.272016525268555
2002-03-04,74.2303466796875,7.0840163230896,7.096053123474121,13.327489852905273,17.956018447875977,8.354073524475098,14.267728805541992,5.951082706451416,19.402833938598633,11.44121265411377
2002-03-05,73.9930419921875,6.880859851837158,7.098626136779785,13.33743953704834,17.732765197753906,8.380084037780762,14.01779842376709,5.955348014831543,19.37587547302246,11.10659122467041
2002-03-06,74.8716812133789,7.0074663162231445,7.234894275665283,13.561387062072754,18.26857566833496,8.461841583251953,14.131892204284668,6.072751522064209,19.64535140991211,11.2607421875
2002-03-07,74.71131896972656,6.960358142852783,7.288881778717041,13.441949844360352,18.05170249938965,8.432114601135254,14.126466751098633,6.036463260650635,19.497150421142578,11.347220420837402
2002-03-08,75.0255355834961,6.930910587310791,7.255458831787109,13.501664161682129,18.172897338867188,8.655083656311035,14.077561378479004,6.01938533782959,19.69925880432129,11.411131858825684
2002-03-11,75.18586730957031,6.922080039978027,7.332589149475098,13.581293106079102,18.211156845092773,8.681102752685547,14.077561378479004,6.0385966300964355,19.604942321777344,11.358500480651855
2002-03-12,75.14099884033203,6.933857440948486,7.396867752075195,13.58626937866211,18.172897338867188,8.49528694152832,14.072132110595703,5.976698398590088,19.537569046020508,11.381056785583496
2002-03-13,74.41631317138672,6.845526695251465,7.348015785217285,13.461852073669434,17.924131393432617,8.27231502532959,14.180794715881348,5.976698398590088,19.470199584960938,11.354740142822266
2002-03-14,74.31372833251953,6.93974494934082,7.3454413414001465,13.496688842773438,17.94325828552246,8.175695419311523,14.142767906188965,5.955348014831543,19.604942321777344,11.354740142822266
2002-03-15,75.02184295654297,7.004440784454346,7.398584365844727,13.781303405761719,17.95733070373535,8.235154151916504,14.401589393615723,6.005703449249268,19.964187622070312,11.500802993774414
2002-03-18,75.03471374511719,7.031032562255859,7.455338478088379,13.751346588134766,17.886972427368164,8.2611665725708,14.358001708984375,6.033677101135254,20.139432907104492,11.50456714630127
2002-03-19,75.53630828857422,7.096022605895996,7.5456318855285645,13.74634838104248,18.07887840270996,8.294612884521484,14.412495613098145,6.061649322509766,20.11920738220215,11.553507804870605
2002-03-20,74.11500549316406,7.0635294914245605,7.465661525726318,13.531631469726562,17.880571365356445,8.041909217834473,14.129141807556152,6.025068283081055,20.12595558166504,11.508337020874023
2002-03-21,74.14714813232422,6.9483137130737305,7.506933689117432,13.536629676818848,17.52231216430664,8.201704025268555,14.23812198638916,6.08962345123291,19.997894287109375,11.365277290344238
2002-03-22,73.98635864257812,6.892181396484375,7.331516265869141,13.531631469726562,17.419958114624023,8.08279037475586,14.254471778869629,6.018613338470459,19.890050888061523,11.312577247619629
2002-03-25,73.0666732788086,6.80355978012085,7.264444828033447,13.31693172454834,17.144874572753906,7.900692939758301,14.11279010772705,6.027219295501709,19.59347915649414,11.105521202087402
2002-03-26,73.49114990234375,6.930586814880371,7.3237738609313965,13.481709480285645,17.25363540649414,7.9601521492004395,14.221774101257324,5.9949445724487305,19.47890281677246,11.256105422973633
2002-03-27,73.68406677246094,7.075345039367676,7.494034767150879,13.656466484069824,17.3687801361084,7.956437587738037,14.17818546295166,6.010006427764893,19.768726348876953,11.331398010253906
2002-03-28,73.6519546508789,7.004440784454346,7.452762126922607,13.55660343170166,17.426349639892578,8.053060531616211,14.221774101257324,6.063801288604736,19.943971633911133,11.308815002441406
2002-04-01,73.68406677246094,6.966036319732666,7.504354953765869,13.531631469726562,17.419958114624023,8.14224624633789,14.194525718688965,6.001399517059326,19.761985778808594,11.097991943359375
2002-04-02,73.27892303466797,6.936496257781982,7.597225189208984,13.581581115722656,17.25363540649414,7.904409885406494,14.096447944641113,6.035827159881592,19.64740562438965,10.898472785949707
2002-04-03,72.7643814086914,6.839005470275879,7.432122230529785,13.381834983825684,17.016923904418945,7.781771659851074,14.107346534729004,6.035827159881592,19.391273498535156,10.81564998626709
2002-04-04,72.46212005615234,6.753334045410156,7.297975540161133,13.501678466796875,17.151273727416992,7.815220355987549,13.943880081176758,6.044435977935791,19.667619705200195,10.962465286254883
2002-04-05,72.4749984741211,6.844915866851807,7.215427398681641,13.566587448120117,17.228038787841797,7.6925859451293945,13.82945442199707,6.012155532836914,19.903532028198242,11.030231475830078
2002-04-08,72.62933349609375,6.8744611740112305,7.326350688934326,13.606538772583008,17.362375259399414,7.655425071716309,13.87304401397705,5.969120502471924,19.984403610229492,11.19587516784668
2002-04-09,72.12127685546875,6.868546962738037,7.220585346221924,13.691424369812012,17.349586486816406,7.46217679977417,13.862140655517578,5.842163562774658,20.011375427246094,11.274930000305176
2002-04-10,72.93802642822266,7.016260147094727,7.30313777923584,13.74135684967041,17.75261688232422,7.4844746589660645,14.0910062789917,5.964821815490723,20.1933536529541,11.406692504882812
2002-04-11,71.12440490722656,6.936496257781982,7.228333950042725,13.401811599731445,17.18324851989746,7.2354888916015625,13.900289535522461,5.786219596862793,19.856353759765625,11.233519554138184
2002-04-12,71.65821838378906,6.9010443687438965,6.990994930267334,13.571586608886719,17.157665252685547,7.35812520980835,13.976570129394531,5.824949741363525,19.923744201660156,11.463160514831543
2002-04-15,71.11155700683594,6.883318901062012,7.127720355987549,13.396822929382324,16.97853660583496,7.376708984375,13.96567153930664,5.73457670211792,19.9102783203125,11.289986610412598
2002-04-16,72.80300903320312,7.004440784454346,7.2618584632873535,13.67144775390625,17.27922248840332,7.711165428161621,14.11279010772705,5.874442100524902,20.045068740844727,11.455625534057617
2002-04-17,72.64863586425781,7.0369415283203125,7.352149486541748,13.706403732299805,17.157665252685547,7.7408952713012695,13.905734062194824,5.904567718505859,20.092252731323242,11.338927268981934
2002-04-18,72.33349609375,6.960129261016846,7.388265132904053,13.706403732299805,17.029720306396484,7.659139633178711,14.047404289245605,5.889505863189697,20.30119514465332,11.263632774353027
2002-04-19,72.5971908569336,6.971949100494385,7.421804428100586,13.681435585021973,16.933757781982422,7.6368408203125,14.074651718139648,5.837862968444824,20.46295928955078,11.312577247619629
2002-04-22,71.38809204101562,6.797646999359131,7.349571704864502,13.496685028076172,16.665077209472656,7.447311878204346,13.992920875549316,5.749636173248291,20.36859703063965,11.203402519226074
2002-04-23,71.07938385009766,6.714932441711426,7.331516265869141,13.431769371032715,16.633092880249023,7.294949531555176,13.878487586975098,5.77761173248291,20.220312118530273,11.222225189208984
2002-04-24,70.36548614501953,6.6735687255859375,7.199950218200684,13.346891403198242,16.49234390258789,7.1834635734558105,13.818553924560547,5.792669773101807,20.355113983154297,11.124341011047363
2002-04-25,70.4040756225586,6.658797264099121,7.2515459060668945,13.222057342529297,16.294029235839844,7.231771945953369,13.862140655517578,5.753940105438232,20.4157772064209,11.154463768005371
2002-04-26,69.06637573242188,6.679480075836182,7.171571731567383,13.172128677368164,16.12769317626953,6.986501216888428,13.7749605178833,5.661413192749023,20.08550262451172,11.086701393127441
2002-04-29,68.72552490234375,6.567218780517578,7.125141143798828,13.057282447814941,15.775837898254395,6.94190788269043,13.633295059204102,5.577494144439697,19.62718391418457,10.966232299804688
2002-04-30,69.36863708496094,6.6735687255859375,7.184471607208252,13.212074279785156,16.223655700683594,7.079408645629883,13.693217277526855,5.695838928222656,19.82264518737793,10.992586135864258
2002-05-01,70.21759796142578,6.682435512542725,7.228333950042725,13.30195140838623,16.274829864501953,7.019947528839111,13.889386177062988,5.749636173248291,20.179872512817383,11.052823066711426
2002-05-02,69.94745635986328,6.827189922332764,7.282498836517334,13.431769371032715,16.332412719726562,6.841573715209961,13.889386177062988,5.713056564331055,20.11247444152832,11.154463768005371
2002-05-03,69.18856048583984,6.871501922607422,7.3082966804504395,13.366864204406738,16.338802337646484,6.67805814743042,13.758609771728516,5.680777072906494,19.984403610229492,11.003881454467773
2002-05-06,67.83154296875,6.830144882202148,7.058068752288818,13.057282447814941,15.878198623657227,6.488525867462158,13.660531044006348,5.650656223297119,19.60696029663086,10.804359436035156
2002-05-07,67.59358978271484,6.883318901062012,7.024532318115234,12.99736213684082,15.890992164611816,6.488525867462158,13.469812393188477,5.594707489013672,19.64740562438965,10.962465286254883
2002-05-08,70.10823059082031,6.9571757316589355,7.171571731567383,13.381834983825684,16.549917221069336,7.161163330078125,13.715015411376953,5.674324035644531,20.08550262451172,11.124341011047363
2002-05-09,69.29791259765625,6.963083744049072,7.107079029083252,13.222057342529297,16.268444061279297,6.927042484283447,13.573348045349121,5.626984119415283,19.856353759765625,10.954938888549805
2002-05-10,67.9923095703125,6.939451694488525,7.101920127868652,13.052289962768555,16.02534294128418,6.689204216003418,13.546104431152344,5.497875690460205,19.59347915649414,10.774240493774414
2002-05-13,69.37508392333984,6.989669322967529,7.2386474609375,13.286972999572754,16.12769317626953,6.953056335449219,13.682321548461914,5.564580917358398,19.82264518737793,10.890942573547363
2002-05-14,70.88646697998047,7.096022605895996,7.259279727935791,13.491698265075684,16.485952377319336,7.287515163421631,13.736815452575684,5.648502826690674,20.179872512817383,11.278692245483398
2002-05-15,70.6098861694336,7.113753318786621,7.138034820556641,13.426780700683594,16.549917221069336,7.265217304229736,13.535209655761719,5.618376731872559,20.355113983154297,11.210930824279785
2002-05-16,70.97647857666016,7.090110778808594,7.220585346221924,13.586575508117676,16.652286529541016,7.372990131378174,13.551553726196289,5.639894485473633,20.40904426574707,11.293747901916504
2002-05-17,71.32380676269531,7.1226115226745605,7.161252021789551,13.646479606628418,16.79941177368164,7.410155296325684,13.709573745727539,5.586099624633789,20.40229606628418,11.387866020202637
2002-05-20,70.55203247070312,7.087161064147949,7.112237453460693,13.411805152893066,16.665077209472656,7.2169108390808105,13.64418888092041,5.616226673126221,20.220312118530273,11.3502197265625
2002-05-21,69.90888977050781,7.075345039367676,7.117398738861084,13.286972999572754,16.409181594848633,7.038534641265869,13.529756546020508,5.657108783721924,20.045068740844727,11.067879676818848
2002-05-22,70.0632095336914,7.09898042678833,7.2360663414001465,13.31194019317627,16.479551315307617,7.124004364013672,13.649636268615723,5.758243560791016,19.923744201660156,11.01893424987793
2002-05-23,70.80926513671875,7.214192867279053,7.297975540161133,13.456745147705078,16.786624908447266,7.179747104644775,13.693217277526855,5.86152982711792,20.105737686157227,11.124341011047363
2002-05-24,69.90243530273438,7.116703987121582,7.218008041381836,13.366864204406738,16.601097106933594,7.023664951324463,13.535209655761719,5.801281929016113,20.02484703063965,11.037759780883789
2002-05-28,69.52299499511719,7.075345039367676,7.161252021789551,13.227052688598633,16.41558074951172,6.960487365722656,13.486165046691895,5.842163562774658,20.004627227783203,10.864590644836426
2002-05-29,69.00847625732422,7.028075695037842,7.094180583953857,13.222057342529297,16.23004913330078,6.83042049407959,13.529756546020508,5.745333671569824,19.991153717041016,10.842001914978027
2002-05-30,68.81555938720703,6.966036319732666,6.957459449768066,13.16713809967041,16.15968132019043,6.863865375518799,13.469812393188477,5.691537857055664,19.95071029663086,10.747885704040527
2002-05-31,68.95703887939453,7.004440784454346,7.058068752288818,13.172128677368164,16.294029235839844,6.785826683044434,13.540653228759766,5.648502826690674,20.09899139404297,10.936117172241211
2002-06-03,67.12409973144531,6.895137786865234,6.836210250854492,12.912479400634766,15.679887771606445,6.585148334503174,13.23006820678711,5.519394874572754,19.755250930786133,10.646242141723633
2002-06-04,67.29130554199219,6.859687328338623,6.836210250854492,12.827601432800293,15.551934242248535,6.67805814743042,13.213716506958008,5.538762092590332,19.708059310913086,10.586010932922363
2002-06-05,67.92156219482422,6.912861347198486,6.8104119300842285,12.952427864074707,15.814216613769531,6.759812355041504,13.366291046142578,5.517242908477783,19.876569747924805,10.804359436035156
2002-06-06,66.538818359375,6.806507587432861,6.738185405731201,12.672807693481445,15.436779975891113,6.5962958335876465,13.066596031188965,5.355857849121094,19.60696029663086,10.634954452514648
2002-06-07,66.46165466308594,6.8094635009765625,6.807830333709717,12.712751388549805,15.436779975891113,6.4513654708862305,13.066596031188965,5.4182586669921875,19.748502731323242,10.646242141723633
2002-06-10,66.71894836425781,6.824235439300537,6.681428909301758,12.782659530639648,15.558340072631836,6.391907215118408,13.213716506958008,5.437624454498291,19.788951873779297,10.823177337646484
2002-06-11,65.57415008544922,6.747427463531494,6.580821990966797,12.55795955657959,15.372817039489746,6.250689506530762,12.859537124633789,5.347249984741211,19.640670776367188,10.766709327697754
2002-06-12,65.97288513183594,6.80355978012085,6.673689842224121,12.627874374389648,15.366413116455078,6.377039432525635,12.848638534545898,5.456991195678711,19.236257553100586,10.857060432434082
2002-06-13,65.3104248046875,6.682435512542725,6.665952205657959,12.33326530456543,15.328032493591309,6.269271373748779,12.81049633026123,5.450536727905273,18.88577651977539,10.608597755432129
2002-06-14,65.21397399902344,6.685388565063477,6.658209323883057,12.448107719421387,15.251265525817871,6.258121013641357,12.864982604980469,5.381678581237793,18.744237899780273,10.540833473205566
2002-06-17,66.96332550048828,6.794693946838379,6.831048965454102,13.00735092163086,15.679887771606445,6.469947338104248,13.11017894744873,5.502177715301514,19.269968032836914,10.819416046142578
2002-06-18,67.51000213623047,6.824235439300537,6.797514915466309,13.032317161560059,15.827013969421387,6.39933967590332,13.077500343322754,5.543063640594482,19.35758399963379,10.785531044006348
2002-06-19,65.93429565429688,6.8094635009765625,6.730445861816406,12.907490730285645,15.705474853515625,6.146636486053467,13.028447151184082,5.390283584594727,19.290178298950195,10.740357398986816
2002-06-20,65.09178161621094,6.81537389755249,6.717543125152588,12.647838592529297,15.583919525146484,6.00541877746582,12.914020538330078,5.325729846954346,18.777936935424805,10.582242012023926
2002-06-21,64.0739974975586,6.730756759643555,6.67498254776001,12.508406639099121,15.192093849182129,5.834473609924316,12.56532096862793,5.344635486602783,18.384885787963867,10.416680335998535
2002-06-24,64.40963745117188,6.736695766448975,6.7346696853637695,12.543517112731934,15.403714179992676,5.934812545776367,12.439618110656738,5.255557537078857,18.52646827697754,10.529824256896973
2002-06-25,62.96398162841797,6.781229496002197,6.7061262130737305,12.423151969909668,15.076661109924316,5.730418682098389,12.182733535766602,5.220792293548584,18.236557006835938,10.35256290435791
2002-06-26,63.06720733642578,6.721848964691162,6.708723545074463,12.187426567077637,15.07025146484375,5.734135627746582,12.16086483001709,5.166477680206299,18.539945602416992,10.258278846740723
2002-06-27,64.17081451416016,6.775294303894043,6.742460250854492,12.448219299316406,15.307523727416992,5.886500358581543,12.25378704071045,5.162133693695068,19.01186752319336,10.318625450134277
2002-06-28,63.867496490478516,6.885146141052246,6.799554347991943,12.608718872070312,15.294699668884277,5.879067897796631,12.16086483001709,5.268590450286865,18.661298751831055,10.360112190246582
2002-07-01,62.621883392333984,6.843580722808838,6.7346696853637695,12.347917556762695,14.954811096191406,5.630081653594971,12.281110763549805,5.159963607788086,17.879241943359375,10.047077178955078
2002-07-02,61.29243087768555,6.707001686096191,6.602314472198486,12.177399635314941,14.72396183013916,5.4628496170043945,12.199128150939941,5.051329135894775,17.47473907470703,9.907536506652832
2002-07-03,61.64091491699219,6.641687870025635,6.643837928771973,12.041971206665039,14.743197441101074,5.66352653503418,12.117143630981445,5.0209150314331055,17.501710891723633,10.0357666015625
2002-07-05,64.09335327148438,6.810920238494873,6.799554347991943,12.50339126586914,15.352422714233398,5.968256950378418,12.27564525604248,5.079573154449463,18.08824920654297,10.43176555633545
2002-07-08,63.2930793762207,6.828734397888184,6.716505527496338,12.438197135925293,15.095892906188965,5.7898759841918945,12.25378704071045,5.014394283294678,17.86575698852539,10.28844928741455
2002-07-09,61.69898986816406,6.757480621337891,6.633459568023682,12.112192153930664,14.717546463012695,5.704405307769775,12.051554679870605,4.881866931915283,17.05000877380371,10.054625511169434
2002-07-10,59.45308303833008,6.5585527420043945,6.350576400756836,11.726009368896484,14.358423233032227,5.552039623260498,11.805608749389648,4.605942249298096,16.2612247467041,9.72651195526123
2002-07-11,59.93709182739258,6.460577487945557,6.228600978851318,11.886502265930176,14.37766170501709,5.7564311027526855,11.60884952545166,4.76671838760376,16.57133674621582,9.718968391418457
2002-07-12,59.27881622314453,6.395255088806152,6.117002487182617,11.710966110229492,14.332771301269531,5.730418682098389,11.362896919250488,4.58856201171875,16.787080764770508,9.594511032104492
2002-07-15,59.59504699707031,6.249779224395752,5.982054233551025,11.710966110229492,14.2237548828125,5.841904640197754,11.198929786682129,4.660259246826172,16.48370361328125,9.447429656982422
2002-07-16,58.44624328613281,6.136953353881836,5.891215801239014,11.475242614746094,13.928765296936035,5.775012016296387,11.024033546447754,4.52338171005249,16.36908721923828,9.190966606140137
2002-07-17,58.56239700317383,6.181488513946533,5.956097602844238,11.405020713806152,14.09549617767334,5.815892219543457,11.073220252990723,4.438652515411377,16.726404190063477,9.141937255859375
2002-07-18,56.66497039794922,6.089452266693115,5.917168617248535,11.008800506591797,13.685070037841797,5.693256378173828,10.821808815002441,4.3343658447265625,15.937613487243652,8.991079330444336
2002-07-19,54.67073059082031,5.819270133972168,5.553835391998291,10.773082733154297,13.261817932128906,5.514878749847412,10.318975448608398,4.091034412384033,15.28365707397461,8.553596496582031
2002-07-22,53.05079650878906,5.549089431762695,5.213855743408203,10.406960487365723,12.838576316833496,5.225013732910156,10.406427383422852,3.99109148979187,15.155563354492188,8.414050102233887
2002-07-23,51.59867858886719,5.513459205627441,5.138596534729004,9.815136909484863,12.549989700317383,4.964876651763916,10.455618858337402,3.6804089546203613,14.872408866882324,8.27828311920166
2002-07-24,54.677215576171875,5.843020439147949,5.478572845458984,10.406960487365723,13.223343849182129,5.221297740936279,10.99123764038086,4.008473873138428,15.836477279663086,8.764793395996094
2002-07-25,54.21249771118164,6.003346920013428,5.4552178382873535,10.331727027893066,13.236166954040527,4.909132957458496,11.12788200378418,4.127966403961182,16.375829696655273,8.621481895446777
2002-07-26,55.2451286315918,6.030068397521973,5.527882099151611,10.647697448730469,13.447799682617188,4.976024627685547,11.177067756652832,4.073652744293213,16.739891052246094,8.723308563232422
2002-07-29,57.9364013671875,6.329938888549805,5.847099781036377,11.359882354736328,14.287874221801758,5.269607067108154,11.49953842163086,4.138830661773682,17.48822784423828,9.202281951904297
2002-07-30,58.69150924682617,6.092416286468506,5.756264686584473,11.384958267211914,14.454607009887695,5.351364612579346,11.384761810302734,4.475586891174316,17.616323471069336,9.1683349609375
2002-07-31,58.833473205566406,6.104295253753662,5.857482433319092,11.560498237609863,14.428963661193848,5.321634292602539,11.641642570495605,4.492966175079346,18.121946334838867,9.12308120727539
2002-08-01,57.29745864868164,6.065698623657227,5.512309551239014,11.27462100982666,14.108319282531738,5.08751106262207,11.532323837280273,4.427788257598877,17.616323471069336,8.843997955322266
2002-08-02,56.01311111450195,5.810360908508301,5.450024127960205,10.988744735717773,13.595292091369629,4.979741096496582,11.510467529296875,4.340882778167725,17.47473907470703,8.451766967773438
2002-08-05,54.06407928466797,5.6114397048950195,5.247593402862549,10.557421684265137,13.146390914916992,4.764201641082764,11.351964950561523,4.264841079711914,16.726404190063477,8.255651473999023
2002-08-06,55.88404083251953,5.8489603996276855,5.437049388885498,10.903482437133789,13.595292091369629,4.964876651763916,11.362896919250488,4.440824031829834,17.13764762878418,8.500795364379883
2002-08-07,56.858585357666016,5.994441509246826,5.514907360076904,11.043914794921875,13.935169219970703,5.054065227508545,11.625248908996582,4.47341251373291,17.71070098876953,8.621481895446777
2002-08-08,58.69793701171875,6.116170406341553,5.748477458953857,11.620683670043945,14.339183807373047,5.239877223968506,11.893054008483887,4.555973052978516,18.37139320373535,8.734622955322266
2002-08-09,58.917381286621094,6.187427043914795,5.852288722991943,11.720989227294922,14.448203086853027,5.221297740936279,11.947713851928711,4.566835880279541,18.344438552856445,8.768563270568848
2002-08-12,58.48497772216797,6.15773868560791,5.839311122894287,11.59058952331543,14.281463623046875,5.172984600067139,11.909456253051758,4.645050525665283,18.37139320373535,8.644109725952148
2002-08-13,57.42009353637695,6.056788444519043,5.751077175140381,11.314743041992188,13.947997093200684,5.054065227508545,11.794682502746582,4.516864776611328,17.93319320678711,8.546051025390625
2002-08-14,59.51758575439453,6.1339850425720215,5.976861000061035,11.766132354736328,14.249403953552246,5.3699469566345215,12.182733535766602,4.653741359710693,18.384885787963867,9.013708114624023
2002-08-15,60.34371566772461,6.131015777587891,6.145555019378662,11.911581039428711,14.364836692810059,5.444270610809326,12.073423385620117,4.662430286407471,18.512981414794922,9.383308410644531
2002-08-16,60.162967681884766,6.021162986755371,6.046931743621826,11.826316833496094,14.352011680603027,5.574334621429443,12.018769264221191,4.58856201171875,18.364662170410156,9.371993064880371
2002-08-19,61.56990432739258,6.1458587646484375,6.096243381500244,12.127242088317871,14.691888809204102,5.778728008270264,12.111678123474121,4.660259246826172,18.620851516723633,9.590740203857422
2002-08-20,60.91805648803711,6.044914245605469,5.943124771118164,11.961731910705566,14.621346473693848,5.615214824676514,12.057022094726562,4.647226333618164,18.384885787963867,9.522849082946777
2002-08-21,61.79579544067383,6.119140148162842,5.956097602844238,11.986812591552734,14.666238784790039,5.7898759841918945,12.040627479553223,4.790616989135742,18.695009231567383,9.68125057220459
2002-08-22,62.396018981933594,6.181488513946533,6.124790191650391,12.127242088317871,14.877873420715332,5.856771469116211,12.100746154785156,4.888383388519287,19.28154182434082,9.828335762023926
2002-08-23,61.05363464355469,6.095386981964111,6.0261712074279785,11.871451377868652,14.531571388244629,5.644947052001953,11.909456253051758,4.812340259552002,18.782651901245117,9.556795120239258
2002-08-26,61.479591369628906,6.1636762619018555,6.106624603271484,12.046998023986816,14.711122512817383,5.682107448577881,11.936782836914062,4.888383388519287,18.99164581298828,9.613371849060059
2002-08-27,60.76960372924805,6.190396308898926,6.104030132293701,11.936651229858398,14.582878112792969,5.492578029632568,11.9039888381958,4.8405890464782715,18.452299118041992,9.41724681854248
2002-08-28,59.44012451171875,6.021162986755371,5.9586944580078125,11.74105453491211,14.300700187683105,5.340214729309082,11.778286933898926,4.810168743133545,18.303985595703125,9.307880401611328
2002-08-29,59.46593475341797,6.003346920013428,5.906790733337402,11.751079559326172,14.191679000854492,5.414539813995361,11.64710807800293,4.742817401885986,18.351177215576172,9.394625663757324
2002-08-30,59.233604431152344,6.071635723114014,5.945718288421631,11.77615737915039,14.204517364501953,5.277039051055908,11.7345552444458,4.671123027801514,18.2972354888916,9.398392677307129
2002-09-03,56.97478485107422,5.89349365234375,5.70955228805542,11.199392318725586,13.71073055267334,5.016904830932617,11.47767162322998,4.542937278747559,17.53542709350586,9.06274127960205
2002-09-04,57.78794860839844,5.917247295379639,5.696573734283447,11.410040855407715,13.845392227172852,5.172984600067139,11.570596694946289,4.514693260192871,18.07476234436035,9.232451438903809
2002-09-05,57.29745864868164,5.756920337677002,5.7069525718688965,11.239511489868164,13.601703643798828,4.998321056365967,11.565125465393066,4.5016560554504395,17.86575698852539,9.06274127960205
2002-09-06,58.084861755371094,5.872711658477783,5.800382137298584,11.410040855407715,13.774850845336914,5.165551662445068,11.565125465393066,4.5016560554504395,17.86575698852539,9.345596313476562
2002-09-09,58.510772705078125,5.958811283111572,5.792596340179443,11.59058952331543,13.890277862548828,5.221297740936279,11.794682502746582,4.492966175079346,18.068017959594727,9.47005558013916
2002-09-10,59.18199157714844,5.991472244262695,5.917168617248535,11.520379066467285,14.044190406799316,5.310486316680908,11.78920841217041,4.390853404998779,18.135435104370117,9.586966514587402
2002-09-11,58.814125061035156,6.027099609375,5.886026859283447,11.45517635345459,14.044190406799316,5.340214729309082,11.767351150512695,4.395199775695801,18.169145584106445,9.590740203857422
2002-09-12,57.729862213134766,5.911308288574219,5.740691661834717,11.13419246673584,13.851801872253418,5.143253803253174,11.614314079284668,4.282224178314209,17.825319290161133,9.353134155273438
2002-09-13,57.87186813354492,5.875681400299072,5.802978992462158,11.219453811645508,13.518329620361328,5.165551662445068,11.679902076721191,4.345230579376221,17.960155487060547,9.447429656982422
2002-09-16,58.01383590698242,5.828177452087402,5.844502925872803,11.194374084472656,13.652999877929688,5.080080509185791,11.849334716796875,4.295258045196533,17.960155487060547,9.473823547363281
2002-09-17,56.68436050415039,5.71832275390625,5.655049800872803,10.953633308410645,13.370841026306152,5.016904830932617,11.548727989196777,4.138830661773682,17.69048500061035,9.368224143981934
2002-09-18,56.11640930175781,5.670817852020264,5.670621871948242,10.863359451293945,13.351595878601074,4.964876651763916,11.55419635772705,4.275707244873047,17.791606903076172,9.379538536071777
2002-09-19,54.66428756713867,5.546119213104248,5.5097150802612305,10.487205505371094,13.088674545288086,4.741905689239502,11.22079086303711,4.186628818511963,17.19158363342285,9.051426887512207
2002-09-20,54.68244552612305,5.653941631317139,5.550161838531494,10.437793731689453,13.1382417678833,4.767915725708008,11.221896171569824,4.088109493255615,17.32615852355957,9.18736457824707
2002-09-23,54.235130310058594,5.549405097961426,5.518846035003662,10.442832946777344,12.97087574005127,4.619266510009766,11.177886009216309,3.980354070663452,17.123279571533203,8.90037727355957
2002-09-24,53.35993576049805,5.316439628601074,5.359674453735352,10.241133689880371,12.694075584411621,4.544943809509277,10.996356964111328,3.8506088256835938,17.109752655029297,8.760659217834473
2002-09-25,54.68244552612305,5.447854518890381,5.50579833984375,10.442832946777344,12.938687324523926,4.7196044921875,11.084369659423828,3.964960813522339,17.5966739654541,8.934366226196289
2002-09-26,55.577049255371094,5.525511741638184,5.738034725189209,10.745377540588379,13.189739227294922,4.66386079788208,11.33741283416748,4.121095657348633,17.90776252746582,9.149601936340332
2002-09-27,53.645164489746094,5.367213249206543,5.6310505867004395,10.412579536437988,12.687637329101562,4.548659324645996,11.001860618591309,4.050726413726807,17.245012283325195,8.881501197814941
2002-09-30,53.022804260253906,5.2835822105407715,5.521458625793457,10.422661781311035,12.565332412719727,4.396295070648193,10.886340141296387,4.105701446533203,17.163854598999023,8.560524940490723
2002-10-01,55.5705451965332,5.612125873565674,5.696287631988525,10.866389274597168,13.112489700317383,4.6341328620910645,11.210885047912598,4.171674728393555,17.698118209838867,8.798422813415527
2002-10-02,53.90449905395508,5.355265140533447,5.633659362792969,10.432741165161133,12.66189193725586,4.5300774574279785,11.150382995605469,4.046326160430908,17.711637496948242,8.602060317993164
2002-10-03,53.35993576049805,5.3074774742126465,5.670192718505859,10.014225959777832,12.558894157409668,4.518927097320557,11.122879981994629,4.0243353843688965,17.644014358520508,8.560524940490723
2002-10-04,52.38102722167969,5.241768836975098,5.573643207550049,9.736892700195312,12.230599403381348,4.422307968139648,11.001860618591309,3.839613676071167,17.089473724365234,8.451013565063477
2002-10-07,51.29840087890625,5.086456775665283,5.5031914710998535,9.429305076599121,11.90230655670166,4.34426736831665,10.979852676391602,3.8044261932373047,17.048892974853516,8.122488021850586
2002-10-08,52.10227966308594,5.167097568511963,5.443179130554199,9.792359352111816,11.992424011230469,4.34426736831665,11.210885047912598,3.6614866256713867,17.549339294433594,8.364163398742676
2002-10-09,50.63069152832031,4.966986656188965,5.3361921310424805,9.378881454467773,11.58689022064209,4.303389549255371,11.067870140075684,3.349214792251587,17.36673355102539,8.062074661254883
2002-10-10,52.27082061767578,5.193979263305664,5.461439609527588,9.873041152954102,11.98598861694336,4.5300774574279785,11.117379188537598,3.5757226943969727,17.583148956298828,8.205568313598633
2002-10-11,54.559242248535156,5.403054237365723,5.552770614624023,10.392411231994629,12.539580345153809,4.816226005554199,11.24389934539795,3.6240992546081543,17.79279327392578,8.602060317993164
2002-10-14,54.86397933959961,5.394092082977295,5.706724643707275,10.468038558959961,12.468775749206543,4.8236613273620605,11.430929183959961,3.617504596710205,18.259428024291992,8.670031547546387
2002-10-15,57.502437591552734,5.677833557128906,5.878944396972656,11.219361305236816,13.07386589050293,5.128391742706299,11.52994441986084,3.6284995079040527,18.584035873413086,9.100512504577637
2002-10-16,56.10865020751953,5.537458896636963,5.787615776062012,11.01766300201416,12.752013206481934,4.849671840667725,11.287909507751465,3.5031514167785645,18.638145446777344,8.938139915466309
2002-10-17,57.22368240356445,5.695756912231445,5.9102559089660645,11.345422744750977,13.15110969543457,5.054065227508545,11.33741283416748,3.5625264644622803,18.868064880371094,9.0363187789917
2002-10-18,57.463539123535156,5.659914970397949,5.905037879943848,11.335335731506348,13.131802558898926,5.120957851409912,11.469435691833496,3.5933148860931396,18.874841690063477,9.160933494567871
2002-10-21,58.455413818359375,5.854055881500244,5.933741569519043,11.52191162109375,13.53090763092041,5.225013732910156,11.755481719970703,3.8044261932373047,18.93569564819336,9.364839553833008
2002-10-22,58.03403854370117,5.716662883758545,5.766740322113037,11.41601848602295,13.34422779083252,5.202714920043945,11.551948547363281,3.7560462951660156,18.584035873413086,9.311978340148926
2002-10-23,58.474884033203125,5.707704544067383,5.860676288604736,11.421059608459473,13.479410171508789,5.343932151794434,11.551948547363281,3.8242180347442627,18.462318420410156,9.417715072631836
2002-10-24,57.282012939453125,5.519538879394531,5.764132022857666,11.214320182800293,13.19617748260498,5.258458137512207,11.381423950195312,3.8264172077178955,18.157991409301758,9.300650596618652
2002-10-25,58.474884033203125,5.680821418762207,5.675411224365234,11.496694564819336,13.363533973693848,5.3996758460998535,11.458434104919434,3.881394147872925,18.489355087280273,9.489458084106445
2002-10-28,58.09237289428711,5.594205379486084,5.664974212646484,11.466437339782715,13.176858901977539,5.38852596282959,11.205397605895996,3.958364248275757,18.408201217651367,9.338410377502441
2002-10-29,57.41815185546875,5.567325592041016,5.500583171844482,11.340381622314453,13.067431449890137,5.299336910247803,11.364920616149902,3.931973457336426,18.178266525268555,9.327086448669434
2002-10-30,57.9757080078125,5.5643415451049805,5.683241367340088,11.466437339782715,13.080305099487305,5.481430530548096,11.4144287109375,4.019937992095947,18.299999237060547,9.164704322814941
2002-10-31,57.385738372802734,5.585247039794922,5.623224258422852,11.3756742477417,13.183304786682129,5.4851484298706055,11.309913635253906,4.011141777038574,18.164745330810547,9.138275146484375
2002-11-01,58.52023696899414,5.704716682434082,5.771958351135254,11.537035942077637,13.357104301452637,5.648662567138672,11.452934265136719,4.030935287475586,18.347335815429688,9.274213790893555
2002-11-04,59.077762603759766,5.686795234680176,5.675411224365234,11.632843017578125,13.36998176574707,5.867918014526367,11.194388389587402,4.176072597503662,18.374391555786133,9.232678413391113
2002-11-05,59.54452896118164,5.734584331512451,5.792836666107178,11.67318058013916,13.498724937438965,5.830756187438965,11.304411888122559,4.176072597503662,18.604324340820312,9.357294082641602
2002-11-06,60.31599044799805,5.883923053741455,5.8450236320495605,11.698394775390625,13.749775886535645,5.9236602783203125,11.26039981842041,4.264036655426025,18.98303985595703,9.463024139404297
2002-11-07,58.8379020690918,5.761467456817627,5.735427379608154,11.274832725524902,13.45366096496582,5.689539909362793,11.232897758483887,4.066117763519287,18.901887893676758,9.232678413391113
2002-11-08,58.118316650390625,5.674847602844238,5.7015061378479,11.214320182800293,13.254105567932129,5.648662567138672,11.161385536193848,3.940770149230957,18.780155181884766,9.111844062805176
2002-11-11,57.21717834472656,5.510576248168945,5.6310505867004395,11.093302726745605,13.003060340881348,5.451703071594238,11.12838077545166,3.896789073944092,18.523168563842773,8.964570045471191
2002-11-12,57.6710090637207,5.585247039794922,5.612786293029785,11.209277153015137,13.00949478149414,5.604065418243408,10.798328399658203,3.8242180347442627,18.536699295043945,9.100512504577637
2002-11-13,57.72934341430664,5.57927131652832,5.487536907196045,11.153816223144531,12.983750343322754,5.630081653594971,10.957849502563477,3.8484060764312744,18.320287704467773,9.126951217651367
2002-11-14,58.81847381591797,5.749516487121582,5.664974212646484,11.491647720336914,13.163987159729004,5.856771469116211,11.106379508972168,3.9341745376586914,18.611085891723633,9.383724212646484
2002-11-15,59.252803802490234,5.7644524574279785,5.7093353271484375,11.597545623779297,13.163987159729004,5.867918014526367,11.183388710021973,3.9913482666015625,18.786911010742188,9.45925521850586
2002-11-18,58.65640640258789,5.69874382019043,5.7145514488220215,11.395846366882324,13.067431449890137,5.801026821136475,11.133883476257324,3.980354070663452,18.685474395751953,9.304425239562988
2002-11-19,58.57860565185547,5.69874382019043,5.7145514488220215,11.400888442993164,13.08674144744873,5.708119869232178,11.199891090393066,4.002346038818359,18.665185928344727,9.111844062805176
2002-11-20,59.88161849975586,5.761467456817627,5.826757431030273,11.688305854797363,13.279857635498047,5.945959568023682,11.188888549804688,4.000147819519043,18.834260940551758,9.19869613647461
2002-11-21,60.99667739868164,5.994431495666504,5.8711161613464355,11.965643882751465,13.827016830444336,6.254405975341797,11.05136775970459,4.0683159828186035,18.93569564819336,9.440367698669434
2002-11-22,60.56231689453125,5.922752857208252,5.745865345001221,11.884961128234863,13.762651443481445,6.232111930847168,11.05136775970459,4.182669639587402,18.800445556640625,9.466800689697266
2002-11-25,60.601226806640625,5.9795002937316895,5.792836666107178,11.864789962768555,13.736894607543945,6.32501745223999,10.979852676391602,4.191467761993408,18.746341705322266,9.52721881866455
2002-11-26,59.447265625,5.922752857208252,5.683241367340088,11.542080879211426,13.543777465820312,6.1429219245910645,10.908342361450195,4.085909366607666,18.44877052307129,9.266664505004883
2002-11-27,61.119850158691406,6.119879722595215,5.785004615783691,11.900089263916016,13.90425968170166,6.391907215118408,11.062373161315918,4.110100746154785,18.800445556640625,9.651829719543457
2002-11-29,60.92536544799805,6.257268905639648,5.855456829071045,11.799235343933105,13.872075080871582,6.354743480682373,10.996356964111328,4.127692699432373,18.726055145263672,9.561203002929688
2002-12-02,61.02259826660156,6.14078426361084,5.873726844787598,11.799235343933105,13.962200164794922,6.373325347900391,10.908342361450195,4.066117763519287,18.556983947753906,9.629175186157227
2002-12-03,60.20575714111328,6.069101333618164,5.931130409240723,11.627796173095703,13.730451583862305,6.15035343170166,10.97435188293457,4.110100746154785,18.43525505065918,9.327086448669434
2002-12-04,59.9334716796875,6.036248683929443,5.878944396972656,11.627796173095703,13.685404777526855,6.057448863983154,11.139382362365723,4.0177388191223145,18.604324340820312,9.327086448669434
2002-12-05,59.272254943847656,5.98845911026001,5.918084144592285,11.426095008850098,13.543777465820312,5.9236602783203125,11.029359817504883,4.004543781280518,18.496124267578125,9.262887954711914
2002-12-06,59.661231994628906,6.024299144744873,5.975493431091309,11.516863822937012,13.537346839904785,5.979404926300049,11.117379188537598,4.000147819519043,18.577272415161133,9.251554489135742
2002-12-09,58.02107238769531,5.886910915374756,5.8711161613464355,11.294999122619629,13.32492446899414,5.696972846984863,11.084369659423828,4.055123805999756,18.496124267578125,8.949468612670898
2002-12-10,58.79899978637695,5.928723335266113,5.962444305419922,11.466437339782715,13.434351921081543,5.7898759841918945,11.232897758483887,4.085909366607666,18.56374740600586,9.111844062805176
2002-12-11,58.85084533691406,5.994431495666504,5.931130409240723,11.476526260375977,13.505157470703125,5.834473609924316,11.166887283325195,4.123294353485107,18.536699295043945,9.100512504577637
2002-12-12,58.84437942504883,5.937682628631592,5.983320713043213,11.426095008850098,13.45366096496582,5.8084588050842285,11.09537410736084,4.136488914489746,18.347335815429688,9.043871879577637
2002-12-13,57.9173469543457,5.9018425941467285,5.9676618576049805,11.294999122619629,13.221921920776367,5.678390026092529,11.100872039794922,4.1782708168029785,18.245899200439453,8.881501197814941
2002-12-16,59.414859771728516,6.095981121063232,6.069427490234375,11.617714881896973,13.550209999084473,5.871634006500244,11.155882835388184,4.244246482849121,18.42849349975586,9.100512504577637
2002-12-17,58.896240234375,6.051183700561523,6.0068039894104,11.562248229980469,13.382855415344238,5.841904640197754,11.040360450744629,4.248642921447754,18.185033798217773,8.968350410461426
2002-12-18,58.21556091308594,5.98845911026001,5.957226276397705,11.345422744750977,13.363533973693848,5.682107448577881,11.023858070373535,4.23544979095459,18.130929946899414,8.85506820678711
2002-12-19,57.8006477355957,5.913788795471191,5.897210597991943,11.244569778442383,13.26698112487793,5.6598100662231445,10.880842208862305,4.2398481369018555,17.955102920532227,8.775765419006348
2002-12-20,58.625396728515625,6.015810489654541,6.016811847686768,11.489582061767578,13.476043701171875,5.7198028564453125,11.066099166870117,4.28368616104126,18.11054801940918,8.88665771484375
2002-12-23,58.64496994018555,5.985715389251709,6.043041706085205,11.464221000671387,13.411319732666016,5.790600776672363,11.099284172058105,4.265882968902588,18.225948333740234,8.761757850646973
2002-12-24,58.20844650268555,5.988724708557129,6.014188289642334,11.36276912689209,13.346593856811523,5.730980396270752,11.099284172058105,4.248082637786865,18.327770233154297,8.71634292602539
2002-12-26,58.23454284667969,5.994743824005127,5.945995330810547,11.327259063720703,13.391905784606934,5.701171875,11.093754768371582,4.274784564971924,18.0155086517334,8.814748764038086
2002-12-27,56.925086975097656,5.928536415100098,5.81747579574585,11.119281768798828,13.133000373840332,5.600561141967773,11.005264282226562,4.259206771850586,17.77793312072754,8.610376358032227
2002-12-30,57.400638580322266,5.946590423583984,5.846324443817139,11.200446128845215,13.204198837280273,5.544668674468994,11.071632385253906,4.2703351974487305,17.940845489501953,8.693628311157227
2002-12-31,57.47886276245117,5.970667362213135,5.856818675994873,11.159858703613281,13.327177047729492,5.514858722686768,11.027397155761719,4.261429786682129,18.02230453491211,8.746621131896973
2003-01-02,59.329010009765625,6.127156734466553,5.980090618133545,11.56567096710205,13.670225143432617,5.812959671020508,11.23753833770752,4.361571788787842,18.51105308532715,9.075899124145508
2003-01-03,59.51140213012695,6.094053268432617,5.969600200653076,11.555533409118652,13.715545654296875,5.8353166580200195,11.226482391357422,4.406074523925781,18.701112747192383,8.8677339553833
2003-01-06,60.560264587402344,6.211419105529785,6.019434928894043,11.946123123168945,13.838521957397461,6.09243106842041,11.309430122375488,4.604129314422607,18.904748916625977,9.030478477478027
2003-01-07,60.41041564941406,6.19035530090332,5.822721004486084,11.814233779907227,13.760849952697754,6.155776500701904,11.209890365600586,4.5039896965026855,18.63323402404785,8.98127555847168
2003-01-08,59.53744125366211,6.030855655670166,5.767639636993408,11.692492485046387,13.59256362915039,5.954555988311768,11.143523216247559,4.535144329071045,18.49067497253418,8.8980131149292
2003-01-09,60.4625358581543,6.124148368835449,5.841078281402588,11.92583179473877,13.76732349395752,6.1296916007995605,11.254131317138672,4.512890338897705,18.680744171142578,9.144025802612305
2003-01-10,60.62541580200195,6.19035530090332,5.793869972229004,11.920763969421387,13.741418838500977,6.163228511810303,11.287314414978027,4.512890338897705,18.673954010009766,9.166729927062988
2003-01-13,60.605865478515625,6.163268089294434,5.772887229919434,11.956268310546875,13.715545654296875,6.1296916007995605,11.314966201782227,4.417201995849609,18.687532424926758,9.212152481079102
2003-01-14,60.80130386352539,6.193362712860107,5.796494007110596,12.047575950622559,13.741418838500977,6.215395450592041,11.348153114318848,4.426103591918945,18.673954010009766,9.223505020141602
2003-01-15,60.19546890258789,6.091042518615723,5.814850807189941,11.870026588439941,13.547242164611816,6.09243106842041,11.23753833770752,4.412750720977783,18.46352767944336,9.113748550415039
2003-01-16,59.947872161865234,6.124148368835449,5.872553825378418,11.753361701965332,13.469583511352539,5.962008476257324,11.403450012207031,4.406074523925781,18.40921974182129,9.079680442810059
2003-01-17,59.06190490722656,6.076000213623047,5.827968597412109,11.717854499816895,13.372491836547852,5.671363353729248,11.337082862854004,4.386048316955566,18.395645141601562,8.988845825195312
2003-01-21,58.14332962036133,5.94358491897583,5.691577434539795,11.525089263916016,13.042378425598145,5.634098529815674,11.254131317138672,4.294812202453613,18.259883880615234,8.735267639160156
2003-01-22,57.439735412597656,5.871356964111328,5.67584228515625,11.34247875213623,12.796425819396973,5.596836566925049,11.12140941619873,4.256981372833252,18.212366104125977,8.610376358032227
2003-01-23,57.79154968261719,5.958630561828613,5.691577434539795,11.514945983886719,13.029439926147461,5.693717956542969,11.04398250579834,4.334868907928467,18.26667022705078,8.810962677001953
2003-01-24,56.273597717285156,5.8262152671813965,5.591910362243652,11.073620796203613,12.628134727478027,5.4701433181762695,10.800649642944336,4.22360372543335,17.866161346435547,8.56495475769043
2003-01-27,55.504859924316406,5.645653247833252,5.416178226470947,10.906227111816406,12.53104019165039,5.410524368286133,10.656862258911133,4.061154365539551,17.47247314453125,8.42870044708252
2003-01-28,55.91533660888672,5.693803787231445,5.5079803466796875,11.063481330871582,12.608711242675781,5.485049724578857,10.690043449401855,4.183548450469971,17.771142959594727,8.553596496582031
2003-01-29,56.3387565612793,5.7389421463012695,5.686331748962402,11.083772659301758,12.621667861938477,5.563301086425781,10.573902130126953,4.18132209777832,17.940845489501953,8.629292488098145
2003-01-30,55.003265380859375,5.612549304962158,5.597155570983887,10.80477523803711,12.401594161987305,5.39189338684082,10.380346298217773,4.114563941955566,17.608234405517578,8.383283615112305
2003-01-31,56.065181732177734,5.6727375984191895,5.709936141967773,11.01782512664795,12.608711242675781,5.384439945220947,10.651330947875977,4.161294937133789,17.96120834350586,8.455196380615234
2003-02-03,56.17591094970703,5.687782287597656,5.754526138305664,11.043190002441406,12.71875,5.432880878448486,10.690043449401855,4.174645900726318,17.88654327392578,8.485469818115234
2003-02-04,55.62215805053711,5.6637091636657715,5.793869972229004,10.779412269592285,12.608711242675781,5.339725017547607,10.695575714111328,4.154619216918945,17.676122665405273,8.311372756958008
2003-02-05,55.276885986328125,5.648663520812988,5.7519049644470215,10.677959442138672,12.621667861938477,5.321094512939453,10.61815071105957,4.092309951782227,17.547134399414062,8.288667678833008
2003-02-06,55.016300201416016,5.582455158233643,5.728299140930176,10.551140785217285,12.518098831176758,5.2912821769714355,10.535196304321289,4.054480075836182,17.51319694519043,8.258384704589844
2003-02-07,54.345272064208984,5.555368900299072,5.67584228515625,10.480124473571777,12.395118713378906,5.231662750244141,10.463301658630371,3.9832708835601807,17.479263305664062,8.194043159484863
2003-02-10,54.72966384887695,5.582455158233643,5.749281406402588,10.551140785217285,12.408068656921387,5.287558078765869,10.535196304321289,3.99662184715271,17.608234405517578,8.197831153869629
2003-02-11,54.3518180847168,5.519255638122559,5.71256160736084,10.404036521911621,12.278613090515137,5.26892614364624,10.336104393005371,3.929863929748535,17.40458869934082,8.228111267089844
2003-02-12,53.48532485961914,5.507216930389404,5.6128926277160645,10.27214527130127,12.175048828125,5.198125839233398,10.336104393005371,3.794121742248535,17.20772933959961,8.15998363494873
2003-02-13,53.648197174072266,5.522264003753662,5.586665153503418,10.348235130310059,12.019702911376953,5.2130327224731445,10.347161293029785,3.847529411315918,17.004091262817383,8.057788848876953
2003-02-14,54.82084655761719,5.525274276733398,5.631252288818359,10.581579208374023,12.298032760620117,5.376987934112549,10.535196304321289,3.912062168121338,17.18735694885254,8.231893539428711
2003-02-18,55.78499984741211,5.648663520812988,5.723054885864258,10.748974800109863,12.433953285217285,5.552121639251709,10.607091903686523,3.9543421268463135,17.608234405517578,8.458982467651367
2003-02-19,55.49185562133789,5.597499847412109,5.717808723449707,10.723610877990723,12.492207527160645,5.514858722686768,10.524133682250977,3.9565670490264893,17.526775360107422,8.341654777526855
2003-02-20,54.938114166259766,5.54032039642334,5.704690933227539,10.622163772583008,12.427481651306152,5.429155349731445,10.419061660766602,3.9543421268463135,17.329914093017578,8.262171745300293
2003-02-21,55.49185562133789,5.630603313446045,5.830589294433594,10.779412269592285,12.621667861938477,5.496227741241455,10.479894638061523,4.005524158477783,17.50640106201172,8.387064933776855
2003-02-24,54.59287643432617,5.4921722412109375,5.880423545837402,10.495338439941406,12.20093822479248,5.403070449829102,10.336104393005371,3.978821277618408,17.27560806274414,8.152414321899414
2003-02-25,55.02933120727539,5.4801344871521,5.8489460945129395,10.596792221069336,12.395118713378906,5.417975902557373,10.413525581359863,4.005524158477783,17.39100456237793,8.318938255310059
2003-02-26,54.228004455566406,5.504210948944092,5.86468505859375,10.47504997253418,12.298032760620117,5.276378631591797,10.358223915100098,3.9365410804748535,17.295982360839844,8.205397605895996
2003-02-27,54.94462585449219,5.510228633880615,5.830589294433594,10.627232551574707,12.382171630859375,5.328544616699219,10.369284629821777,3.9432156085968018,17.51319694519043,8.318938255310059
2003-02-28,55.309478759765625,5.522264003753662,5.877799987792969,10.677959442138672,12.414538383483887,5.410524368286133,10.32504653930664,3.9387660026550293,17.560710906982422,8.417346954345703
2003-03-03,54.781761169433594,5.501199722290039,5.898785591125488,10.561286926269531,12.362749099731445,5.317366123199463,10.242088317871094,3.965468645095825,17.47247314453125,8.288667678833008
2003-03-04,53.9088020324707,5.368783950805664,5.869931697845459,10.409101486206055,12.136209487915039,5.257746696472168,10.153606414794922,3.9409890174865723,17.282400131225586,8.057788848876953
2003-03-05,54.36481857299805,5.389851093292236,5.922389507293701,10.556212425231934,12.233301162719727,5.309915065765381,10.076180458068848,3.981046199798584,17.445310592651367,8.15998363494873
2003-03-06,53.9088020324707,5.296558380126953,5.927633762359619,10.409101486206055,12.142683982849121,5.242842674255371,10.009814262390137,3.981046199798584,17.479263305664062,8.065360069274902
2003-03-07,54.2801399230957,5.326653003692627,5.927633762359619,10.500419616699219,12.187994003295898,5.216758728027344,10.020879745483398,3.9943997859954834,17.648956298828125,8.186476707458496
2003-03-10,52.9771842956543,5.224334716796875,5.8673095703125,10.119961738586426,11.877302169799805,5.108696460723877,9.854969024658203,3.900935411453247,17.35028648376465,7.993453502655029
2003-03-11,52.45603561401367,5.1852126121521,5.809606075286865,9.952570915222168,11.65723991394043,5.082613945007324,9.954513549804688,3.894259452819824,17.11948585510254,7.9253249168396
2003-03-12,52.807823181152344,5.191232204437256,5.717808723449707,9.96778392791748,11.793156623840332,5.149684906005859,10.031937599182129,3.900935411453247,17.17378807067871,7.910183429718018
2003-03-13,54.63193130493164,5.422953128814697,5.741412162780762,10.393890380859375,12.136209487915039,5.425428867340088,10.25314712524414,3.9699177742004395,17.41815948486328,8.330296516418457
2003-03-14,54.80782699584961,5.45305061340332,5.717808723449707,10.439543724060059,12.330388069152832,5.444060802459717,10.236557960510254,3.985497236251831,17.27560806274414,8.345438003540039
2003-03-17,56.53419876098633,5.636620998382568,5.791245460510254,10.759116172790527,12.679909706115723,5.693717956542969,10.529661178588867,4.07450532913208,17.764345169067383,8.746621131896973
2003-03-18,56.86644744873047,5.7479729652404785,5.9014058113098145,10.819992065429688,12.848207473754883,5.7198028564453125,10.452237129211426,4.121238708496094,17.954423904418945,8.689851760864258
2003-03-19,57.30292892456055,5.72690486907959,5.90927267074585,10.977242469787598,12.92587661743164,5.708624839782715,10.629210472106934,4.098985195159912,18.158063888549805,8.856382369995117
2003-03-20,57.426727294921875,5.735933780670166,5.966979503631592,10.992464065551758,12.919398307800293,5.701171875,10.607091903686523,4.145715713500977,18.137697219848633,8.924504280090332
2003-03-21,58.65251541137695,5.9433159828186035,5.9007978439331055,11.271183013916016,13.371615409851074,5.7868757247924805,10.83785629272461,4.214762210845947,18.608699798583984,9.20271110534668
2003-03-24,56.703269958496094,5.710541725158691,5.813788890838623,10.878835678100586,12.897314071655273,5.552121639251709,10.548699378967285,4.1113080978393555,18.084606170654297,8.78199291229248
2003-03-25,57.246185302734375,5.716585159301758,5.866521835327148,10.960362434387207,12.92330265045166,5.630373954772949,10.5542631149292,4.167532444000244,18.445348739624023,8.910865783691406
2003-03-26,56.95836639404297,5.701472759246826,5.879700660705566,10.909411430358887,12.92330265045166,5.611742973327637,10.515337944030762,4.131547927856445,18.302413940429688,8.922229766845703
2003-03-27,57.00416946411133,5.634964466094971,5.927164554595947,10.843167304992676,12.890814781188965,5.548397064208984,10.537575721740723,4.15178918838501,18.370479583740234,8.888124465942383
2003-03-28,56.716373443603516,5.647055149078369,5.979896545410156,10.832976341247559,12.747871398925781,5.47759485244751,10.426362991333008,4.158536434173584,18.39769172668457,8.79715347290039
2003-03-31,55.42781066894531,5.556366443634033,5.884977340698242,10.578197479248047,12.546452522277832,5.328544616699219,10.326271057128906,4.138295650482178,18.186704635620117,8.615219116210938
2003-04-01,56.27814865112305,5.616823673248291,5.995716571807861,10.858453750610352,12.721879959106445,5.39189338684082,10.29290771484375,4.167532444000244,18.438547134399414,8.717555046081543
2003-04-02,57.63866424560547,5.731700897216797,5.9825358390808105,11.143800735473633,13.007769584655762,5.622921466827393,10.509775161743164,4.169780254364014,18.71079444885254,8.944973945617676
2003-04-03,57.363914489746094,5.674266815185547,5.871792793273926,11.092840194702148,12.994773864746094,5.608015060424805,10.437483787536621,4.1540398597717285,18.663145065307617,8.99045467376709
2003-04-04,57.704036712646484,5.707517623901367,5.9034342765808105,11.204944610595703,13.027253150939941,5.544668674468994,10.48197078704834,4.205768585205078,18.738025665283203,9.05489444732666
2003-04-07,57.59286880493164,5.752861976623535,5.858613967895508,11.245704650878906,13.12471866607666,5.559574127197266,10.426362991333008,4.205768585205078,18.574665069580078,9.13448429107666
2003-04-08,57.684452056884766,5.716585159301758,5.787423610687256,11.245704650878906,13.072742462158203,5.5036797523498535,10.548699378967285,4.1787800788879395,18.595083236694336,9.142066955566406
2003-04-09,56.92568588256836,5.616823673248291,5.78478479385376,11.087746620178223,12.916796684265137,5.384439945220947,10.465288162231445,4.169780254364014,18.350059509277344,9.020782470703125
2003-04-10,57.23966979980469,5.637988567352295,5.863886833190918,11.17947006225586,12.936296463012695,5.417975902557373,10.498652458190918,4.205768585205078,18.31602668762207,9.123112678527832
2003-04-11,57.00416946411133,5.625894546508789,5.8296074867248535,11.174370765686035,12.955789566040039,5.369535446166992,10.52089786529541,4.192272663116455,18.227540969848633,9.028360366821289
2003-04-14,58.181541442871094,5.737748146057129,5.858613967895508,11.398574829101562,13.176698684692383,5.499954700469971,10.704400062561035,4.246249675750732,18.527027130126953,9.259563446044922
2003-04-15,58.72443771362305,5.837508201599121,5.84279203414917,11.59219741821289,13.287152290344238,5.511133670806885,10.743322372436523,4.300227165222168,18.41131591796875,9.327790260314941
2003-04-16,57.72365188598633,5.758906364440918,5.7636919021606445,11.434239387512207,13.105231285095215,5.552121639251709,10.437483787536621,4.295727729797363,17.9757137298584,9.198923110961914
2003-04-17,58.58052444458008,5.840532302856445,5.879700660705566,11.638056755065918,13.319644927978516,5.667635440826416,10.620989799499512,4.3047261238098145,18.152671813964844,9.373269081115723
2003-04-21,58.6393928527832,5.831462383270264,5.877067565917969,11.597295761108398,13.202686309814453,5.645277976989746,10.543133735656738,4.345209121704102,18.200319290161133,9.377060890197754
2003-04-22,59.74479675292969,5.952386856079102,5.958803176879883,11.953977584838867,13.599024772644043,5.768243789672852,10.732203483581543,4.4059367179870605,18.50660514831543,9.566576957702637
2003-04-23,60.294254302978516,5.997729301452637,5.958803176879883,12.040604591369629,13.709477424621582,5.865126609802246,10.709961891174316,4.4059367179870605,18.663145065307617,9.665119171142578
2003-04-24,59.757896423339844,5.964478015899658,5.9377121925354,11.790921211242676,13.579537391662598,5.812959671020508,10.637672424316406,4.446417331695557,18.77886390686035,9.51351261138916
2003-04-25,59.01877212524414,5.873782634735107,5.863886833190918,11.663536071777344,13.475576400756836,5.704898357391357,10.476411819458008,4.435173988342285,18.520214080810547,9.369482040405273
2003-04-28,60.03913879394531,5.97656774520874,5.890252590179443,11.867358207702637,13.715977668762207,5.824138164520264,10.62655258178711,4.49589729309082,18.669963836669922,9.585526466369629
2003-04-29,60.24847412109375,6.027961254119873,5.80851411819458,11.882637977600098,13.754971504211426,5.8837571144104,10.72108268737793,4.502645969390869,18.78566551208496,9.665119171142578
2003-04-30,60.117645263671875,6.058192253112793,5.8348822593688965,11.908123970031738,13.904396057128906,5.816685199737549,10.632108688354492,4.49589729309082,18.78566551208496,9.623425483703613
2003-05-01,60.11111831665039,6.015870571136475,5.863886833190918,11.90302562713623,13.696484565734863,5.872580051422119,10.620989799499512,4.435173988342285,18.84011459350586,9.536249160766602
2003-05-02,60.967979431152344,6.094468116760254,5.956166744232178,12.091562271118164,13.884919166564941,5.995545387268066,10.704400062561035,4.4711594581604,19.125980377197266,9.627219200134277
2003-05-05,60.85022735595703,6.07935094833374,5.993079662322998,12.040604591369629,13.839432716369629,5.980642795562744,10.637672424316406,4.489150524139404,19.153213500976562,9.593107223510742
2003-05-06,61.42581558227539,6.11865234375,5.985167980194092,12.132322311401367,13.878419876098633,6.0887017250061035,10.693277359008789,4.482403755187988,19.187252044677734,9.71818733215332
2003-05-07,61.0856819152832,6.076328277587891,6.02471923828125,12.055883407592773,13.85892105102539,6.014175891876221,10.72108268737793,4.475656986236572,19.023897171020508,9.710603713989258
2003-05-08,60.470848083496094,6.015870571136475,6.032628536224365,11.91830825805664,13.72898006439209,5.917293548583984,10.671039581298828,4.468908309936523,18.955829620361328,9.619635581970215
2003-05-09,61.30811309814453,6.12772274017334,6.072181224822998,11.994745254516602,13.93690013885498,6.081247806549072,10.804489135742188,4.4981465339660645,19.166826248168945,9.729554176330566
2003-05-12,62.06031036376953,6.215391159057617,6.101184368133545,12.132322311401367,14.040853500366211,6.174407005310059,10.899029731750488,4.531883716583252,19.357412338256836,9.877372741699219
2003-05-13,61.94911193847656,6.173069953918457,6.169737339019775,12.096651077270508,13.99537181854248,6.163228511810303,10.84897518157959,4.540879249572754,19.39824676513672,9.866002082824707
2003-05-14,61.81830596923828,6.136791229248047,6.196100234985352,12.091562271118164,13.949886322021484,6.140868663787842,10.765569686889648,4.561121463775635,19.36421012878418,9.79019546508789
2003-05-15,62.21076965332031,6.173069953918457,6.198737621307373,12.213847160339355,14.099327087402344,6.204216003417969,10.84897518157959,4.630843639373779,19.547992706298828,9.81294059753418
2003-05-16,62.05377197265625,6.145856857299805,6.219832420349121,12.244421005249023,14.034350395202637,6.148318767547607,10.787812232971191,4.7275543212890625,19.50033950805664,9.828096389770508
2003-05-19,60.6016960144043,6.030986309051514,6.156552314758301,11.913213729858398,13.670495986938477,5.924746990203857,10.682159423828125,4.6533331871032715,18.84011459350586,9.532463073730469
2003-05-20,60.47740173339844,6.012843608856201,6.132821083068848,11.923404693603516,13.748469352722168,5.935925006866455,10.74888801574707,4.673572540283203,18.608699798583984,9.536249160766602
2003-05-21,60.6016960144043,6.052144527435303,6.314751148223877,11.948884963989258,13.670495986938477,5.943378448486328,10.832297325134277,4.66232967376709,18.744821548461914,9.57794189453125
2003-05-22,61.203433990478516,6.103537082672119,6.301567077636719,11.98454761505127,13.774457931518555,6.006723403930664,10.976875305175781,4.745544910430908,18.955829620361328,9.740923881530762
2003-05-23,61.32770538330078,6.112605094909668,6.359575271606445,12.030410766601562,13.826436042785645,6.014175891876221,10.9212646484375,4.925471782684326,18.88096046447754,9.706811904907227
2003-05-27,62.400421142578125,6.221436500549316,6.48613166809082,12.24951457977295,14.164304733276367,6.170680522918701,11.026927947998047,4.997441291809082,19.153213500976562,9.930439949035645
2003-05-28,62.57704162597656,6.203299045562744,6.409667491912842,12.397286415100098,14.112324714660645,6.211668968200684,11.093648910522461,4.97495174407959,19.119184494018555,9.934224128723145
2003-05-29,62.413516998291016,6.151906967163086,6.349025726318359,12.264799118041992,13.956388473510742,6.226573467254639,11.038045883178711,4.900731086730957,18.96263885498047,9.922857284545898
2003-05-30,63.41427993774414,6.245617389678955,6.454493045806885,12.514477729797363,14.281254768371582,6.31600284576416,11.15481948852539,4.950211524963379,19.173633575439453,10.13510799407959
2003-06-02,63.67591857910156,6.306082248687744,6.488770961761475,12.62658405303955,14.424201011657715,6.282467365264893,11.132580757141113,4.992943286895752,19.023897171020508,10.229867935180664
2003-06-03,63.93756103515625,6.309104919433594,6.536227703094482,12.697916984558105,14.443686485290527,6.338360786437988,11.243789672851562,5.013184547424316,19.173633575439453,10.214710235595703
2003-06-04,64.8598403930664,6.414911270141602,6.5784149169921875,12.881352424621582,14.632112503051758,6.472506523132324,11.327202796936035,5.0829057693481445,19.50714874267578,10.373897552490234
2003-06-05,65.18029022216797,6.430022716522217,6.544139385223389,12.962881088256836,14.671106338500977,6.472506523132324,11.338325500488281,5.024429798126221,19.69091796875,10.430749893188477
2003-06-06,64.92523193359375,6.417933940887451,6.530956745147705,12.952698707580566,14.794548034667969,6.409160614013672,11.299398422241211,4.970453262329102,19.867889404296875,10.377685546875
2003-06-09,64.26457214355469,6.309104919433594,6.520408630371094,12.68262767791748,14.599628448486328,6.31600284576416,11.277153968811035,4.965954780578613,19.6636962890625,10.229867935180664
2003-06-10,64.91868591308594,6.354451656341553,6.559957504272461,12.78963565826416,14.677586555480957,6.405433654785156,11.310522079467773,4.988444805145264,19.813432693481445,10.343573570251465
2003-06-11,65.6054916381836,6.414911270141602,6.749794960021973,12.983261108398438,14.969971656799316,6.4464240074157715,11.39393138885498,5.026679992675781,20.038047790527344,10.457283973693848
2003-06-12,65.80824279785156,6.469324588775635,6.689155101776123,12.957791328430176,15.008955001831055,6.476232051849365,11.432856559753418,5.087405681610107,20.078886032104492,10.521716117858887
2003-06-13,65.12150573730469,6.384681224822998,6.5784149169921875,12.9119291305542,14.846529006958008,6.334636211395264,11.321642875671387,5.019932746887207,19.956369400024414,10.408012390136719
2003-06-16,66.49505615234375,6.514674186706543,6.570502281188965,13.22784423828125,15.203883171081543,6.491138935089111,11.549633979797363,5.116644859313965,20.562129974365234,10.650582313537598
2003-06-17,66.49505615234375,6.538853168487549,6.507224082946777,13.222753524780273,15.210373878479004,6.5209455490112305,11.47734546661377,5.091902732849121,20.970521926879883,10.650582313537598
2003-06-18,66.43618774414062,6.47235107421875,6.467677116394043,13.095361709594727,15.132413864135742,6.584295749664307,11.460659980773926,5.116644859313965,20.91607093811035,10.552037239074707
2003-06-19,65.42234802246094,6.442116737365723,6.501953125,12.78454303741455,14.853015899658203,6.535851955413818,11.332758903503418,5.132386684417725,20.466846466064453,10.377685546875
2003-06-20,65.27792358398438,6.411412239074707,6.477578163146973,12.82344913482666,14.924650192260742,6.528400421142578,11.333877563476562,5.108117580413818,20.61429214477539,10.392108917236328
2003-06-23,64.60832977294922,6.29285192489624,6.459029674530029,12.623795509338379,14.742326736450195,6.397982120513916,11.272432327270508,5.053675651550293,20.272998809814453,10.26306438446045
2003-06-24,64.67396545410156,6.308053016662598,6.453734397888184,12.695467948913574,14.748833656311035,6.371898651123047,11.395328521728516,5.021923065185547,20.286649703979492,10.26306438446045
2003-06-25,64.02410125732422,6.265493392944336,6.4643330574035645,12.613560676574707,14.520922660827637,6.30855131149292,11.233332633972168,5.01284646987915,20.17742919921875,10.202332496643066
2003-06-26,64.8577880859375,6.359734058380127,6.435187339782715,12.721067428588867,14.69674301147461,6.427789688110352,11.305950164794922,5.06048059463501,20.464120864868164,10.278243064880371
2003-06-27,64.10943603515625,6.3050127029418945,6.411345958709717,12.613560676574707,14.55349063873291,6.379352569580078,11.244507789611816,4.994703769683838,20.150129318237305,10.21751880645752
2003-06-30,64.0897445678711,6.301974773406982,6.371605396270752,12.567488670349121,14.579538345336914,6.360719203948975,11.261262893676758,5.017385005950928,20.02043342590332,10.2820405960083
2003-07-01,64.68053436279297,6.286773681640625,6.366302967071533,12.715944290161133,14.612091064453125,6.450151443481445,11.356226921081543,4.983362197875977,20.1296443939209,10.259267807006836
2003-07-02,65.4945297241211,6.365811347961426,6.3583598136901855,12.874641418457031,14.651151657104492,6.584295749664307,11.428839683532715,5.019651889801025,20.32077407836914,10.35414981842041
2003-07-03,64.81841278076172,6.320214748382568,6.3477606773376465,12.813210487365723,14.638138771057129,6.506041049957275,11.361808776855469,4.990166664123535,20.19790267944336,10.342766761779785
2003-07-07,66.10504913330078,6.405335426330566,6.3053717613220215,13.033336639404297,14.83349323272705,6.729618549346924,11.445598602294922,4.999241352081299,20.341257095336914,10.551518440246582
2003-07-08,66.40046691894531,6.396213531494141,6.294774532318115,13.12035846710205,14.944190979003906,6.78178596496582,11.456767082214355,4.960677623748779,20.34807586669922,10.699545860290527
2003-07-09,66.02626037597656,6.374935626983643,6.3583598136901855,13.099878311157227,14.781396865844727,6.774337291717529,11.305950164794922,4.924385070800781,20.225208282470703,10.566702842712402
2003-07-10,65.18603515625,6.265493392944336,6.2629828453063965,12.910473823547363,14.586051940917969,6.6178297996521,11.261262893676758,4.8359222412109375,20.00678062438965,10.43006706237793
2003-07-11,65.80307006835938,6.3050127029418945,6.281530857086182,13.089638710021973,14.735818862915039,6.710986137390137,11.339463233947754,4.86541223526001,20.238866806030273,10.585677146911621
2003-07-14,66.124755859375,6.329333782196045,6.225891590118408,13.335358619689941,14.6837158203125,6.7407965660095215,11.311537742614746,4.858607292175293,20.218385696411133,10.64261245727539
2003-07-15,65.98035430908203,6.2837324142456055,6.172905445098877,13.26369571685791,14.592556953430176,6.751973628997803,11.372980117797852,4.763339519500732,20.143295288085938,10.578088760375977
2003-07-16,65.5930404663086,6.256373405456543,6.11461877822876,13.197139739990234,14.560001373291016,6.729618549346924,11.255675315856934,4.683952331542969,20.027259826660156,10.547727584838867
2003-07-17,64.66088104248047,6.24421501159668,6.154362678527832,12.977022171020508,14.520922660827637,6.524673938751221,11.216573715209961,4.672611236572266,19.897554397583008,10.426273345947266
2003-07-18,65.32390594482422,6.384056568145752,6.294774532318115,13.135716438293457,14.716282844543457,6.53957986831665,11.317121505737305,4.745193958282471,20.081872940063477,10.494585990905762
2003-07-21,64.51644134521484,6.359734058380127,6.260335922241211,12.982132911682129,14.651151657104492,6.394254684448242,11.222159385681152,4.677145481109619,19.767885208129883,10.376928329467773
2003-07-22,65.10066223144531,6.490459442138672,6.244438171386719,13.110115051269531,14.83349323272705,6.5321269035339355,11.339463233947754,4.756533622741699,19.73374366760254,10.452839851379395
2003-07-23,65.14659118652344,6.5056538581848145,6.209995746612549,13.06916332244873,14.7879056930542,6.5693888664245605,11.289194107055664,4.727046966552734,19.87708854675293,10.407294273376465
2003-07-24,64.65428924560547,6.581658363342285,6.151707649230957,13.012861251831055,14.7879056930542,6.476232051849365,11.210992813110352,4.724780082702637,19.720090866088867,10.395899772644043
2003-07-25,65.7965316772461,6.733658790588379,6.207348823547363,13.320000648498535,15.119997024536133,6.614102840423584,11.300368309020996,4.763339519500732,19.87708854675293,10.532541275024414
2003-07-28,65.55365753173828,6.733658790588379,6.180853843688965,13.268813133239746,15.133026123046875,6.625283718109131,11.233332633972168,4.729316234588623,19.829307556152344,10.585677146911621
2003-07-29,65.2516860961914,6.715413570404053,6.093425750732422,13.125471115112305,14.924650192260742,6.561936378479004,11.171887397766113,4.7089033126831055,19.740575790405273,10.517359733581543
2003-07-30,65.09410095214844,6.7184576988220215,6.101377964019775,13.130597114562988,14.924650192260742,6.513499736785889,11.244507789611816,4.674878120422363,19.822486877441406,10.449042320251465
2003-07-31,65.24510192871094,6.79749870300293,6.146413326263428,13.115235328674316,15.061392784118652,6.558213710784912,11.244507789611816,4.681683540344238,19.720090866088867,10.471816062927246
2003-08-01,64.66744995117188,6.727576732635498,6.130518913269043,12.859283447265625,14.944190979003906,6.524673938751221,11.132781982421875,4.6612701416015625,19.419748306274414,10.460428237915039
2003-08-04,64.66744995117188,6.7427778244018555,6.066935062408447,12.874641418457031,14.976752281188965,6.580565452575684,11.177474975585938,4.6612701416015625,19.453882217407227,10.380722999572754
2003-08-05,63.29543685913086,6.618135452270508,6.040439605712891,12.664752960205078,14.722797393798828,6.4166131019592285,11.04340648651123,4.588683605194092,19.133068084716797,10.209920883178711
2003-08-06,63.663021087646484,6.605977535247803,6.146413326263428,12.838798522949219,14.69674301147461,6.356991291046143,11.110444068908691,4.615903854370117,19.119407653808594,10.244084358215332
2003-08-07,64.3326187133789,6.612057685852051,6.300075531005859,12.900229454040527,14.7879056930542,6.338360786437988,11.205409049987793,4.659001350402832,19.42658233642578,10.331377983093262
2003-08-08,64.51644134521484,6.678935527801514,6.318619251251221,12.961663246154785,14.807446479797363,6.33090877532959,11.272432327270508,4.681683540344238,19.501657485961914,10.43006706237793
2003-08-11,64.7593002319336,6.71237850189209,6.3477606773376465,12.936064720153809,14.924650192260742,6.360719203948975,11.255675315856934,4.681683540344238,19.460716247558594,10.475608825683594
2003-08-12,65.3501205444336,6.748857498168945,6.392801761627197,13.089638710021973,15.067907333374023,6.457601070404053,11.345051765441895,4.745193958282471,19.51531982421875,10.616042137145996
2003-08-13,65.01535034179688,6.7427778244018555,6.3874969482421875,12.992380142211914,15.015813827514648,6.4464240074157715,11.305950164794922,4.699828624725342,19.235458374023438,10.578088760375977
2003-08-14,65.19255828857422,6.85221529006958,6.411345958709717,13.115235328674316,15.191633224487305,6.502316474914551,11.36739730834961,4.71797513961792,19.221797943115234,10.627432823181152
2003-08-15,65.39608001708984,6.824857234954834,6.4325432777404785,13.105002403259277,15.334887504577637,6.472506523132324,11.406496047973633,4.7089033126831055,19.18083953857422,10.703341484069824
2003-08-18,65.96063232421875,6.916059494018555,6.4325432777404785,13.12035846710205,15.562793731689453,6.662548542022705,11.428839683532715,4.6975626945495605,19.310544967651367,10.764065742492676
2003-08-19,66.21009826660156,6.989019393920898,6.403397560119629,13.105002403259277,15.653952598571777,6.751973628997803,11.36739730834961,4.702096939086914,19.20815086364746,10.775458335876465
2003-08-20,65.9409408569336,6.976857662200928,6.4325432777404785,13.074280738830566,15.562793731689453,6.714714050292969,11.328293800354004,4.747462272644043,19.15353775024414,10.839981079101562
2003-08-21,66.15101623535156,7.0194196701049805,6.493473529815674,13.074280738830566,15.745118141174316,6.778060436248779,11.36739730834961,4.765608787536621,19.044322967529297,10.923479080200195
2003-08-22,65.4945297241211,6.903898239135742,6.392801761627197,12.82344913482666,15.595349311828613,6.766878604888916,11.266844749450684,4.699828624725342,18.75764274597168,10.775458335876465
2003-08-25,65.5995864868164,6.870456218719482,6.392801761627197,12.869518280029297,15.452089309692383,6.725893020629883,11.333877563476562,4.722513198852539,18.894153594970703,10.741294860839844
2003-08-26,65.7177505493164,6.879578113555908,6.398098945617676,12.895112037658691,15.543258666992188,6.763156414031982,11.350638389587402,4.736120223999023,18.90780258178711,10.813414573669434
2003-08-27,65.7374267578125,6.903898239135742,6.424591541290283,12.843924522399902,15.530241012573242,6.807871341705322,11.395328521728516,4.751998424530029,18.921457290649414,10.828595161437988
2003-08-28,66.14446258544922,6.976857662200928,6.530563831329346,12.900229454040527,15.653952598571777,6.848858833312988,11.428839683532715,4.763339519500732,18.935115814208984,10.904502868652344
2003-08-29,66.5908203125,6.985976696014404,6.538510799407959,12.961663246154785,15.64744758605957,6.8712158203125,11.434425354003906,4.774682521820068,18.989717483520508,11.006979942321777
2003-09-02,67.48360443115234,7.068060398101807,6.580901145935059,13.192025184631348,15.875336647033691,7.020264148712158,11.562906265258789,4.863142967224121,19.276397705078125,11.15880012512207
2003-09-03,67.85121154785156,7.071099758148193,6.5835490226745605,13.21762466430664,16.00558090209961,7.094790935516357,11.59083366394043,4.879021167755127,19.201318740844727,11.155011177062988
2003-09-04,67.88404846191406,7.007261753082275,6.572951793670654,13.161311149597168,15.992552757263184,7.161865711212158,11.64669418334961,4.881288528442383,19.249107360839844,11.189166069030762
2003-09-05,67.50333404541016,6.979898452758789,6.543808460235596,13.099878311157227,15.81674575805664,7.124606132507324,11.523799896240234,4.872217655181885,19.201318740844727,11.079093933105469
2003-09-08,68.06128692626953,7.040699005126953,6.633886337280273,13.227856636047363,15.894881248474121,7.255018711090088,11.557316780090332,4.908507823944092,19.542621612548828,11.082892417907715
2003-09-09,67.61491394042969,7.013337135314941,6.562356948852539,13.161311149597168,15.725586891174316,7.17677116394043,11.428839683532715,4.8971686363220215,19.604053497314453,10.866548538208008
2003-09-10,66.93222045898438,6.879578113555908,6.493473529815674,12.946307182312012,15.543258666992188,6.964375019073486,11.423254013061523,4.890363693237305,19.63136100769043,10.729910850524902
2003-09-11,67.1291275024414,6.900857448577881,6.480228424072266,13.002616882324219,15.673494338989258,7.046351909637451,11.484700202941895,4.876753330230713,19.740575790405273,10.817206382751465
2003-09-12,67.25383758544922,7.01029634475708,6.488175868988037,13.023091316223145,15.666976928710938,7.053804874420166,11.512629508972168,4.913045883178711,19.78152847290039,10.779250144958496
2003-09-15,67.01753234863281,6.982938766479492,6.4457879066467285,13.023091316223145,15.686511993408203,7.01281213760376,11.501460075378418,4.8858256340026855,19.726917266845703,10.817206382751465
2003-09-16,67.99564361572266,7.0194196701049805,6.456384181976318,13.176666259765625,15.888364791870117,7.191673278808594,11.507041931152344,4.928922653198242,19.849788665771484,10.976618766784668
2003-09-17,67.86434173583984,6.916059494018555,6.371605396270752,13.197139739990234,15.823254585266113,7.180492877960205,11.562906265258789,4.915311813354492,19.8020076751709,10.972822189331055
2003-09-18,68.66520690917969,6.967738628387451,6.398098945617676,13.514527320861816,16.012096405029297,7.281106472015381,11.635523796081543,4.969753265380859,19.870262145996094,11.044936180114746
2003-09-19,68.31597900390625,6.998297691345215,6.456944465637207,13.49343204498291,15.944779396057129,7.28855562210083,11.608060836791992,4.977761745452881,19.710063934326172,10.979567527770996
2003-09-22,67.57791137695312,6.885228157043457,6.4196624755859375,13.297870635986328,15.735669136047363,7.150685787200928,11.512773513793945,4.950299263000488,19.443063735961914,10.812344551086426
2003-09-23,67.83494567871094,6.906614303588867,6.456944465637207,13.390503883361816,15.794488906860352,7.191673278808594,11.58003044128418,4.973184585571289,19.607376098632812,10.91115951538086
2003-09-24,66.62899017333984,6.799657821655273,6.488895416259766,13.158923149108887,15.48735237121582,6.945741653442383,11.47913932800293,4.913679599761963,19.25821304321289,10.698331832885742
2003-09-25,66.08202362060547,6.689639091491699,6.430316925048828,13.097172737121582,15.369729995727539,6.893570899963379,11.467928886413574,4.9228339195251465,19.128141403198242,10.656527519226074
2003-09-26,65.86458587646484,6.671304702758789,6.371737003326416,13.025123596191406,15.206354141235352,6.856313705444336,11.43990707397461,4.968606472015381,19.039140701293945,10.538714408874512
2003-09-29,66.51038360595703,6.775208473205566,6.403690338134766,13.164073944091797,15.363191604614258,6.968099594116211,11.43990707397461,5.021245956420898,19.128141403198242,10.523512840270996
2003-09-30,65.86458587646484,6.671304702758789,6.403690338134766,13.076586723327637,15.21943187713623,6.81159782409668,11.389460563659668,5.012090682983398,19.039140701293945,10.481707572937012
2003-10-01,67.26819610595703,6.7843780517578125,6.496885299682617,13.405943870544434,15.520023345947266,6.960646629333496,11.596844673156738,5.018956661224365,19.381452560424805,10.770540237426758
2003-10-02,67.51201629638672,6.833277225494385,6.539485454559326,13.431669235229492,15.591904640197754,6.945741653442383,11.596844673156738,5.067017555236816,19.511526107788086,10.827555656433105
2003-10-03,68.1314468383789,6.91578483581543,6.576760292053223,13.534603118896484,15.748745918273926,7.15813684463501,11.686529159545898,5.078460693359375,19.422529220581055,10.949163436889648
2003-10-06,68.44117736816406,6.9127302169799805,6.616700649261475,13.596360206604004,15.755280494689941,7.195401668548584,11.725760459899902,5.071596622467041,19.347211837768555,11.028975486755371
2003-10-07,68.70478820800781,6.943292140960693,6.648653507232666,13.678691864013672,15.833695411682129,7.243844985961914,11.787415504455566,5.055577278137207,19.333515167236328,11.074583053588867
2003-10-08,68.53343200683594,6.967739105224609,6.603389739990234,13.658108711242676,15.761816024780273,7.191673278808594,11.753780364990234,5.037265777587891,19.230836868286133,10.994771957397461
2003-10-09,68.71796417236328,6.995244026184082,6.582086563110352,13.694132804870605,15.866372108459473,7.22148323059082,11.770600318908691,5.046421527862549,19.25821304321289,11.13538646697998
2003-10-10,68.90904998779297,6.973852634429932,6.630017280578613,13.694132804870605,15.774880409240723,7.281106472015381,11.764997482299805,5.030399799346924,19.210290908813477,11.158196449279785
2003-10-13,69.12654113769531,7.047195911407471,6.656643390655518,13.910269737243652,15.840227127075195,7.303461074829102,11.809829711914062,5.062440872192383,19.265064239501953,11.272205352783203
2003-10-14,69.3703384399414,7.093036651611328,6.630017280578613,13.99261474609375,15.918647766113281,7.284828186035156,11.871487617492676,5.076172351837158,19.292455673217773,11.333017349243164
2003-10-15,69.18580627441406,7.086925983428955,6.534160137176514,13.956595420837402,15.944779396057129,7.3295464515686035,11.854681015014648,5.012090682983398,19.25136947631836,11.287410736083984
2003-10-16,69.46260070800781,7.111372947692871,6.603389739990234,13.972025871276855,15.951323509216309,7.355629920959473,11.871487617492676,5.034974098205566,19.354063034057617,11.336812973022461
2003-10-17,68.70478820800781,7.044136047363281,6.558124542236328,13.84852409362793,15.840227127075195,7.236391544342041,11.798628807067871,5.002935886383057,19.134994506835938,11.17719554901123
2003-10-20,69.21878051757812,7.071642875671387,6.555459499359131,13.85366439819336,15.879435539245605,7.322093486785889,11.804232597351074,5.028110980987549,19.230836868286133,11.165787696838379
2003-10-21,69.10018920898438,7.089980125427246,6.576760292053223,13.84852409362793,15.853297233581543,7.363082408905029,11.787415504455566,5.021245956420898,19.408838272094727,11.199993133544922
2003-10-22,68.23033142089844,6.970795631408691,6.488895416259766,13.652956008911133,15.670337677001953,7.255018711090088,11.731368064880371,5.018956661224365,18.888530731201172,11.044174194335938
2003-10-23,68.10511779785156,7.001356601715088,6.478245735168457,13.745590209960938,15.709534645080566,7.199127197265625,11.731368064880371,5.028110980987549,19.080209732055664,11.044174194335938
2003-10-24,68.25665283203125,6.989133834838867,6.475580215454102,13.730157852172852,15.716073989868164,7.091062068939209,11.720155715942383,5.012090682983398,19.134994506835938,11.055578231811523
2003-10-27,68.28960418701172,7.038026809692383,6.4489521980285645,13.730157852172852,15.722612380981445,7.128326892852783,11.714556694030762,5.032690048217773,19.08706283569336,11.17719554901123
2003-10-28,69.21878051757812,7.099148750305176,6.467592239379883,13.905130386352539,15.905582427978516,7.299733638763428,11.843469619750977,5.018956661224365,19.237672805786133,11.428021430969238
2003-10-29,69.31103515625,7.193883895874023,6.454277515411377,13.925713539123535,16.010133743286133,7.310917377471924,11.899516105651855,5.014379024505615,19.182910919189453,11.405223846435547
2003-10-30,69.45598602294922,7.319182872772217,6.366413593292236,13.946300506591797,16.134294509887695,7.303461074829102,11.882706642150879,5.055577278137207,19.004907608032227,11.443227767944336
2003-10-31,69.39008331298828,7.30695915222168,6.464934349060059,13.982320785522461,16.16043472290039,7.310917377471924,11.90512466430664,5.046421527862549,19.169221878051758,11.435628890991211
2003-11-03,69.84478759765625,7.322238922119141,6.424992561340332,14.131555557250977,16.23885154724121,7.482323169708252,12.011616706848145,5.071596622467041,19.11444091796875,11.52303695678711
2003-11-04,69.69325256347656,7.310013294219971,6.403690338134766,14.059515953063965,16.284597396850586,7.418975830078125,11.938758850097656,5.046421527862549,18.991220474243164,11.45462703704834
2003-11-05,69.74597930908203,7.2825093269348145,6.422330856323242,14.028640747070312,16.271526336669922,7.441336631774902,11.921940803527832,5.044131278991699,18.97067642211914,11.443227767944336
2003-11-06,70.11497497558594,7.303905010223389,6.430316925048828,14.095540046691895,16.356475830078125,7.500951290130615,11.99480152130127,5.023533344268799,19.066524505615234,11.526836395263672
2003-11-07,69.59439086914062,7.331409454345703,6.446292877197266,13.946300506591797,16.29766082763672,7.471145153045654,11.99480152130127,4.991493225097656,18.895376205444336,11.557247161865234
2003-11-10,69.31103515625,7.227504253387451,6.435642242431641,13.961732864379883,16.147363662719727,7.374261379241943,11.961173057556152,4.980051040649414,18.75160026550293,11.42042350769043
2003-11-11,69.29122924804688,7.20916748046875,6.432977676391602,13.91541862487793,16.088544845581055,7.355629920959473,11.972384452819824,4.984627723693848,18.792686462402344,11.40141773223877
2003-11-12,70.06883239746094,7.322238922119141,6.470253944396973,14.023489952087402,16.349939346313477,7.5121331214904785,12.062063217163086,4.996069431304932,19.14183807373047,11.515433311462402
2003-11-13,70.08863830566406,7.316126346588135,6.528830528259277,13.97717571258545,16.343402862548828,7.448786735534668,11.921940803527832,5.002935886383057,19.586830139160156,11.473626136779785
2003-11-14,69.49554443359375,7.273343563079834,6.542148590087891,13.7970552444458,16.21923828125,7.348176002502441,11.854681015014648,4.996069431304932,19.874374389648438,11.348214149475098
2003-11-17,69.14625549316406,7.224445819854736,6.475580215454102,13.761031150817871,16.173507690429688,7.247569561004639,11.865890502929688,4.954875469207764,19.812755584716797,11.24560260772705
2003-11-18,68.4280014038086,7.203052520751953,6.430316925048828,13.6015043258667,16.095088958740234,7.15813684463501,11.821044921875,4.8656206130981445,19.69637680053711,11.101183891296387
2003-11-19,69.00792694091797,7.206106662750244,6.446292877197266,13.70442008972168,16.23885154724121,7.236391544342041,11.882706642150879,4.927412033081055,19.90176010131836,11.173389434814453
2003-11-20,68.38848876953125,7.151097774505615,6.430316925048828,13.5860595703125,16.121219635009766,7.124606132507324,11.798628807067871,4.915968418121338,19.6416015625,11.161993980407715
2003-11-21,68.67179107666016,7.169436931610107,6.382387638092041,13.663253784179688,16.134294509887695,7.184219837188721,11.826642990112305,4.906816005706787,19.401987075805664,11.211400985717773
2003-11-24,69.58119201660156,7.2641730308532715,6.417004585266113,13.791908264160156,16.33033561706543,7.366809368133545,11.989200592041016,4.982337951660156,19.7169132232666,11.435628890991211
2003-11-25,69.84478759765625,7.36807918548584,6.454277515411377,13.869112014770508,16.461034774780273,7.3593549728393555,12.01722526550293,5.0098042488098145,19.621065139770508,11.545839309692383
2003-11-26,70.0952377319336,7.456700801849365,6.515523910522461,13.951444625854492,16.461034774780273,7.389164447784424,12.00041389465332,5.046421527862549,19.621065139770508,11.54204273223877
2003-11-28,70.14794158935547,7.471979141235352,6.515523910522461,13.930858612060547,16.480636596679688,7.41525411605835,12.045248985290527,5.057863712310791,19.57998275756836,11.538235664367676
2003-12-01,70.9057388305664,7.695075988769531,6.582086563110352,14.090385437011719,16.722429275512695,7.489775657653809,12.02283000946045,5.071596622467041,19.894912719726562,11.648452758789062
2003-12-02,70.72782135009766,7.685904502868652,6.6273512840271,14.049219131469727,16.689746856689453,7.456238269805908,11.916335105895996,5.080750942230225,19.908605575561523,11.561040878295898
2003-12-03,70.61581420898438,7.750079154968262,6.590075969696045,14.023489952087402,16.70281219482422,7.4301581382751465,11.921940803527832,5.071596622467041,19.956512451171875,11.515433311462402
2003-12-04,70.9057388305664,7.802034378051758,6.7498345375061035,14.059515953063965,16.75510597229004,7.523309707641602,11.972384452819824,5.083037376403809,19.990758895874023,11.48883056640625
2003-12-05,70.41152954101562,7.73174524307251,6.797762870788574,13.946300506591797,16.630935668945312,7.389164447784424,11.933149337768555,5.11050271987915,19.840139389038086,11.371020317077637
2003-12-08,70.88597869873047,7.8600945472717285,6.872317790985107,14.074947357177734,16.781230926513672,7.40779447555542,11.961173057556152,5.124233722686768,19.990758895874023,11.42042350769043
2003-12-09,70.33900451660156,7.847872734069824,6.877642631530762,13.951444625854492,16.781230926513672,7.247569561004639,11.916335105895996,5.080750942230225,19.908605575561523,11.363417625427246
2003-12-10,70.33245849609375,7.756189346313477,6.882967472076416,13.874248504638672,16.74855613708496,7.28855562210083,11.927541732788086,5.103637218475342,19.77168083190918,11.310210227966309
2003-12-11,71.12320709228516,7.832595348358154,6.917583465576172,14.033788681030273,17.00995635986328,7.426428318023682,11.921940803527832,5.126522541046143,20.01814079284668,11.485028266906738
2003-12-12,71.26160430908203,7.899825572967529,6.99479866027832,14.074947357177734,17.03609275817871,7.433880805969238,12.00041389465332,5.137965202331543,20.079753875732422,11.545839309692383
2003-12-15,70.9057388305664,7.890655994415283,6.906935214996338,14.038932800292969,17.05569076538086,7.34072208404541,11.921940803527832,5.119658470153809,20.045515060424805,11.496431350708008
2003-12-16,71.2748031616211,7.890655994415283,7.0107741355896,14.162442207336426,17.160245895385742,7.377986907958984,12.039647102355957,5.151697635650635,20.120830535888672,11.469828605651855
2003-12-17,71.49883270263672,7.936498641967773,7.077339172363281,14.110973358154297,17.179847717285156,7.366809368133545,12.02842903137207,5.174584865570068,20.161903381347656,11.576245307922363
2003-12-18,72.30280303955078,8.003732681274414,7.266393661499023,14.234480857849121,17.37590217590332,7.489775657653809,12.09009075164795,5.240954875946045,20.312522888183594,11.72446060180664
2003-12-19,72.10150909423828,8.007728576660156,7.253549575805664,14.277970314025879,17.3890323638916,7.463882923126221,12.045622825622559,5.25296688079834,20.280235290527344,11.760282516479492
2003-12-22,72.60468292236328,8.087651252746582,7.261576175689697,14.355623245239258,17.494098663330078,7.47514009475708,12.113166809082031,5.301477909088135,20.273365020751953,11.798393249511719
2003-12-23,72.6510238647461,8.106096267700195,7.210761070251465,14.376337051391602,17.53350067138672,7.535178184509277,12.118799209594727,5.329197406768799,20.287111282348633,11.836501121520996
2003-12-24,72.57820129394531,8.075356483459473,7.288321495056152,14.376337051391602,17.467832565307617,7.520166873931885,12.079391479492188,5.33843469619751,20.348939895629883,11.790773391723633
2003-12-26,72.63115692138672,8.139908790588379,7.317746639251709,14.371159553527832,17.43500518798828,7.535178184509277,12.090655326843262,5.345366954803467,20.403902053833008,11.84411907196045
2003-12-29,73.59782409667969,8.269017219543457,7.403329372406006,14.567880630493164,17.65826988220215,7.670270919799805,12.169456481933594,5.3846354484558105,20.568775177001953,11.95082950592041
2003-12-30,73.61103057861328,8.219834327697754,7.419378280639648,14.598943710327148,17.553205490112305,7.659015655517578,12.186341285705566,5.398498058319092,20.623733520507812,11.912713050842285
2003-12-31,73.6772689819336,8.204463005065918,7.368558883666992,14.562703132629395,17.572906494140625,7.64776086807251,12.25951862335205,5.389255523681641,20.713045120239258,12.000367164611816
2004-01-02,73.6441650390625,8.164502143859863,7.365883827209473,14.542001724243164,17.559770584106445,7.685283184051514,12.113166809082031,5.375395774841309,20.761127471923828,11.897469520568848
2004-01-05,74.4452896118164,8.330497741699219,7.507641315460205,14.661065101623535,17.730504989624023,7.872912406921387,12.191965103149414,5.3846354484558105,20.857315063476562,12.000367164611816
2004-01-06,74.51814270019531,8.256720542907715,7.499612808227539,14.655896186828613,17.704233169555664,7.944211483001709,12.220117568969727,5.3730878829956055,20.919139862060547,12.046099662780762
2004-01-07,74.76971435546875,8.213683128356934,7.422056674957275,14.666245460510254,17.730504989624023,7.981742858886719,12.169456481933594,5.40080451965332,21.049671173095703,12.09945011138916
2004-01-08,75.06766510009766,8.305904388427734,7.443451404571533,14.718006134033203,17.842145919799805,8.1393461227417,12.152569770812988,5.398498058319092,20.960363388061523,12.06134033203125
2004-01-09,74.41218566894531,8.16142749786377,7.480892658233643,14.666245460510254,17.664831161499023,8.030521392822266,12.062505722045898,5.380017280578613,20.829835891723633,12.01180648803711
2004-01-12,74.9616928100586,8.146056175231934,7.502292156219482,14.728368759155273,17.72394371032715,8.154358863830566,12.118799209594727,5.377706050872803,20.795490264892578,11.985127449035645
2004-01-13,74.52473449707031,8.041540145874023,7.50496768951416,14.655896186828613,17.651700973510742,8.038030624389648,12.101906776428223,5.352296829223633,20.706178665161133,11.966069221496582
2004-01-14,75.14710998535156,8.075356483459473,7.486240863800049,14.769786834716797,17.894678115844727,8.13559341430664,12.14693832397461,5.416975498199463,20.822961807250977,12.06134033203125
2004-01-15,75.33248138427734,8.013879776000977,7.360537052154541,14.894023895263672,17.920944213867188,8.169371604919434,12.158198356628418,5.398498058319092,20.877927780151367,12.0956392288208
2004-01-16,75.63045501708984,8.010804176330566,7.430075645446777,14.940613746643066,18.255857467651367,8.274438858032227,12.152569770812988,5.389255523681641,20.926015853881836,12.0956392288208
2004-01-20,75.61054992675781,8.041540145874023,7.617300510406494,14.91991138458252,18.032575607299805,8.293201446533203,12.113166809082031,5.42852783203125,20.857315063476562,12.00798511505127
2004-01-21,76.20643615722656,8.047689437866211,7.6627702713012695,15.142518043518066,18.157346725463867,8.229408264160156,12.163829803466797,5.5232343673706055,21.207677841186523,12.156612396240234
2004-01-22,76.0078353881836,7.964690685272217,7.6253228187561035,15.142518043518066,18.071990966796875,8.150606155395508,12.124425888061523,5.544025421142578,21.248912811279297,12.251882553100586
2004-01-23,75.76283264160156,7.810993194580078,7.692185878753662,15.070040702819824,18.006319046020508,8.124334335327148,12.225747108459473,5.495517253875732,21.145851135253906,12.213767051696777
2004-01-26,76.71625518798828,7.884769439697266,7.737656593322754,15.277122497558594,18.236148834228516,8.274438858032227,12.343955039978027,5.463175296783447,21.413782119750977,12.236640930175781
2004-01-27,75.92838287353516,7.863247394561768,7.721610069274902,15.173584938049316,18.058853149414062,8.14684772491455,12.282034873962402,5.444697380065918,21.276378631591797,12.152802467346191
2004-01-28,75.06104278564453,7.798696517944336,7.611950874328613,14.90438175201416,17.776479721069336,8.011759757995605,12.158198356628418,5.465487480163574,21.090896606445312,11.863176345825195
2004-01-29,75.13386535644531,7.749511241912842,7.606601715087891,15.0286283493042,17.783039093017578,7.970478057861328,12.32706069946289,5.5093793869018555,21.400041580200195,11.9393892288208
2004-01-30,75.13386535644531,7.841732978820801,7.534385681152344,15.038980484008789,17.750207901000977,7.974231243133545,12.25951862335205,5.500137805938721,21.283252716064453,11.931767463684082
2004-02-02,75.4582748413086,7.804843425750732,7.577178955078125,15.126989364624023,17.71737289428711,7.974231243133545,12.310172080993652,5.467796802520752,21.558053970336914,11.897469520568848
2004-02-03,75.33248138427734,7.761812210083008,7.547760486602783,15.142518043518066,17.651700973510742,7.985493183135986,12.372091293334961,5.516304969787598,21.69546127319336,11.832691192626953
2004-02-04,74.71676635742188,7.709550857543945,7.494266986846924,15.018271446228027,17.566341400146484,7.790354251861572,12.445262908935547,5.426218032836914,21.76416015625,11.817444801330566
2004-02-05,74.93523406982422,7.807918071746826,7.427401542663574,15.013097763061523,17.730504989624023,7.8016180992126465,12.524069786071777,5.3938775062561035,21.654232025146484,11.90891170501709
2004-02-06,75.77613830566406,7.964690685272217,7.478219032287598,15.266767501831055,17.80930519104004,7.966723918914795,12.619760513305664,5.4400763511657715,21.81911277770996,12.03466510772705
2004-02-09,75.79595184326172,7.970842361450195,7.569156646728516,15.20465087890625,17.763341903686523,7.906685829162598,12.636643409729004,5.472416877746582,21.60614776611328,12.049907684326172
2004-02-10,76.04094696044922,8.013879776000977,7.670794486999512,15.251235961914062,17.750207901000977,7.970478057861328,12.68730640411377,5.518616676330566,21.70232391357422,12.152802467346191
2004-02-11,76.84868621826172,8.210613250732422,7.7751007080078125,15.484193801879883,17.947221755981445,8.034274101257324,12.670419692993164,5.513997554779053,21.901552200317383,12.274749755859375
2004-02-12,76.5705795288086,8.186017990112305,7.7991719245910645,15.458314895629883,17.93407440185547,7.959224224090576,12.692935943603516,5.49782657623291,21.76416015625,12.213767051696777
2004-02-13,76.22633361816406,8.121466636657715,7.780449390411377,15.427257537841797,17.84871482849121,7.910440444946289,12.614129066467285,5.490896701812744,21.667987823486328,12.091826438903809
2004-02-17,76.91486358642578,8.207536697387695,7.847317695617676,15.541136741638184,17.986614227294922,8.026771545410156,12.726709365844727,5.532478332519531,21.805374145507812,12.248075485229492
2004-02-18,76.57723236083984,8.173723220825195,7.764402389526367,15.458314895629883,17.894678115844727,7.98924446105957,12.709816932678223,5.550955295562744,21.709197998046875,12.175666809082031
2004-02-19,76.29252624511719,8.225983619689941,7.756378650665283,15.453136444091797,17.75678253173828,7.869161128997803,12.77173900604248,5.513997554779053,21.633625030517578,12.187095642089844
2004-02-20,76.06080627441406,8.155282974243164,7.75370454788208,15.411721229553223,17.72394371032715,7.831634998321533,12.873052597045898,5.4608659744262695,21.516841888427734,12.0956392288208
2004-02-23,75.8687515258789,8.15835189819336,7.81522274017334,15.411721229553223,17.65826988220215,7.726561069488525,12.946226119995117,5.481657028198242,21.47562026977539,12.00798511505127
2004-02-24,75.73637390136719,8.195240020751953,7.828592300415039,15.349597930908203,17.65826988220215,7.734067440032959,12.867435455322266,5.451626300811768,21.57179069519043,12.030855178833008
2004-02-25,76.05419158935547,8.207536697387695,7.8660383224487305,15.416899681091309,17.612314224243164,7.794106960296631,12.906830787658691,5.507068157196045,21.599275588989258,12.0956392288208
2004-02-26,76.10051727294922,8.207536697387695,7.892784118652344,15.43243408203125,17.62543487548828,7.812870502471924,12.906830787658691,5.544025421142578,21.57179069519043,12.171859741210938
2004-02-27,76.15348052978516,8.250575065612793,7.930230140686035,15.46867847442627,17.618865966796875,7.771590232849121,12.957481384277344,5.604090213775635,21.509958267211914,12.19090461730957
2004-03-01,76.90826416015625,8.385828018188477,8.08267879486084,15.577378273010254,17.710803985595703,7.8654069900512695,13.10383415222168,5.631805896759033,21.57179069519043,12.267128944396973
2004-03-02,76.4580307006836,8.281312942504883,8.013142585754395,15.499725341796875,17.651700973510742,7.835383892059326,12.974373817443848,5.6063995361328125,21.43439483642578,12.232826232910156
2004-03-03,76.59709167480469,8.23213005065918,8.00244426727295,15.592917442321777,17.64513397216797,7.797863960266113,13.041916847229004,5.604090213775635,21.523696899414062,12.24425983428955
2004-03-04,76.79570007324219,8.278242111206055,7.978372573852539,15.634328842163086,17.710803985595703,7.8654069900512695,13.013772964477539,5.643357276916504,21.619884490966797,12.293798446655273
2004-03-05,77.0539321899414,8.275162696838379,8.047910690307617,15.76893138885498,17.750207901000977,7.805365562438965,13.019405364990234,5.687249183654785,21.729801177978516,12.381447792053223
2004-03-08,76.11376190185547,8.186017990112305,8.08267879486084,15.686114311218262,17.448135375976562,7.636500358581543,13.013772964477539,5.671073913574219,21.709197998046875,12.209964752197266
2004-03-09,75.80919647216797,8.063056945800781,8.029189109802246,15.582562446594238,17.329927444458008,7.636500358581543,13.013772964477539,5.638737201690674,21.461875915527344,12.129938125610352
2004-03-10,74.53797912597656,7.838656425476074,7.890109539031982,15.334075927734375,17.008142471313477,7.501408100128174,12.980002403259277,5.574055194854736,21.13211441040039,11.981311798095703
2004-03-11,73.5713119506836,7.767955780029297,7.71358585357666,15.08556842803955,16.752050399780273,7.418851375579834,12.732333183288574,5.493208408355713,20.726787567138672,11.760282516479492
2004-03-12,74.53797912597656,7.89398717880249,7.825917720794678,15.308178901672363,17.040987014770508,7.565202236175537,12.732333183288574,5.546337604522705,20.781749725341797,11.947016716003418
2004-03-15,73.62432098388672,7.703403472900391,7.841968059539795,15.08556842803955,16.830846786499023,7.422602653503418,12.608498573303223,5.5301666259765625,20.596256256103516,11.710741996765137
2004-03-16,74.01496124267578,7.77717924118042,7.839293956756592,15.225347518920898,17.021286010742188,7.46763801574707,12.631014823913574,5.583299160003662,20.740516662597656,11.813634872436523
2004-03-17,74.842529296875,7.875551223754883,7.948951244354248,15.401371002197266,17.231430053710938,7.56144905090332,12.782994270324707,5.671073913574219,20.719911575317383,11.981311798095703
2004-03-18,74.86241149902344,7.872470855712891,8.029189109802246,15.40654468536377,17.251129150390625,7.512665748596191,12.777366638183594,5.645666122436523,20.699302673339844,11.95082950592041
2004-03-19,73.78936767578125,7.872162818908691,7.864539623260498,15.237010955810547,17.03432846069336,7.411344528198242,12.75025463104248,5.612597465515137,20.372169494628906,11.882902145385742
2004-03-22,72.85253143310547,7.699420928955078,7.789332389831543,15.039406776428223,16.803686141967773,7.29126501083374,12.58077621459961,5.547386646270752,20.117340087890625,11.699734687805176
2004-03-23,72.7262954711914,7.739523410797119,7.735614776611328,15.034209251403809,16.757566452026367,7.280004501342773,12.558177947998047,5.5450615882873535,20.18620491027832,11.676841735839844
2004-03-24,72.7861099243164,7.7055888175964355,7.571770668029785,14.919797897338867,16.757566452026367,7.317530155181885,12.592076301574707,5.556703567504883,20.076013565063477,11.734081268310547
2004-03-25,73.7495346069336,7.906093597412109,7.542220115661621,15.075799942016602,17.03432846069336,7.550195217132568,12.767200469970703,5.566018581390381,20.18620491027832,11.940143585205078
2004-03-26,73.76947784423828,7.927685737609863,7.628171920776367,15.065401077270508,17.1265811920166,7.505159378051758,12.69375228881836,5.584650993347168,20.268848419189453,11.928689002990723
2004-03-29,74.8059310913086,8.04182243347168,7.668464660644531,15.2578125,17.330860137939453,7.602726936340332,12.846283912658691,5.619582176208496,20.544336318969727,12.03935718536377
2004-03-30,75.05841827392578,8.100433349609375,7.808136463165283,15.361827850341797,17.43628692626953,7.613987922668457,12.925376892089844,5.6405439376831055,20.496135711669922,12.130938529968262
2004-03-31,75.14479064941406,8.060332298278809,7.880658149719238,15.289016723632812,17.403348922729492,7.565202236175537,12.925376892089844,5.6638336181640625,20.61321449279785,12.11567497253418
2004-04-01,75.59658813476562,8.118940353393555,7.789332389831543,15.450228691101074,17.502197265625,7.644006729125977,12.874534606933594,5.680136203765869,20.757844924926758,12.169097900390625
2004-04-02,76.1679458618164,8.254670143127441,7.824249267578125,15.393020629882812,17.699880599975586,7.835383892059326,12.891472816467285,5.652190685272217,21.00577735900879,12.279759407043457
2004-04-05,76.5865707397461,8.226902961730957,7.864539623260498,15.434630393981934,17.910751342773438,7.902936935424805,12.936678886413574,5.668491363525391,21.246835708618164,12.40568733215332
2004-04-06,76.34071350097656,8.26700496673584,7.864539623260498,15.424232482910156,17.8975830078125,7.820374488830566,12.998812675476074,5.670820236206055,21.177961349487305,12.378973007202148
2004-04-07,76.16132354736328,8.171377182006836,7.864539623260498,15.382619857788086,17.8580379486084,7.771590232849121,12.964923858642578,5.612597465515137,21.081539154052734,12.28739070892334
2004-04-08,75.98859405517578,8.125107765197754,7.934373378753662,15.356624603271484,17.759191513061523,7.786602973937988,12.897132873535156,5.607940196990967,20.93691062927246,12.211071014404297
2004-04-12,76.28759765625,8.217653274536133,8.084787368774414,15.450228691101074,17.937108993530273,7.805365562438965,12.947969436645508,5.519442558288574,21.109092712402344,12.314105033874512
2004-04-13,75.21788024902344,8.038736343383789,8.014955520629883,15.122611999511719,17.66034507751465,7.707796096801758,12.81804370880127,5.419300079345703,20.923139572143555,12.08514404296875
2004-04-14,75.33744049072266,8.066502571105957,8.031068801879883,14.940595626831055,17.647165298461914,7.7002949714660645,12.908424377441406,5.426288604736328,21.13664436340332,12.06606388092041
2004-04-15,75.05177307128906,8.11276912689209,8.138507843017578,14.852189064025879,17.699880599975586,7.610232830047607,12.947969436645508,5.456564426422119,21.522319793701172,12.054620742797852
2004-04-16,75.62977600097656,8.183716773986816,8.202974319458008,15.013402938842773,17.8580379486084,7.538931369781494,13.038360595703125,5.475193977355957,21.680721282958984,12.169097900390625
2004-04-19,75.62977600097656,8.171377182006836,8.184174537658691,14.987397193908691,17.759191513061523,7.625245094299316,13.077900886535645,5.440262317657471,21.5911865234375,12.17673110961914
2004-04-20,74.36078643798828,8.001723289489746,8.017641067504883,14.711780548095703,17.581275939941406,7.4601240158081055,12.976223945617676,5.379709720611572,21.233055114746094,12.100409507751465
2004-04-21,74.85912322998047,7.92460298538208,7.990781307220459,14.706575393676758,17.69329261779785,7.572704792022705,13.00445556640625,5.421628952026367,21.481002807617188,12.11567497253418
2004-04-22,75.90885925292969,8.189889907836914,8.149251937866211,14.961393356323242,18.082077026367188,7.689036846160889,13.134394645690918,5.482180118560791,21.65317726135254,12.359895706176758
2004-04-23,75.98197174072266,8.128191947937012,8.084787368774414,14.88338851928711,18.00301170349121,7.790354251861572,13.145692825317383,5.484509468078613,21.5911865234375,12.31028938293457
2004-04-26,75.87561798095703,8.088091850280762,8.130452156066895,14.852189064025879,17.910751342773438,7.696545124053955,13.117452621459961,5.50081205368042,21.474105834960938,12.211071014404297
2004-04-27,75.94207763671875,8.103520393371582,8.299665451049805,14.88858699798584,17.92393684387207,7.674027919769287,13.151341438293457,5.51012659072876,21.556758880615234,12.295026779174805
2004-04-28,74.95872497558594,7.828975200653076,8.18148136138916,14.675378799438477,17.68670654296875,7.542688369750977,12.998812675476074,5.514786720275879,21.363916397094727,12.150017738342285
2004-04-29,74.30097961425781,7.733349800109863,7.985411643981934,14.62857723236084,17.528553009033203,7.430109977722168,13.066605567932129,5.428615093231201,21.233055114746094,12.069880485534668
2004-04-30,73.72293853759766,7.6870856285095215,8.014955520629883,14.623373031616211,17.39675521850586,7.27625036239624,13.094853401184082,5.421628952026367,21.253721237182617,11.978297233581543
2004-05-03,74.51364135742188,7.711760997772217,8.200286865234375,14.722186088562012,17.594446182250977,7.317530155181885,13.173935890197754,5.458892345428467,21.529218673706055,12.03935718536377
2004-05-04,74.45377349853516,7.785794258117676,8.205659866333008,14.768986701965332,17.666927337646484,7.388830184936523,13.117452621459961,5.479849338531494,21.49476432800293,12.01645565032959
2004-05-05,74.93218994140625,7.758028984069824,8.23251724243164,14.753376960754395,17.68011474609375,7.426357269287109,13.140045166015625,5.44258975982666,21.61873435974121,12.043169021606445
2004-05-06,74.28768157958984,7.680912494659424,8.192230224609375,14.592170715332031,17.587854385375977,7.392583847045898,13.08354663848877,5.461219787597656,21.536094665527344,11.863819122314453
2004-05-07,73.05854034423828,7.406375408172607,7.993464946746826,14.280145645141602,17.278135299682617,7.355056285858154,12.959270477294922,5.295867919921875,21.391477584838867,11.57762336730957
2004-05-10,72.30775451660156,7.394035339355469,7.7624735832214355,14.160540580749512,17.027734756469727,7.3250346183776855,12.897132873535156,5.221343040466309,21.1159725189209,11.4326171875
2004-05-11,72.91902923583984,7.486577033996582,7.896770000457764,14.233346939086914,17.133167266845703,7.422602653503418,12.874534606933594,5.207372665405273,21.13664436340332,11.600519180297852
2004-05-12,73.38410949707031,7.4742350578308105,7.94511604309082,14.394553184509277,17.278135299682617,7.400086402893066,12.806742668151855,5.2027153968811035,21.212398529052734,11.638677597045898
2004-05-13,73.07843017578125,7.532843112945557,7.923630237579346,14.420557022094727,17.278135299682617,7.400086402893066,12.784143447875977,5.2236762046813965,21.184846878051758,11.600519180297852
2004-05-14,73.11168670654297,7.505084991455078,8.017641067504883,14.430964469909668,17.24519157409668,7.298769474029541,12.834986686706543,5.251620769500732,21.14352798461914,11.604342460632324
2004-05-17,72.48714447021484,7.363190174102783,8.017641067504883,14.243749618530273,17.054094314575195,7.219963073730469,12.75025463104248,5.195725917816162,21.081539154052734,11.421168327331543
2004-05-18,72.85253143310547,7.498912811279297,7.899457931518555,14.358155250549316,17.225425720214844,7.29126501083374,12.823689460754395,5.239975452423096,21.07465362548828,11.600519180297852
2004-05-19,72.60009765625,7.514339923858643,7.864539623260498,14.368552207946777,17.199066162109375,7.3250346183776855,12.755895614624023,5.2027153968811035,20.8680419921875,11.55091381072998
2004-05-20,72.83262634277344,7.495828151702881,7.856480598449707,14.420557022094727,17.159534454345703,7.321283340454102,12.801094055175781,5.256278991699219,20.730295181274414,11.57762336730957
2004-05-21,72.95886993408203,7.576031684875488,7.818880558013916,14.508967399597168,17.278135299682617,7.343799591064453,12.806742668151855,5.24929141998291,20.7716121673584,11.634861946105957
2004-05-24,73.2645034790039,7.650064945220947,7.996151924133301,14.529773712158203,17.409940719604492,7.355056285858154,12.755895614624023,5.321488380432129,20.668306350708008,11.756972312927246
2004-05-25,74.31430053710938,7.801217555999756,8.130452156066895,14.73778247833252,17.66034507751465,7.493900775909424,12.908424377441406,5.416971206665039,20.8680419921875,11.993566513061523
2004-05-26,74.57337188720703,7.822810173034668,8.063302993774414,14.826187133789062,17.699880599975586,7.478893280029297,12.919722557067871,5.419300079345703,20.978235244750977,12.001198768615723
2004-05-27,74.99198913574219,7.896843433380127,7.950491905212402,14.862586975097656,17.825084686279297,7.523923397064209,13.07225227355957,5.475193977355957,21.191736221313477,12.054620742797852
2004-05-28,74.98534393310547,7.903013706207275,7.990781307220459,14.872991561889648,17.825084686279297,7.56144905090332,13.021411895751953,5.486839771270752,21.184846878051758,12.054620742797852
2004-06-01,74.88565063476562,7.88450288772583,8.100905418395996,14.815787315368652,17.825084686279297,7.5089111328125,13.021411895751953,5.479849338531494,21.2950382232666,12.043169021606445
2004-06-02,75.16474151611328,7.899925708770752,8.084787368774414,14.88858699798584,17.98983383178711,7.5089111328125,13.128746032714844,5.489166736602783,21.4258975982666,12.08896255493164
2004-06-03,74.4737319946289,7.751861572265625,8.012269020080566,14.768986701965332,17.8580379486084,7.411344528198242,13.100499153137207,5.430943965911865,21.370798110961914,12.012643814086914
2004-06-04,75.0650405883789,7.822810173034668,7.97197961807251,14.89378833770752,17.956876754760742,7.482645034790039,13.123096466064453,5.449573993682861,21.41213035583496,12.062255859375
2004-06-07,76.20783996582031,7.983214378356934,8.119707107543945,15.10700511932373,18.266599655151367,7.655261516571045,13.236083030700684,5.496152877807617,21.62562370300293,12.230151176452637
2004-06-08,76.31413269042969,7.989387035369873,8.084787368774414,15.086204528808594,18.306142807006836,7.696545124053955,13.29822063446045,5.444919109344482,21.65317726135254,12.272127151489258
2004-06-09,75.60324096679688,7.896843433380127,8.020325660705566,14.93019962310791,18.147981643676758,7.610232830047607,13.24737548828125,5.40998649597168,21.398351669311523,12.180547714233398
2004-06-10,75.97529602050781,7.933858394622803,8.122389793395996,15.003007888793945,18.273181915283203,7.651512145996094,13.24737548828125,5.447249412536621,21.405241012573242,12.230151176452637
2004-06-14,75.22449493408203,7.822810173034668,8.060617446899414,14.794986724853516,18.174346923828125,7.5464396476745605,13.179585456848145,5.40998649597168,21.253721237182617,12.073699951171875
2004-06-15,75.75605010986328,7.903013706207275,8.176115036010742,14.852189064025879,18.33908462524414,7.659015655517578,13.241727828979492,5.433273792266846,21.281272888183594,12.14620590209961
2004-06-16,75.74275207519531,7.906093597412109,8.334587097167969,14.878185272216797,18.38521385192871,7.625245094299316,13.224782943725586,5.4635515213012695,21.288158416748047,12.157645225524902
2004-06-17,75.62977600097656,7.936939716339111,8.396364212036133,14.88858699798584,18.398387908935547,7.538931369781494,13.173935890197754,5.50081205368042,21.32259178161621,12.188183784484863
2004-06-18,75.77246856689453,8.045412063598633,8.419012069702148,14.907405853271484,18.502731323242188,7.553940773010254,13.1722412109375,5.530178546905518,21.312915802001953,12.185120582580566
2004-06-21,75.48578643798828,8.014424324035645,8.400139808654785,14.860367774963379,18.43008804321289,7.520166873931885,13.155231475830078,5.567765235900879,21.167890548706055,12.143094062805176
2004-06-22,75.86585998535156,8.042314529418945,8.456767082214355,14.933540344238281,18.601776123046875,7.598977088928223,13.160901069641113,5.5466203689575195,21.078105926513672,12.089595794677734
2004-06-23,76.5193862915039,8.141486167907715,8.599693298339844,14.970132827758789,18.86590576171875,7.704043865203857,13.177912712097168,5.588907718658447,21.202434539794922,12.185120582580566
2004-06-24,76.27931213378906,8.135286331176758,8.548457145690918,15.001489639282227,18.826282501220703,7.666522979736328,13.126869201660156,5.607702255249023,21.209327697753906,12.188943862915039
2004-06-25,75.91255950927734,8.156987190246582,8.499918937683105,14.949219703674316,18.799875259399414,7.696545124053955,13.002129554748535,5.574814796447754,21.022855758666992,12.177480697631836
2004-06-28,75.65249633789062,8.129091262817383,8.378562927246094,14.93876838684082,18.66119956970215,7.636500358581543,13.002129554748535,5.600655555725098,20.919252395629883,12.154553413391113
2004-06-29,75.96588134765625,8.24066162109375,8.424407958984375,14.876042366027832,18.806474685668945,7.715303897857666,13.013469696044922,5.558366298675537,21.029766082763672,12.062847137451172
2004-06-30,76.3726577758789,8.299548149108887,8.489128112792969,14.93876838684082,18.925342559814453,7.767843246459961,13.092859268188477,5.58186149597168,21.105735778808594,12.085771560668945
2004-07-01,75.3124008178711,8.150781631469727,8.499918937683105,14.834221839904785,18.641399383544922,7.625245094299316,12.96243953704834,5.516081809997559,20.808761596679688,12.013175964355469
2004-07-02,75.27239227294922,8.101197242736816,8.532275199890137,14.876042366027832,18.482919692993164,7.542688369750977,12.96243953704834,5.5724639892578125,20.79494857788086,11.948221206665039
2004-07-06,74.61224365234375,8.039215087890625,8.553851127624512,14.77150821685791,18.44329071044922,7.381324768066406,12.968100547790527,5.563068866729736,20.64301109313965,11.871805191040039
2004-07-07,74.832275390625,8.132190704345703,8.605088233947754,14.740148544311523,18.47630500793457,7.430109977722168,12.979447364807129,5.574814796447754,20.594663619995117,11.837410926818848
2004-07-08,74.31221008300781,8.064008712768555,8.561939239501953,14.630376815795898,18.37065315246582,7.306271553039551,12.96243953704834,5.553670406341553,20.54632568359375,11.676929473876953
2004-07-09,74.50553131103516,8.094998359680176,8.610480308532715,14.630376815795898,18.522531509399414,7.366314888000488,12.996453285217285,5.541924476623535,20.497974395751953,11.741888046264648
2004-07-12,74.53887176513672,8.101197242736816,8.561939239501953,14.698325157165527,18.548946380615234,7.355056285858154,13.013469696044922,5.553670406341553,20.408185958862305,11.772454261779785
2004-07-13,74.59220886230469,8.129091262817383,8.540369987487793,14.714006423950195,18.588565826416016,7.321283340454102,13.03048324584961,5.541924476623535,20.57394027709961,11.81830883026123
2004-07-14,74.36548614501953,8.129091262817383,8.642837524414062,14.646056175231934,18.555551528930664,7.204956531524658,13.024813652038574,5.591257095336914,20.64991569519043,11.768630981445312
2004-07-15,73.88538360595703,8.144586563110352,8.699467658996582,14.510162353515625,18.64800262451172,7.1674275398254395,12.939754486083984,5.617097854614258,20.422006607055664,11.711318969726562
2004-07-16,73.8253402709961,8.163183212280273,8.804641723632812,14.515381813049316,18.57535743713379,7.092376708984375,12.934083938598633,5.657039165496826,20.242441177368164,11.581406593322754
2004-07-19,73.51192474365234,8.125985145568848,8.774975776672363,14.53629207611084,18.49611473083496,7.114890098571777,12.939754486083984,5.682882308959961,20.145750045776367,11.535550117492676
2004-07-20,74.44551086425781,8.113590240478516,8.748010635375977,14.609468460083008,18.608373641967773,7.231221675872803,12.945430755615234,5.694623947143555,20.22862434387207,11.66546630859375
2004-07-21,73.07180786132812,7.95863676071167,8.59160041809082,14.463117599487305,18.364055633544922,7.122394561767578,12.76964282989502,5.605353355407715,20.00072479248047,11.562296867370605
2004-07-22,73.27188110351562,7.924551486968994,8.618569374084473,14.478787422180176,18.251792907714844,7.197447776794434,12.729952812194824,5.567765235900879,20.097410202026367,11.581406593322754
2004-07-23,72.65837097167969,7.88425874710083,8.586209297180176,14.405617713928223,18.16595458984375,7.073615550994873,12.542835235595703,5.534876823425293,19.973094940185547,11.512629508972168
2004-07-26,72.51834106445312,7.816078186035156,8.510697364807129,14.41084098815918,18.106515884399414,7.114890098571777,12.497465133666992,5.520780563354492,19.772809982299805,11.41328239440918
2004-07-27,73.19851684570312,7.949336051940918,8.596994400024414,14.531062126159668,18.29140853881836,7.182442665100098,12.627885818481445,5.513735294342041,19.85568618774414,11.608152389526367
2004-07-28,73.4185791015625,8.020621299743652,8.656322479248047,14.578104019165039,18.403682708740234,7.178685188293457,12.593863487243652,5.586560249328613,19.80734634399414,11.558479309082031
2004-07-29,73.73197937011719,8.125985145568848,8.71834659576416,14.640826225280762,18.423473358154297,7.280004501342773,12.44643783569336,5.626496315002441,19.897127151489258,11.61579704284668
2004-07-30,73.91203308105469,8.110492706298828,8.750706672668457,14.619924545288086,18.397071838378906,7.295016765594482,12.44643783569336,5.6664323806762695,19.973094940185547,11.627253532409668
2004-08-02,74.0654296875,8.160085678100586,8.739920616149902,14.708782196044922,18.482919692993164,7.313780784606934,12.571185111999512,5.708723068237305,19.952375411987305,11.696033477783203
2004-08-03,73.49191284179688,8.07950210571289,8.845086097717285,14.619924545288086,18.383867263793945,7.193696975708008,12.520153045654297,5.69697380065918,19.931657791137695,11.577587127685547
2004-08-04,73.48527526855469,8.091899871826172,8.640144348144531,14.656509399414062,18.383867263793945,7.204956531524658,12.548497200012207,5.746308326721191,19.89022445678711,11.516446113586426
2004-08-05,72.28495788574219,7.9183502197265625,8.510697364807129,14.416070938110352,18.007463455200195,7.096132755279541,12.401068687438965,5.678183078765869,19.52418327331543,11.313936233520508
2004-08-06,71.25137329101562,7.775784492492676,8.340814590454102,14.290621757507324,17.637678146362305,6.882232189178467,12.247967720031738,5.720468997955322,19.25482940673828,11.14963436126709
2004-08-09,71.35138702392578,7.825375556945801,8.475648880004883,14.27493953704834,17.67730140686035,6.927263259887695,12.293330192565918,5.706371307373047,19.165058135986328,11.13435173034668
2004-08-10,72.27164459228516,7.952438831329346,8.44328498840332,14.47357177734375,17.97444725036621,7.047343730926514,12.389727592468262,5.748655796051025,19.44821548461914,11.298650741577148
2004-08-11,72.12493133544922,7.924551486968994,8.400139808654785,14.515381813049316,17.954633712768555,6.870974063873291,12.486125946044922,5.772152423858643,19.772809982299805,11.218414306640625
2004-08-12,71.33805084228516,7.816078186035156,8.29227352142334,14.363802909851074,17.690500259399414,6.735884666442871,12.457770347595215,5.769803047180176,19.662309646606445,11.065573692321777
2004-08-13,71.47811126708984,7.788179874420166,8.394744873046875,14.379484176635742,17.65749168395996,6.7734055519104,12.514484405517578,5.748655796051025,19.51036834716797,11.09231948852539
2004-08-16,72.2182846069336,8.005122184753418,8.445982933044434,14.599016189575195,17.98764991760254,6.8334479331970215,12.593863487243652,5.774502277374268,19.772809982299805,11.355969429016113
2004-08-17,72.62505340576172,8.048511505126953,8.251822471618652,14.68264389038086,17.97444725036621,6.878479957580566,12.605201721191406,5.772152423858643,19.800437927246094,11.501166343688965
2004-08-18,73.37186431884766,8.119795799255371,8.359688758850098,14.860367774963379,18.258394241333008,6.991058349609375,12.690258979797363,5.809736728668213,20.062875747680664,11.600505828857422
2004-08-19,73.15850067138672,8.132190704345703,8.386655807495117,14.797639846801758,18.040489196777344,6.968540191650391,12.627885818481445,5.781550407409668,19.993806838989258,11.547011375427246
2004-08-20,73.67196655273438,8.197272300720215,8.472946166992188,14.949219703674316,18.218780517578125,7.002318382263184,12.684593200683594,5.8050432205200195,20.159568786621094,11.65018367767334
2004-08-23,73.48527526855469,8.129091262817383,8.367780685424805,14.896949768066406,18.212167739868164,7.036087989807129,12.639229774475098,5.7932963371276855,20.118122100830078,11.589052200317383
2004-08-24,73.58529663085938,8.150781631469727,8.346205711364746,14.923089981079102,18.225385665893555,6.998563766479492,12.6448974609375,5.8050432205200195,20.13193130493164,11.619617462158203
2004-08-25,74.08540344238281,8.24066162109375,8.400139808654785,15.053762435913086,18.423473358154297,7.077365875244141,12.718611717224121,5.828535556793213,20.325307846069336,11.707502365112305
2004-08-26,74.08540344238281,8.284049987792969,8.459465026855469,15.090349197387695,18.43008804321289,7.039838790893555,12.741296768188477,5.828535556793213,20.297691345214844,11.703675270080566
2004-08-27,74.31880187988281,8.293347358703613,8.513401985168457,15.106036186218262,18.423473358154297,7.069859504699707,12.718611717224121,5.826183795928955,20.44272232055664,11.703675270080566
2004-08-30,73.70529174804688,8.222065925598145,8.475648880004883,15.017169952392578,18.32442855834961,6.998563766479492,12.65623664855957,5.840280532836914,20.18718910217285,11.611969947814941
2004-08-31,74.09209442138672,8.24686050415039,8.615873336791992,15.095584869384766,18.410274505615234,6.972294807434082,12.667582511901855,5.896663665771484,20.297691345214844,11.604339599609375
2004-09-01,74.23210906982422,8.280946731567383,8.766885757446289,15.0380859375,18.416872024536133,7.0248308181762695,12.667582511901855,5.877868175506592,20.38056755065918,11.642539024353027
2004-09-02,75.07233428955078,8.39561653137207,8.836999893188477,15.20534610748291,18.667810440063477,7.1073899269104,12.815006256103516,5.931900978088379,20.587749481201172,11.825949668884277
2004-09-03,74.76556396484375,8.37702465057373,8.855874061584473,15.20012092590332,18.614988327026367,6.953531742095947,12.871711730957031,5.9107584953308105,20.54632568359375,11.814483642578125
2004-09-07,75.25902557373047,8.451404571533203,8.845086097717285,15.383066177368164,18.753652572631836,6.983553886413574,12.871711730957031,5.953044414520264,20.68446159362793,11.894725799560547
2004-09-08,75.07233428955078,8.355328559875488,8.85318374633789,15.268075942993164,18.72063636779785,6.991058349609375,12.735617637634277,5.896663665771484,20.636104583740234,11.856517791748047
2004-09-09,75.00567626953125,8.370826721191406,8.979921340942383,15.252389907836914,18.674413681030273,7.096132755279541,12.684593200683594,5.922506809234619,20.553232192993164,11.795379638671875
2004-09-10,75.39242553710938,8.302644729614258,8.931385040283203,15.325565338134766,18.72723960876465,7.216211318969727,12.695928573608398,5.934250831604004,20.525604248046875,11.902369499206543
2004-09-13,75.63916015625,8.293347358703613,8.993408203125,15.283760070800781,18.747053146362305,7.249985694885254,12.70727252960205,5.887263774871826,20.54632568359375,11.94057846069336
2004-09-14,75.79249572753906,8.284049987792969,9.033858299255371,15.304658889770508,18.793264389038086,7.280004501342773,12.712944030761719,5.877868175506592,20.705163955688477,11.994071006774902
2004-09-15,75.21903228759766,8.249957084655762,9.004195213317871,15.247161865234375,18.62158203125,7.163677215576172,12.588197708129883,5.889614105224609,20.622282028198242,11.925294876098633
2004-09-16,75.44574737548828,8.284049987792969,9.031160354614258,15.325565338134766,18.74044418334961,7.178685188293457,12.520153045654297,5.924856662750244,20.615386962890625,11.997894287109375
2004-09-17,75.7665023803711,8.248244285583496,9.183588027954102,15.361303329467773,18.945205688476562,7.2274699211120605,12.578801155090332,5.960150241851807,20.67703628540039,12.02314281463623
2004-09-20,75.31117248535156,8.25757884979248,9.186300277709961,15.20363712310791,18.845806121826172,7.253739356994629,12.368112564086914,5.938830375671387,20.448442459106445,11.93130874633789
2004-09-21,75.6392822265625,8.294949531555176,9.41372013092041,15.3297700881958,18.9186954498291,7.280004501342773,12.322553634643555,5.971999168395996,20.552349090576172,12.02314281463623
2004-09-22,74.69512176513672,8.223331451416016,9.354159355163574,15.051246643066406,18.653636932373047,7.159922122955322,12.225749969482422,5.945938587188721,20.296052932739258,11.862430572509766
2004-09-23,74.29337310791016,8.151710510253906,9.267520904541016,14.898831367492676,18.474720001220703,7.178685188293457,12.271306991577148,5.886714935302734,20.150588989257812,11.904523849487305
2004-09-24,74.6348648071289,8.223331451416016,9.373106956481934,14.956640243530273,18.54098129272461,7.1186442375183105,12.259920120239258,5.889082431793213,20.20600128173828,11.938965797424316
2004-09-27,74.15943908691406,8.213993072509766,9.367690086364746,14.883063316345215,18.395198822021484,7.054850101470947,12.208670616149902,5.896186828613281,20.088245391845703,11.854777336120605
2004-09-28,74.51429748535156,8.416383743286133,9.527433395385742,14.940871238708496,18.580745697021484,7.073615550994873,12.271306991577148,5.9340925216674805,20.240638732910156,11.847126007080078
2004-09-29,74.88931274414062,8.45685863494873,9.400181770324707,14.993432998657227,18.647010803222656,7.148665904998779,12.305475234985352,5.922250270843506,20.3306884765625,11.889217376708984
2004-09-30,74.83573913574219,8.578289985656738,9.457032203674316,14.956640243530273,18.806045532226562,7.174936771392822,12.333945274353027,5.9340925216674805,19.942777633666992,11.938965797424316
2004-10-01,76.10132598876953,8.625,9.59241008758545,15.208892822265625,19.071104049682617,7.355056285858154,12.459222793579102,5.981471061706543,20.129810333251953,12.088201522827148
2004-10-04,76.22854614257812,8.643682479858398,9.581581115722656,15.229928016662598,19.051225662231445,7.415098190307617,12.430747985839844,6.005160808563232,20.219852447509766,12.203001022338867
2004-10-05,76.26872253417969,8.63122844696045,9.684456825256348,15.145831108093262,18.971715927124023,7.46763801574707,12.430747985839844,6.031215667724609,20.157506942749023,12.187689781188965
2004-10-06,76.79102325439453,8.771342277526855,9.86315631866455,15.256200790405273,19.170501708984375,7.516418933868408,12.487690925598145,6.054904937744141,20.1367244720459,12.2527437210083
2004-10-07,75.96742248535156,8.659252166748047,9.787348747253418,15.214159965515137,18.951831817626953,7.4376139640808105,12.390884399414062,6.021744728088379,19.679550170898438,12.164734840393066
2004-10-08,75.33795166015625,8.60943603515625,9.798171043395996,15.161605834960938,18.799427032470703,7.332544326782227,12.305475234985352,6.047800064086914,19.409406661987305,12.069067001342773
2004-10-11,75.64599609375,8.60943603515625,9.714241981506348,15.20363712310791,18.81930160522461,7.355056285858154,12.299773216247559,6.031215667724609,19.54100799560547,12.114984512329102
2004-10-12,75.35133361816406,8.516023635864258,9.603243827819824,15.193134307861328,18.812679290771484,7.3362908363342285,12.26561164855957,6.080966472625732,19.506378173828125,12.084372520446777
2004-10-13,74.68846130371094,8.322969436645508,9.402885437011719,15.093283653259277,18.594003677368164,7.310023307800293,12.21436595916748,6.000422477722168,19.298566818237305,12.046106338500977
2004-10-14,74.0857925415039,8.307400703430176,9.478697776794434,14.725409507751465,18.51447868347168,7.253739356994629,12.168811798095703,6.012265682220459,19.166954040527344,11.942789077758789
2004-10-15,74.50098419189453,8.385244369506836,9.519309997558594,14.746426582336426,18.647010803222656,7.298769474029541,12.248525619506836,6.05964469909668,19.19466209411621,12.026975631713867
2004-10-18,74.78215026855469,8.363450050354004,9.392060279846191,14.809494972229004,18.70002555847168,7.37381649017334,12.294076919555664,6.017004489898682,19.3747615814209,12.111159324645996
2004-10-19,74.15275573730469,8.164166450500488,9.36498737335205,14.562495231628418,18.534358978271484,7.37381649017334,12.220059394836426,6.0075273513793945,19.05612564086914,12.034628868103027
2004-10-20,74.00543212890625,8.22021484375,9.570749282836914,14.488924026489258,18.481340408325195,7.385077953338623,12.25422191619873,6.01463508605957,19.0491943359375,11.96958065032959
2004-10-21,74.48754119873047,8.279378890991211,9.624897956848145,14.47840404510498,18.574127197265625,7.448872089385986,12.25422191619873,6.0406928062438965,18.869094848632812,12.076725006103516
2004-10-22,73.65052795410156,8.226445198059082,9.60594367980957,14.399584770202637,18.408456802368164,7.287509918212891,12.174501419067383,6.078593730926514,18.730558395385742,11.973406791687012
2004-10-25,73.56350708007812,8.307400703430176,9.614069938659668,14.394318580627441,18.408456802368164,7.27625036239624,12.106169700622559,6.17098331451416,18.62664794921875,11.961928367614746
2004-10-26,74.68846130371094,8.38835334777832,9.719660758972168,14.714896202087402,18.686769485473633,7.29126501083374,12.237138748168945,6.232574939727783,18.97992515563965,12.160911560058594
2004-10-27,75.58572387695312,8.484883308410645,9.551796913146973,14.935629844665527,18.951831817626953,7.46763801574707,12.368112564086914,6.225464820861816,19.478666305541992,12.367536544799805
2004-10-28,75.81336212158203,8.37590217590332,9.383939743041992,15.014450073242188,18.91206169128418,7.486395359039307,12.42505168914795,6.189933776855469,19.44402503967285,12.436420440673828
2004-10-29,75.79998016357422,8.497340202331543,9.513895034790039,15.035470962524414,18.998210906982422,7.490144729614258,12.413662910461426,6.223099708557129,19.499446868896484,12.421112060546875
2004-11-01,76.00758361816406,8.506678581237793,9.457032203674316,15.082772254943848,19.057851791381836,7.550195217132568,12.385193824768066,6.272842884063721,19.319347381591797,12.470858573913574
2004-11-02,76.03435516357422,8.466196060180664,9.316248893737793,15.145831108093262,19.07773208618164,7.56144905090332,12.464919090270996,6.149660110473633,19.17388343811035,12.516775131225586
2004-11-03,76.99188232421875,8.590749740600586,9.503069877624512,15.23517894744873,19.28978729248047,7.602726936340332,12.561716079711914,6.279951095581055,19.74188232421875,12.54738998413086
2004-11-04,78.04319763183594,8.796256065368652,9.616780281066895,15.492691040039062,19.607860565185547,7.689036846160889,12.897685050964355,6.405503749847412,19.7834529876709,12.822901725769043
2004-11-05,78.53199005126953,8.833623886108398,9.67363166809082,15.46115779876709,19.760272979736328,7.756585121154785,12.954625129699707,6.381814479827881,19.901216506958008,12.868826866149902
2004-11-08,78.41816711425781,8.836737632751465,9.513895034790039,15.440130233764648,19.81329345703125,7.767843246459961,12.931846618652344,6.443406581878662,19.894277572631836,12.876479148864746
2004-11-09,78.26416015625,8.927033424377441,9.427255630493164,15.42436408996582,19.88616943359375,7.7640886306762695,12.926153182983398,6.445773124694824,19.901216506958008,12.88796329498291
2004-11-10,78.32442474365234,8.923921585083008,9.538261413574219,15.466407775878906,19.945812225341797,7.696545124053955,12.943245887756348,6.443406581878662,19.845796585083008,12.88796329498291
2004-11-11,78.92035675048828,8.99241828918457,9.519309997558594,15.613560676574707,20.177736282348633,7.794106960296631,13.0400390625,6.512106418609619,19.9497013092041,13.006580352783203
2004-11-12,79.54312133789062,9.085830688476562,9.719660758972168,15.676619529724121,20.250627517700195,7.902936935424805,13.079906463623047,6.590281009674072,19.977407455444336,13.09076976776123
2004-11-15,79.73856353759766,9.029784202575684,9.508477210998535,15.72392463684082,20.237377166748047,7.947967052459717,13.11976432800293,6.557112693786621,20.081314086914062,13.129032135009766
2004-11-16,79.16769409179688,8.97685432434082,9.508477210998535,15.592534065246582,20.104839324951172,7.887918949127197,13.034350395202637,6.545267581939697,19.984336853027344,13.006580352783203
2004-11-17,79.63778686523438,9.045350074768066,9.65738296508789,15.629322052001953,20.250627517700195,7.977982044219971,13.045734405517578,6.490787506103516,19.977407455444336,13.018057823181152
2004-11-18,79.74527740478516,9.073375701904297,9.733192443847656,15.592534065246582,20.363277435302734,8.008008003234863,13.0400390625,6.490787506103516,19.921995162963867,13.079288482666016
2004-11-19,78.85874938964844,9.011102676391602,9.849617958068848,15.39283275604248,20.118101119995117,7.884170055389404,12.897685050964355,6.46709680557251,19.679550170898438,12.91474723815918
2004-11-22,79.2348403930664,9.116969108581543,10.006643295288086,15.482179641723633,20.16448211669922,7.895430088043213,12.983104705810547,6.568954944610596,19.71417808532715,12.995100975036621
2004-11-23,79.35575103759766,9.073375701904297,10.06891918182373,15.518965721130371,20.131349563598633,7.861656665802002,12.954625129699707,6.609226703643799,19.65184783935547,13.067813873291016
2004-11-24,79.5438003540039,9.160558700561523,10.152844429016113,15.582026481628418,20.224130630493164,7.925455570220947,12.948925018310547,6.6329169273376465,19.700334548950195,13.155817985534668
2004-11-26,79.48334503173828,9.250856399536133,10.196167945861816,15.592534065246582,20.224130630493164,7.914192199707031,12.948925018310547,6.658977031707764,19.818092346191406,13.17112922668457
2004-11-29,79.1206283569336,9.225945472717285,10.142020225524902,15.518965721130371,20.14460563659668,7.917946815490723,12.817963600158691,6.571326732635498,19.8111572265625,13.083115577697754
2004-11-30,79.17440795898438,9.188584327697754,10.155555725097656,15.50320053100586,20.190988540649414,7.872912406921387,12.72116470336914,6.500259876251221,19.880435943603516,12.94152545928955
2004-12-01,80.07435607910156,9.272653579711914,9.911885261535645,15.807999610900879,20.528947830200195,8.034274101257324,12.891987800598145,6.443406581878662,20.21292495727539,13.144338607788086
2004-12-02,80.1414794921875,9.157445907592773,9.64926528930664,15.781736373901367,20.462671279907227,8.056785583496094,13.011567115783691,6.362864017486572,20.406875610351562,13.159648895263672
2004-12-03,80.08781433105469,9.151214599609375,9.744024276733398,15.776477813720703,20.469301223754883,8.11307430267334,12.98879623413086,6.410241603851318,20.268342971801758,13.117555618286133
2004-12-06,80.06090545654297,9.126312255859375,9.749445915222168,15.76595401763916,20.356653213500977,8.14684772491455,12.90337085723877,6.469463348388672,20.22677993774414,13.094600677490234
2004-12-07,79.3154296875,8.933259010314941,9.546380996704102,15.63458251953125,20.190988540649414,8.038030624389648,12.869210243225098,6.419718265533447,20.01896858215332,13.002754211425781
2004-12-08,79.77885437011719,8.970622062683105,9.611361503601074,15.676619529724121,20.244001388549805,8.030521392822266,12.874905586242676,6.3865532875061035,20.30989646911621,13.079288482666016
2004-12-09,80.06090545654297,9.029784202575684,9.692586898803711,15.76070785522461,20.36989974975586,8.026771545410156,13.022954940795898,6.388922691345215,20.44151496887207,13.178776741027832
2004-12-10,80.1414794921875,9.026670455932617,9.624897956848145,15.786981582641602,20.442794799804688,7.985493183135986,13.045734405517578,6.412612438201904,20.427663803100586,13.163470268249512
2004-12-13,80.8399658203125,9.157445907592773,9.795465469360352,15.892091751098633,20.668092727661133,8.079302787780762,13.07420825958252,6.5073676109313965,20.524639129638672,13.209386825561523
2004-12-14,81.12203979492188,9.148104667663574,9.825251579284668,15.944646835327148,20.707857131958008,8.09431266784668,13.193792343139648,6.531055450439453,20.70474624633789,13.278267860412598
2004-12-15,81.1824722290039,9.244626998901367,9.89834976196289,16.028728485107422,20.734357833862305,8.09431266784668,13.188094139099121,6.561851978302002,20.767086029052734,13.335670471191406
2004-12-16,81.135498046875,9.173016548156738,9.798171043395996,15.918360710144043,20.615089416503906,8.060540199279785,13.153929710388184,6.5642218589782715,21.058025360107422,13.312705039978027
2004-12-17,80.59428405761719,9.161113739013672,9.795732498168945,15.869187355041504,20.592443466186523,8.021503448486328,13.053869247436523,6.581437110900879,20.636262893676758,13.254358291625977
2004-12-20,80.61457061767578,9.198697090148926,9.915285110473633,15.842753410339355,20.605772018432617,7.9755778312683105,13.05958366394043,6.617310523986816,20.386123657226562,13.239008903503418
2004-12-21,81.2353515625,9.314581871032715,9.999526023864746,16.048974990844727,20.718984603881836,8.063605308532715,13.151068687438965,6.686668395996094,20.580669403076172,13.31194019317627
2004-12-22,81.43099975585938,9.31771469116211,9.86365795135498,16.138877868652344,20.785579681396484,8.078912734985352,13.202534675598145,6.701014518737793,20.73354148864746,13.404061317443848
2004-12-23,81.49174499511719,9.339635848999023,9.920720100402832,16.17060089111328,20.812217712402344,8.098047256469727,13.173940658569336,6.698622226715088,20.816909790039062,13.381038665771484
2004-12-27,81.32306671142578,9.31771469116211,9.74681568145752,16.08599853515625,20.692337036132812,8.048295974731445,13.16250228881836,6.655575275421143,20.789125442504883,13.388717651367188
2004-12-28,81.76839447021484,9.370959281921387,9.814749717712402,16.16002655029297,20.80555534362793,8.090391159057617,13.242555618286133,6.672316074371338,21.0045166015625,13.546088218688965
2004-12-29,81.88983917236328,9.374088287353516,9.888114929199219,16.12300682067871,20.75228500366211,8.090391159057617,13.213961601257324,6.69144868850708,21.04620361328125,13.557600975036621
2004-12-30,81.73466491699219,9.330244064331055,9.844640731811523,16.144168853759766,20.76560401916504,8.094223022460938,13.242555618286133,6.693839073181152,21.060094833374023,13.595991134643555
2004-12-31,81.55919647216797,9.311450004577637,9.86909294128418,16.144168853759766,20.692337036132812,8.078912734985352,13.196807861328125,6.660358905792236,20.976715087890625,13.546088218688965
2005-01-03,81.1746597290039,9.217488288879395,9.504981994628906,16.08599853515625,20.512521743774414,8.010025024414062,13.196807861328125,6.583832263946533,20.73354148864746,13.457802772521973
2005-01-04,80.18268585205078,9.051492691040039,9.45606803894043,15.932652473449707,20.259445190429688,7.860766887664795,13.151068687438965,6.538393020629883,20.566776275634766,13.300427436828613
2005-01-05,79.62939453125,8.926213264465332,9.415312767028809,15.906198501586914,20.119596481323242,7.833978176116943,13.082452774047852,6.435553073883057,20.532026290893555,13.250520706176758
2005-01-06,80.03424835205078,8.985724449157715,9.578346252441406,15.985523223876953,20.186189651489258,7.811017990112305,13.14534854888916,6.469036102294922,20.684898376464844,13.181428909301758
2005-01-07,79.91954803466797,9.001380920410156,9.502265930175781,15.90091323852539,20.092952728271484,7.826325416564941,13.208250045776367,6.469036102294922,20.671001434326172,13.177595138549805
2005-01-10,80.29740142822266,9.042101860046387,9.57291316986084,15.916784286499023,20.16620635986328,7.826325416564941,13.288299560546875,6.502521991729736,20.851652145385742,13.227497100830078
2005-01-11,79.74409484863281,8.948134422302246,9.586494445800781,15.84803581237793,20.07296371459961,7.749790191650391,13.231115341186523,6.48338508605957,20.70574378967285,13.143047332763672
2005-01-12,80.00726318359375,9.007647514343262,9.754973411560059,15.826891899108887,20.099611282348633,7.79188346862793,13.271143913269043,6.502521991729736,20.844696044921875,13.219817161560059
2005-01-13,79.3662338256836,8.973193168640137,9.820183753967285,15.673539161682129,19.906471252441406,7.7153425216674805,13.185376167297363,6.5336103439331055,20.532026290893555,13.123855590820312
2005-01-14,79.78458404541016,9.057758331298828,9.907134056091309,15.726409912109375,20.039663314819336,7.738307952880859,13.25970458984375,6.588613986968994,20.615419387817383,13.246696472167969
2005-01-18,80.61457061767578,9.092207908630371,10.004959106445312,15.974940299987793,20.119596481323242,7.82249641418457,13.39693546295166,6.646008014678955,20.782167434692383,13.358007431030273
2005-01-19,79.77108764648438,9.029574394226074,9.969634056091309,15.816304206848145,19.959749221801758,7.657937049865723,13.374070167541504,6.617310523986816,20.650169372558594,13.223655700683594
2005-01-20,79.28528594970703,8.979460716247559,9.86909294128418,15.69997787475586,19.77993392944336,7.604359149932861,13.362625122070312,6.595788478851318,20.545936584472656,12.985673904418945
2005-01-21,78.79939270019531,8.941868782043457,9.890830993652344,15.620652198791504,19.653392791748047,7.550776958465576,13.248274803161621,6.569482803344727,20.40696907043457,12.939604759216309
2005-01-24,78.64421844482422,8.816594123840332,9.977783203125,15.625945091247559,19.593456268310547,7.489543914794922,13.196807861328125,6.626876354217529,20.233266830444336,12.812934875488281
2005-01-25,78.86689758300781,8.86357307434082,10.018540382385254,15.636517524719238,19.77993392944336,7.501028060913086,13.248274803161621,6.588613986968994,20.37221908569336,12.847480773925781
2005-01-26,79.1030502319336,8.879234313964844,10.116362571716309,15.710549354553223,19.819894790649414,7.577568054199219,13.236832618713379,6.6842756271362305,20.49729347229004,12.916576385498047
2005-01-27,79.23802947998047,8.926213264465332,10.206033706665039,15.631226539611816,19.873178482055664,7.569913387298584,13.311171531677246,6.717754364013672,20.45560646057129,12.8897066116333
2005-01-28,79.23802947998047,8.916812896728516,10.083757400512695,15.610079765319824,19.853187561035156,7.569913387298584,13.316887855529785,6.724931240081787,20.288848876953125,12.828291893005371
2005-01-31,79.73060607910156,9.026433944702148,10.203315734863281,15.795148849487305,20.112934112548828,7.623494625091553,13.351192474365234,6.801460266113281,20.32358741760254,12.966473579406738
2005-02-01,80.2366714477539,9.101602554321289,10.37722110748291,15.964373588562012,20.172870635986328,7.669414043426514,13.356918334960938,6.846896171569824,20.518136978149414,12.977991104125977
2005-02-02,80.4795913696289,9.195571899414062,10.521238327026367,15.964373588562012,20.172870635986328,7.673244953155518,13.465540885925293,6.873203754425049,20.601520538330078,13.016375541687012
2005-02-03,80.2704086303711,9.142327308654785,10.572861671447754,15.890342712402344,20.112934112548828,7.623494625091553,13.442682266235352,6.892334461212158,20.53898048400879,12.989505767822266
2005-02-04,81.12736511230469,9.245681762695312,10.61091136932373,16.080707550048828,20.279428482055664,7.753613471984863,13.517010688781738,6.959298133850098,20.726579666137695,13.108506202697754
2005-02-07,81.01941680908203,9.242547035217285,10.540258407592773,16.096574783325195,20.266103744506836,7.730649948120117,13.488425254821777,6.944949150085449,20.74048614501953,13.143047332763672
2005-02-08,81.11388397216797,9.242547035217285,10.616338729858398,16.033117294311523,20.37932586669922,7.768923759460449,13.505576133728027,6.985603332519531,20.789125442504883,13.11233901977539
2005-02-09,80.5065689086914,9.114134788513184,10.597319602966309,15.990815162658691,20.16620635986328,7.634970664978027,13.385501861572266,6.944949150085449,20.566776275634766,12.966473579406738
2005-02-10,80.79671478271484,9.236286163330078,10.888070106506348,16.03839874267578,20.259445190429688,7.650282382965088,13.379785537719727,6.95212459564209,20.601520538330078,13.020215034484863
2005-02-11,81.49174499511719,9.327107429504395,10.983171463012695,16.165321350097656,20.392650604248047,7.722994327545166,13.45982837677002,6.95690393447876,20.809974670410156,13.085467338562012
2005-02-14,81.43099975585938,9.336504936218262,10.996757507324219,16.138877868652344,20.372669219970703,7.738307952880859,13.465540885925293,7.019084930419922,20.823862075805664,13.066278457641602
2005-02-15,81.73466491699219,9.386619567871094,11.02121639251709,16.175893783569336,20.439273834228516,7.776575565338135,13.488425254821777,7.0071282386779785,20.816909790039062,13.169916152954102
2005-02-16,81.78865814208984,9.505631446838379,11.330977439880371,16.06484031677246,20.49919891357422,7.749790191650391,13.522725105285645,7.026262283325195,20.789125442504883,13.146885871887207
2005-02-17,81.12736511230469,9.471185684204102,11.178812980651855,15.922072410583496,20.312725067138672,7.623494625091553,13.436967849731445,7.011910438537598,20.761333465576172,13.081628799438477
2005-02-18,81.2353515625,9.577670097351074,11.426082611083984,15.75285816192627,20.312725067138672,7.60817813873291,13.419809341430664,6.937772750854492,21.073999404907227,13.054762840270996
2005-02-22,80.02751159667969,9.433599472045898,11.344565391540527,15.520180702209473,19.986391067504883,7.5660881996154785,13.219681739807129,6.772758960723877,20.823862075805664,12.797579765319824
2005-02-23,80.60104370117188,9.577670097351074,11.488582611083984,15.662962913513184,20.013031005859375,7.543124675750732,13.253989219665527,6.808635234832764,20.92115020751953,12.87818717956543
2005-02-24,81.13414001464844,9.68102741241455,11.714116096496582,15.684114456176758,20.299407958984375,7.60817813873291,13.316887855529785,6.86124324798584,21.08094596862793,12.8897066116333
2005-02-25,81.93707275390625,9.8313627243042,12.002147674560547,15.842753410339355,20.46590232849121,7.657937049865723,13.362625122070312,6.995168209075928,21.254650115966797,12.951120376586914
2005-02-28,81.39727020263672,9.737406730651855,11.91519546508789,15.689399719238281,20.346027374267578,7.634970664978027,13.334041595458984,6.947341442108154,20.935039520263672,12.897384643554688
2005-03-01,81.8021469116211,9.749933242797852,11.684226989746094,15.842753410339355,20.412628173828125,7.726823329925537,13.442682266235352,6.96647310256958,21.101787567138672,13.043244361877441
2005-03-02,81.76165008544922,9.721744537353516,11.855414390563965,15.795148849487305,20.472558975219727,7.707687854766846,13.40837287902832,6.959298133850098,21.122642517089844,13.050921440124512
2005-03-03,81.7953872680664,9.7123441696167,12.051055908203125,15.76871109008789,20.519176483154297,7.650282382965088,13.499856948852539,6.995168209075928,21.101787567138672,13.035567283630371
2005-03-04,82.8143081665039,10.016148567199707,12.20594310760498,15.969667434692383,20.80555534362793,7.700036525726318,13.568473815917969,7.1051788330078125,21.296337127685547,13.146885871887207
2005-03-07,82.85478973388672,9.90653133392334,12.121707916259766,15.969667434692383,20.90546226501465,7.757435321807861,13.528447151184082,7.155403137207031,21.344980239868164,13.158403396606445
2005-03-08,82.5444107055664,9.881471633911133,12.108121871948242,15.943225860595703,20.89214515686035,7.692381381988525,13.465540885925293,7.107570648193359,21.206012725830078,13.089308738708496
2005-03-09,81.62670135498047,9.903397560119629,11.773896217346191,15.747563362121582,20.66570472717285,7.677069664001465,13.368348121643066,6.98082160949707,21.073999404907227,12.943442344665527
2005-03-10,81.808837890625,9.778117179870605,11.534778594970703,15.837461471557617,20.712322235107422,7.711513996124268,13.39693546295166,7.026262283325195,21.15042495727539,12.966473579406738
2005-03-11,81.2353515625,9.837629318237305,11.6298828125,15.69997787475586,20.65904426574707,7.612014293670654,13.294018745422363,6.995168209075928,20.983675003051758,12.951120376586914
2005-03-14,81.74140930175781,9.834495544433594,11.714116096496582,15.784584045410156,20.77225685119629,7.6426262855529785,13.334041595458984,7.102789402008057,21.018415451049805,12.970315933227539
2005-03-15,81.0666275024414,9.787514686584473,11.551078796386719,15.678826332092285,20.65904426574707,7.5660881996154785,13.253989219665527,7.071702480316162,20.77523422241211,12.985673904418945
2005-03-16,80.37836456298828,9.577670097351074,11.589123725891113,15.520180702209473,20.41929054260254,7.489543914794922,13.219681739807129,7.0071282386779785,20.57373046875,12.90890121459961
2005-03-17,80.54032897949219,9.690423011779785,11.790194511413574,15.47787857055664,20.412628173828125,7.485714435577393,13.26542854309082,7.047784805297852,20.64320182800293,12.920412063598633
2005-03-18,80.30120086669922,9.689169883728027,11.935781478881836,15.400796890258789,20.437347412109375,7.443622589111328,13.222939491271973,7.026577472686768,20.62298011779785,12.846610069274902
2005-03-21,80.0031509399414,9.632596015930176,11.832182884216309,15.262577056884766,20.50419044494629,7.443622589111328,13.148290634155273,7.024167537689209,20.539321899414062,12.785103797912598
2005-03-22,79.19024658203125,9.601168632507324,11.690417289733887,14.98082160949707,20.39057159423828,7.3785576820373535,13.073655128479004,6.882000923156738,20.54629135131836,12.677471160888672
2005-03-23,79.2579574584961,9.506885528564453,11.4668607711792,15.012721061706543,20.263587951660156,7.409176826477051,13.15977954864502,6.848264217376709,20.76938819885254,12.635190963745117
2005-03-24,79.352783203125,9.506885528564453,11.458672523498535,14.938301086425781,20.363832473754883,7.413004398345947,13.154038429260254,6.920555591583252,20.776378631591797,12.654409408569336
2005-03-28,79.46797180175781,9.45345401763916,11.472312927246094,15.044614791870117,20.34379768371582,7.420657634735107,13.165522575378418,6.932600498199463,20.762432098388672,12.742823600769043
2005-03-29,78.93958282470703,9.242891311645508,11.286927223205566,14.99145221710205,20.009632110595703,7.363249778747559,13.136812210083008,6.845853328704834,20.692712783813477,12.58137321472168
2005-03-30,80.05732727050781,9.400030136108398,11.455951690673828,15.177521705627441,20.39057159423828,7.474237442016602,13.309062957763672,6.956699848175049,21.020387649536133,12.785103797912598
2005-03-31,79.9083023071289,9.47860050201416,11.687688827514648,15.092456817626953,20.33710289001465,7.485714435577393,13.217195510864258,7.024167537689209,20.81820297241211,12.746665954589844
2005-04-01,79.5492172241211,9.45031452178955,11.976680755615234,14.885137557983398,20.14328956604004,7.420657634735107,13.090883255004883,7.0482659339904785,20.636926651000977,12.646719932556152
2005-04-04,79.68476104736328,9.393741607666016,11.873077392578125,14.99145221710205,20.123241424560547,7.447446823120117,13.165522575378418,7.067546844482422,20.741512298583984,12.681321144104004
2005-04-05,80.0640869140625,9.412602424621582,11.723133087158203,15.033982276916504,20.223485946655273,7.4627532958984375,13.263131141662598,7.108509540557861,21.159833908081055,12.758199691772461
2005-04-06,80.34184265136719,9.45974349975586,11.908519744873047,15.134992599487305,20.230167388916016,7.4512739181518555,13.228682518005371,7.086819648742676,21.173778533935547,12.70438003540039
2005-04-07,80.77537536621094,9.563456535339355,11.862176895141602,15.193456649780273,20.39725685119629,7.550776958465576,13.320548057556152,7.151879787445068,21.389904022216797,12.762041091918945
2005-04-08,79.93537139892578,9.425171852111816,11.646796226501465,15.055249214172363,20.19007110595703,7.497198104858398,13.257391929626465,7.096457004547119,21.23651885986328,12.662100791931152
2005-04-11,79.99634552001953,9.393741607666016,11.73403549194336,15.087141036987305,20.230167388916016,7.455101013183594,13.29183292388916,7.166338920593262,21.215608596801758,12.59290599822998
2005-04-12,80.4095458984375,9.384315490722656,11.5486478805542,15.294475555419922,20.39057159423828,7.501028060913086,13.343513488769531,7.23380708694458,21.355043411254883,12.712064743041992
2005-04-13,79.46119689941406,9.123465538024902,11.265114784240723,15.071198463439941,20.03635597229004,7.393867492675781,13.280356407165527,7.18320369720459,21.452651977539062,12.51987361907959
2005-04-14,78.42472076416016,8.868903160095215,11.259657859802246,14.90108871459961,19.73561668395996,7.29054069519043,13.2516450881958,7.115734577178955,21.36898422241211,12.346894264221191
2005-04-15,77.32733154296875,8.648908615112305,10.831629753112793,14.741595268249512,19.34798240661621,7.068568706512451,13.125333786010742,6.990437030792236,21.47356605529785,12.097034454345703
2005-04-18,77.56442260742188,8.787187576293945,11.027915954589844,14.863862037658691,19.408132553100586,7.076224327087402,13.039202690124512,7.016940593719482,21.327157974243164,12.120095252990723
2005-04-19,78.18089294433594,8.89404582977295,11.286927223205566,14.885137557983398,19.49501609802246,7.16424560546875,13.073655128479004,7.115734577178955,21.313213348388672,12.13547134399414
2005-04-20,77.09026336669922,8.746335983276367,11.05518627166748,14.699063301086426,19.29451560974121,7.099184036254883,12.907149314880371,7.053086280822754,21.048276901245117,11.935585975646973
2005-04-21,78.58732604980469,8.909758567810059,11.436872482299805,14.784132957458496,19.809127807617188,7.29054069519043,13.125333786010742,7.115734577178955,21.334129333496094,12.23157024383545
2005-04-22,78.28926086425781,8.824906349182129,11.461410522460938,14.746915817260742,19.57521629333496,7.202516078948975,12.987528800964355,7.161519527435303,21.25743865966797,12.047061920166016
2005-04-25,78.80409240722656,8.912900924682617,11.622258186340332,14.932971954345703,19.809127807617188,7.252268314361572,13.125333786010742,7.209712028503418,21.306236267089844,12.154691696166992
2005-04-26,78.03858184814453,8.743191719055176,11.431413650512695,14.847918510437012,19.555164337158203,7.202516078948975,13.02772331237793,7.118148326873779,21.173778533935547,12.070127487182617
2005-04-27,78.34346008300781,8.658332824707031,11.136975288391113,15.055249214172363,19.581893920898438,7.22930383682251,13.073655128479004,7.171156883239746,21.334129333496094,12.08549690246582
2005-04-28,77.36119079589844,8.589193344116211,10.91341495513916,14.890445709228516,19.368030548095703,7.156593322753906,13.044951438903809,7.139831066131592,21.22954750061035,11.908676147460938
2005-04-29,78.41119384765625,8.802905082702637,11.05518627166748,15.119043350219727,19.595258712768555,7.221654891967773,13.079395294189453,7.241037368774414,21.543283462524414,11.935585975646973
2005-05-02,78.85150146484375,8.875186920166016,11.254204750061035,15.156259536743164,19.70218849182129,7.214001178741455,13.177008628845215,7.260317802429199,21.6339168548584,11.997089385986328
2005-05-03,78.98698425292969,8.931753158569336,10.989754676818848,15.17221450805664,19.561843872070312,7.2637481689453125,13.234426498413086,7.224169731140137,21.619976043701172,12.04321575164795
2005-05-04,79.59664916992188,9.070036888122559,11.117891311645508,15.46458625793457,19.789081573486328,7.313499927520752,13.320548057556152,7.2314019203186035,21.836101531982422,12.300766944885254
2005-05-05,79.56958770751953,9.01661491394043,11.237848281860352,15.395485877990723,19.688833236694336,7.3020172119140625,13.297578811645508,7.202483177185059,21.82914161682129,12.227728843688965
2005-05-06,79.31890869140625,9.038610458374023,11.205133438110352,15.283846855163574,19.76902198791504,7.3211541175842285,13.245906829833984,7.1856160163879395,21.731525421142578,12.227728843688965
2005-05-09,79.81346130371094,9.026041984558105,11.355082511901855,15.416742324829102,19.902690887451172,7.351770877838135,13.326287269592285,7.245861053466797,21.891881942749023,12.296914100646973
2005-05-10,78.98698425292969,8.890902519226074,11.164239883422852,15.21473217010498,19.668779373168945,7.275230884552002,13.2516450881958,7.192844390869141,21.752445220947266,12.147005081176758
2005-05-11,79.4205551147461,8.900327682495117,11.232393264770508,15.283846855163574,19.809127807617188,7.30967378616333,13.297578811645508,7.226583480834961,21.84307861328125,12.143160820007324
2005-05-12,78.54669189453125,8.658332824707031,10.741661071777344,15.140305519104004,19.595258712768555,7.3173298835754395,13.234426498413086,7.144654273986816,21.815189361572266,12.081657409667969
2005-05-13,78.39086151123047,8.488626480102539,10.578081130981445,15.007404327392578,19.49501609802246,7.409176826477051,13.119588851928711,7.028989315032959,21.668781280517578,12.073965072631836
2005-05-16,79.12250518798828,8.526339530944824,10.531734466552734,15.273207664489746,19.76902198791504,7.4780659675598145,13.245906829833984,7.074770450592041,21.926738739013672,12.22387981414795
2005-05-17,79.65086364746094,8.645767211914062,10.719847679138184,15.368902206420898,19.902690887451172,7.5048508644104,13.314800262451172,7.156702041625977,21.912799835205078,12.327668190002441
2005-05-18,80.47057342529297,8.86575984954834,10.698037147521973,15.549647331237793,20.203433990478516,7.612014293670654,13.441121101379395,7.159110069274902,21.961591720581055,12.569841384887695
2005-05-19,80.8092269897461,8.82176399230957,10.891610145568848,15.565596580505371,20.230167388916016,7.654109001159668,13.521495819091797,7.200076580047607,21.954626083374023,12.669782638549805
2005-05-20,80.6940689086914,8.765191078186035,10.809816360473633,15.549647331237793,20.223485946655273,7.665588855743408,13.504280090332031,7.197664737701416,21.940683364868164,12.635190963745117
2005-05-23,81.14119720458984,8.834332466125488,10.989754676818848,15.57090950012207,20.363832473754883,7.692381381988525,13.52724838256836,7.171156883239746,21.98252296447754,12.715913772583008
2005-05-24,80.95153045654297,8.806047439575195,11.036103248596191,15.51774787902832,20.310373306274414,7.730649948120117,13.504280090332031,7.171156883239746,22.01040267944336,12.692853927612305
2005-05-25,80.89051818847656,8.7149076461792,11.205133438110352,15.46458625793457,20.13660430908203,7.696209907531738,13.45834732055664,7.190440654754639,21.870967864990234,12.654409408569336
2005-05-26,81.32411193847656,8.78090763092041,11.262386322021484,15.565596580505371,20.28363800048828,7.784231185913086,13.469826698303223,7.209712028503418,21.954626083374023,12.719759941101074
2005-05-27,81.45956420898438,8.809187889099121,11.450505256652832,15.592171669006348,20.27027130126953,7.7727484703063965,13.429640769958496,7.238630771636963,21.88490867614746,12.719759941101074
2005-05-31,80.93797302246094,8.746335983276367,11.363259315490723,15.565596580505371,20.21681022644043,7.722994327545166,13.383699417114258,7.2362189292907715,21.815189361572266,12.673630714416504
2005-06-01,81.62893676757812,8.878332138061523,11.578638076782227,15.68785572052002,20.290319442749023,7.799537181854248,13.475569725036621,7.330196857452393,21.870967864990234,12.727442741394043
2005-06-02,81.80506896972656,8.850042343139648,11.5568208694458,15.645331382751465,20.290319442749023,7.833978176116943,13.51002025604248,7.320557117462158,21.870967864990234,12.792793273925781
2005-06-03,81.39183807373047,8.831186294555664,11.622258186340332,15.565596580505371,20.196765899658203,7.749790191650391,13.400933265686035,7.344654560089111,21.79428482055664,12.700543403625488
2005-06-06,81.31731414794922,8.806047439575195,11.657697677612305,15.602807998657227,20.21012306213379,7.738307952880859,13.406669616699219,7.3374247550964355,21.801250457763672,12.719759941101074
2005-06-07,81.37830352783203,8.859471321105957,11.545920372009277,15.592171669006348,20.297012329101562,7.707687854766846,13.45834732055664,7.354294300079346,21.808216094970703,12.738977432250977
2005-06-08,81.22924041748047,8.799763679504395,11.578638076782227,15.602807998657227,20.170024871826172,7.722994327545166,13.423897743225098,7.368749618530273,21.65484619140625,12.685166358947754
2005-06-09,81.61537170410156,8.76205062866211,11.913972854614258,15.650650024414062,20.176713943481445,7.761267185211182,13.429640769958496,7.375978469848633,21.745479583740234,12.735136032104492
2005-06-10,81.42570495605469,8.840614318847656,11.900344848632812,15.602807998657227,20.14997100830078,7.719168663024902,13.418152809143066,7.4024858474731445,21.696664810180664,12.735136032104492
2005-06-13,81.6831283569336,8.897186279296875,11.946685791015625,15.602807998657227,20.18339729309082,7.749790191650391,13.464091300964355,7.433813095092773,21.78729820251465,12.754355430603027
2005-06-14,81.87279510498047,8.912900924682617,12.020295143127441,15.645331382751465,20.13660430908203,7.703861236572266,13.441121101379395,7.453089237213135,21.975547790527344,12.88889217376709
2005-06-15,82.02861022949219,8.997757911682129,12.164791107177734,15.682552337646484,20.156652450561523,7.749790191650391,13.44686222076416,7.41694450378418,21.891881942749023,12.88889217376709
2005-06-16,82.23860168457031,9.092037200927734,12.336552619934082,15.762296676635742,20.176713943481445,7.765095233917236,13.406669616699219,7.404892921447754,22.03132438659668,12.915803909301758
2005-06-17,82.5433120727539,9.095513343811035,12.536465644836426,15.84517765045166,20.340852737426758,7.768923759460449,13.442440032958984,7.499398708343506,22.14040756225586,12.96931266784668
2005-06-20,82.57054138183594,9.000767707824707,12.550142288208008,15.807744026184082,20.267162322998047,7.757435321807861,13.43667221069336,7.513976097106934,22.112445831298828,12.977007865905762
2005-06-21,82.6181411743164,8.95339584350586,12.284865379333496,15.866567611694336,20.26045036315918,7.79188346862793,13.407825469970703,7.523690223693848,22.077476501464844,12.984710693359375
2005-06-22,82.6861343383789,8.943921089172363,12.355966567993164,15.84517765045166,20.159955978393555,7.807188034057617,13.419355392456055,7.5917134284973145,22.000545501708984,12.98086166381836
2005-06-23,81.52310943603516,8.73232364654541,12.366909980773926,15.700786590576172,19.75125503540039,7.745960235595703,13.252058029174805,7.613579273223877,21.85369110107422,12.753730773925781
2005-06-24,80.924560546875,8.634421348571777,12.290332794189453,15.674060821533203,19.623971939086914,7.650282382965088,13.119355201721191,7.5601325035095215,21.748796463012695,12.642094612121582
2005-06-27,81.0401840209961,8.612311363220215,12.479033470153809,15.668706893920898,19.59716796875,7.589044094085693,13.10782527923584,7.606288433074951,21.657882690429688,12.584351539611816
2005-06-28,81.72034454345703,8.748114585876465,12.246574401855469,15.786361694335938,19.938859939575195,7.6847243309021,13.275132179260254,7.681596279144287,21.87467384338379,12.761436462402344
2005-06-29,81.50267791748047,8.710216522216797,12.235636711120605,15.861225128173828,19.81155776977539,7.696209907531738,13.240517616271973,7.659736633300781,21.846704483032227,12.684441566467285
2005-06-30,81.06063842773438,8.571256637573242,12.156322479248047,15.759614944458008,19.684268951416016,7.623494625091553,13.125127792358398,7.667023658752441,21.699838638305664,12.619000434875488
2005-07-01,81.29866027832031,8.564940452575684,12.427070617675781,15.775660514831543,19.75125503540039,7.6426262855529785,13.171284675598145,7.737472057342529,21.671865463256836,12.649796485900879
2005-07-05,81.95160675048828,8.587050437927246,12.799010276794434,15.904010772705078,19.81155776977539,7.692381381988525,13.246282577514648,7.752049922943115,21.748796463012695,12.769128799438477
2005-07-06,81.26463317871094,8.558625221252441,12.569284439086914,15.786361694335938,19.590469360351562,7.673244953155518,13.119355201721191,7.620865821838379,21.608930587768555,12.653640747070312
2005-07-07,81.58429718017578,8.57757568359375,12.73063850402832,15.818443298339844,19.637361526489258,7.6885504722595215,13.096280097961426,7.681596279144287,21.601943969726562,12.692137718200684
2005-07-08,82.51608276367188,8.744954109191895,12.645868301391602,15.97886848449707,19.979055404663086,7.826325416564941,13.269356727600098,7.771484375,21.86069107055664,12.888471603393555
2005-07-11,82.93778991699219,8.864971160888672,12.73884391784668,16.04839324951172,20.0125675201416,7.906693458557129,13.344362258911133,7.815213203430176,21.930620193481445,12.957756996154785
2005-07-12,83.15545654296875,8.842860221862793,12.853702545166016,16.04839324951172,19.905363082885742,7.948791980743408,13.3558931350708,7.837075710296631,21.916635513305664,13.042451858520508
2005-07-13,83.27108001708984,8.814432144165039,12.779864311218262,16.117904663085938,19.965660095214844,7.9832377433776855,13.407825469970703,7.85894250869751,21.79774284362793,13.0078125
2005-07-14,83.59754943847656,8.827071189880371,12.47357177734375,16.198131561279297,20.146547317504883,8.052123069763184,13.482824325561523,7.781201362609863,21.930620193481445,13.07710075378418
2005-07-15,83.54996490478516,8.811278343200684,12.407930374145508,16.240903854370117,20.11975860595703,8.048295974731445,13.47706413269043,7.778775215148926,22.0355224609375,13.130996704101562
2005-07-18,83.21666717529297,8.792326927185059,12.355966567993164,16.069782257080078,20.079557418823242,8.002373695373535,13.413595199584961,7.773917198181152,21.90264129638672,13.14254093170166
2005-07-19,83.67236328125,8.934447288513184,12.621247291564941,16.064435958862305,20.247068405151367,8.121006965637207,13.390517234802246,7.781201362609863,21.909635543823242,13.223387718200684
2005-07-20,83.95804595947266,9.073408126831055,12.634921073913574,16.12326431274414,20.481548309326172,8.094223022460938,13.442440032958984,7.822503566741943,22.224334716796875,13.273431777954102
2005-07-21,83.46833801269531,9.029191017150879,12.511857032775879,16.037694931030273,20.374361038208008,8.040641784667969,13.390517234802246,7.681596279144287,21.986570358276367,13.242635726928711
2005-07-22,84.02604675292969,9.086037635803223,12.960363388061523,16.12326431274414,20.434648513793945,8.021503448486328,13.430903434753418,7.725329399108887,21.958589553833008,13.30807876586914
2005-07-25,83.78800201416016,9.010237693786621,13.080702781677246,16.059085845947266,20.287248611450195,7.9794135093688965,13.384749412536621,7.727756023406982,21.825714111328125,13.204139709472656
2005-07-26,83.8900375366211,8.883915901184082,13.050617218017578,16.080488204956055,20.38775062561035,8.040641784667969,13.453980445861816,7.75447940826416,21.930620193481445,13.31192684173584
2005-07-27,84.19609832763672,8.978659629821777,13.116251945495605,16.101869583129883,20.468151092529297,8.094223022460938,13.48859691619873,7.788489818572998,22.133419036865234,13.346567153930664
2005-07-28,84.72657775878906,9.079724311828613,13.154541015625,16.150009155273438,20.582056045532227,8.098047256469727,13.603982925415039,7.837075710296631,22.343215942382812,13.481313705444336
2005-07-29,84.16206359863281,9.04498291015625,13.017794609069824,16.005613327026367,20.434648513793945,8.055948257446289,13.54628849029541,7.839504241943359,22.189367294311523,13.335023880004883
2005-08-01,84.10089111328125,9.000767707824707,13.154541015625,16.005613327026367,20.421249389648438,8.059775352478027,13.47706413269043,7.737472057342529,22.301254272460938,13.338874816894531
2005-08-02,84.60414123535156,9.136569023132324,13.373330116271973,16.12326431274414,20.39446258544922,8.14014720916748,13.523211479187012,7.917246341705322,22.385175704956055,13.404315948486328
2005-08-03,84.82862854003906,9.17446517944336,13.307689666748047,16.14464569091797,20.3542537689209,8.193721771240234,13.552057266235352,7.9391093254089355,22.441116333007812,13.346567153930664
2005-08-04,84.14849090576172,9.076563835144043,13.335030555725098,16.0323486328125,20.220256805419922,8.117181777954102,13.43667221069336,7.888093948364258,22.21734046936035,13.231084823608398
2005-08-05,83.57714080810547,9.029191017150879,13.233848571777344,15.850531578063965,20.113056182861328,8.098047256469727,13.350126266479492,7.752049922943115,22.0634822845459,13.130996704101562
2005-08-08,83.42073059082031,9.029191017150879,13.425287246704102,15.786361694335938,20.066162109375,8.032984733581543,13.327054977416992,7.594141960144043,21.979576110839844,13.100202560424805
2005-08-09,83.92401123046875,9.086037635803223,13.395206451416016,15.88796329498291,20.213563919067383,8.094223022460938,13.350126266479492,7.674313068389893,22.231319427490234,13.246482849121094
2005-08-10,83.88323211669922,9.114459037780762,13.613988876342773,15.871917724609375,20.200157165527344,8.002373695373535,13.327054977416992,7.671883583068848,22.19636344909668,13.238788604736328
2005-08-11,84.21646118164062,9.190258979797363,13.74526309967041,15.930747032165527,20.367650985717773,8.063605308532715,13.361669540405273,7.7180399894714355,22.32923126220703,13.296527862548828
2005-08-12,83.69956970214844,9.123933792114258,13.720647811889648,15.88796329498291,20.280555725097656,7.956448554992676,13.315513610839844,7.710751533508301,22.203359603881836,13.261878967285156
2005-08-15,84.21646118164062,9.117618560791016,13.586644172668457,15.962828636169434,20.320755004882812,7.998542785644531,13.378973960876465,7.739903450012207,22.21734046936035,13.358124732971191
2005-08-16,83.1214599609375,8.940762519836426,13.28853702545166,15.855867385864258,20.08625602722168,7.922004699707031,13.246282577514648,7.618435859680176,22.0634822845459,13.08094596862793
2005-08-17,83.1146469116211,8.931286811828613,12.982247352600098,15.893311500549316,20.13985252380371,7.990886688232422,13.240517616271973,7.61114501953125,22.105445861816406,13.157941818237305
2005-08-18,83.10784149169922,8.855491638183594,12.954896926879883,15.882611274719238,20.052757263183594,7.937310218811035,13.390517234802246,7.6402997970581055,22.112445831298828,13.104049682617188
2005-08-19,83.29830169677734,8.87444019317627,13.176419258117676,15.909345626831055,20.133153915405273,7.944965839385986,13.373208045959473,7.686456680297852,21.958589553833008,13.038604736328125
2005-08-22,83.29830169677734,8.877596855163574,13.209236145019531,15.952138900756836,20.173358917236328,7.960271835327148,13.413595199584961,7.737472057342529,21.958589553833008,13.030899047851562
2005-08-23,83.1418685913086,8.73232364654541,13.184626579284668,15.850531578063965,20.079557418823242,7.956448554992676,13.378973960876465,7.800633430480957,21.8187313079834,12.98856258392334
2005-08-24,82.4004898071289,8.650209426879883,13.310426712036133,15.668706893920898,19.91876220703125,7.906693458557129,13.25782585144043,7.764194011688232,21.748796463012695,12.89616870880127
2005-08-25,82.69974517822266,8.656529426574707,13.274873733520508,15.748926162719727,19.952253341674805,7.910521030426025,13.275132179260254,7.822503566741943,21.776765823364258,12.930818557739258
2005-08-26,82.13524627685547,8.612311363220215,13.124452590942383,15.583136558532715,19.84506607055664,7.88373327255249,13.240517616271973,7.810353755950928,21.699838638305664,12.876919746398926
2005-08-29,82.76776885986328,8.666004180908203,13.231119155883789,15.706141471862793,19.965660095214844,7.937310218811035,13.332820892333984,7.8419389724731445,21.916635513305664,12.915414810180664
2005-08-30,82.33247375488281,8.583893775939941,13.477252960205078,15.567100524902344,19.804859161376953,7.937310218811035,13.263589859008789,7.829789161682129,21.88865852355957,12.784528732299805
2005-08-31,83.3730697631836,8.666004180908203,13.849189758300781,15.743577003479004,19.952253341674805,7.9794135093688965,13.309749603271484,7.890523433685303,22.112445831298828,12.89616870880127
2005-09-01,83.31190490722656,8.691268920898438,14.210186958312988,15.781009674072266,19.87186050415039,7.960271835327148,13.292440414428711,8.01441764831543,22.11943244934082,12.769128799438477
2005-09-02,83.16226196289062,8.684951782226562,13.933971405029297,15.770316123962402,19.938859939575195,7.937310218811035,13.315513610839844,8.016847610473633,22.105445861816406,12.722935676574707
2005-09-06,84.1348648071289,8.744954109191895,14.032417297363281,15.962828636169434,20.173358917236328,8.029158592224121,13.459745407104492,8.09216022491455,22.455106735229492,12.942362785339355
2005-09-07,84.2776870727539,8.798648834228516,14.054304122924805,15.925395011901855,20.253751754760742,8.029158592224121,13.471285820007324,8.097016334533691,22.601966857910156,13.034753799438477
2005-09-08,83.99885559082031,8.751272201538086,14.073444366455078,15.83448600769043,20.13985252380371,8.048295974731445,13.419355392456055,8.026561737060547,22.587980270385742,12.911568641662598
2005-09-09,84.74699401855469,8.842860221862793,14.439912796020508,15.973529815673828,20.253751754760742,8.055948257446289,13.47706413269043,8.12131404876709,22.664892196655273,13.01936149597168
2005-09-12,84.57699584960938,8.864971160888672,14.144546508789062,16.021657943725586,20.38105583190918,8.07508659362793,13.505901336669922,8.11402416229248,22.587980270385742,13.05400276184082
2005-09-13,84.10767364501953,8.770219802856445,14.024219512939453,15.88796329498291,20.29395866394043,8.082740783691406,13.378973960876465,8.043572425842285,22.350215911865234,12.865368843078613
2005-09-14,83.80157470703125,8.80180549621582,14.19924259185791,15.871917724609375,20.13985252380371,7.998542785644531,13.292440414428711,8.072721481323242,22.287263870239258,12.746031761169434
2005-09-15,83.76081085205078,8.776538848876953,14.19924259185791,15.882611274719238,20.113056182861328,7.9794135093688965,13.344362258911133,8.148033142089844,22.273292541503906,12.769128799438477
2005-09-16,84.35640716552734,8.837509155273438,14.338574409484863,16.109596252441406,20.25296401977539,8.029158592224121,13.382049560546875,8.221711158752441,22.445838928222656,12.780315399169922
2005-09-19,84.07634735107422,8.773999214172363,14.717056274414062,15.964369773864746,19.98391342163086,7.964101791381836,13.300875663757324,8.19723129272461,22.284509658813477,12.626058578491211
2005-09-20,83.36598205566406,8.64062786102295,14.577187538146973,15.878307342529297,19.849382400512695,7.933482646942139,13.219704627990723,8.16540813446045,22.11617088317871,12.406243324279785
2005-09-21,82.58731842041016,8.542184829711914,14.782872200012207,15.614755630493164,19.782121658325195,7.837806701660156,13.057354927062988,8.023445129394531,22.010953903198242,12.209555625915527
2005-09-22,82.88101196289062,8.592992782592773,14.673172950744629,15.733095169067383,19.862844467163086,7.868424892425537,13.155922889709473,7.9793877601623535,22.060043334960938,12.406243324279785
2005-09-23,82.94935607910156,8.599342346191406,14.415361404418945,15.786867141723633,20.010814666748047,7.872251033782959,13.179121971130371,7.998968601226807,22.074077606201172,12.4525146484375
2005-09-26,83.04495239257812,8.589818000793457,14.678655624389648,15.700812339782715,19.98391342163086,7.860766887664795,13.132735252380371,8.065057754516602,22.039012908935547,12.437088012695312
2005-09-27,83.02444458007812,8.589818000793457,14.689631462097168,15.75460147857666,20.091533660888672,7.833978176116943,13.27188491821289,8.067502975463867,21.91275405883789,12.433232307434082
2005-09-28,83.10643768310547,8.615222930908203,14.810307502746582,15.625505447387695,20.0982608795166,7.88373327255249,13.28927993774414,8.150729179382324,21.926782608032227,12.32139778137207
2005-09-29,83.78265380859375,8.666029930114746,14.952924728393555,15.915968894958496,20.19243049621582,7.944965839385986,13.405241966247559,8.231499671936035,21.97587776184082,12.44480037689209
2005-09-30,84.0422134399414,8.732712745666504,14.719799995422363,15.878307342529297,20.286598205566406,7.998542785644531,13.498017311096191,8.22415542602539,21.989898681640625,12.529644012451172
2005-10-03,83.7416763305664,8.697784423828125,14.681401252746582,15.84066390991211,20.165525436401367,7.987061500549316,13.480613708496094,8.317166328430176,22.010953903198242,12.494937896728516
2005-10-04,82.79903411865234,8.602517127990723,14.152070999145508,15.641641616821289,19.98391342163086,7.914346218109131,13.42263126373291,8.17275619506836,22.102142333984375,12.410100936889648
2005-10-05,81.71297454833984,8.405633926391602,13.609026908874512,15.57709789276123,19.735031127929688,7.80336332321167,13.329865455627441,7.935328960418701,21.737384796142578,12.201845169067383
2005-10-06,81.41930389404297,8.361178398132324,13.285393714904785,15.620121002197266,19.86956024169922,7.7153425216674805,13.254493713378906,7.830081462860107,21.590091705322266,12.213414192199707
2005-10-07,81.6993408203125,8.443747520446777,13.584338188171387,15.673910140991211,20.044452667236328,7.734477519989014,13.242897033691406,7.898614406585693,21.56904411315918,12.224983215332031
2005-10-10,81.00949096679688,8.399282455444336,13.378644943237305,15.507171630859375,19.889741897583008,7.680896759033203,13.196514129638672,7.759100437164307,21.54098892211914,12.132430076599121
2005-10-11,80.89334869384766,8.408812522888184,13.69953441619873,15.458760261535645,19.782121658325195,7.623494625091553,13.196514129638672,7.776233673095703,21.358613967895508,12.086153030395508
2005-10-12,80.25814819335938,8.34212875366211,13.436237335205078,15.388834953308105,19.782121658325195,7.573740482330322,13.150121688842773,7.629373073577881,21.407718658447266,11.951173782348633
2005-10-13,80.21025848388672,8.329422950744629,13.071463584899902,15.464140892028809,19.755210876464844,7.627320289611816,13.115336418151855,7.467827320098877,21.51293182373047,11.985883712768555
2005-10-14,81.0572738647461,8.358004570007324,13.25796890258789,15.636265754699707,19.930103302001953,7.657937049865723,13.190711975097656,7.553495407104492,21.611127853393555,12.105435371398926
2005-10-17,81.35782623291016,8.42151165008545,13.42253303527832,15.652400016784668,19.970457077026367,7.650282382965088,13.335664749145508,7.636714935302734,21.60411834716797,12.128576278686523
2005-10-18,80.47669982910156,8.332600593566895,12.799941062927246,15.528685569763184,19.829200744628906,7.634970664978027,13.237101554870605,7.509437561035156,21.576053619384766,12.001307487487793
2005-10-19,81.81548309326172,8.40246295928955,13.08792495727539,15.84066390991211,20.091533660888672,7.730649948120117,13.376256942749023,7.529018402099609,21.786495208740234,12.228843688964844
2005-10-20,80.37423706054688,8.345295906066895,12.492767333984375,15.700812339782715,19.8359375,7.673244953155518,13.27188491821289,7.330758094787598,21.33757209777832,12.078436851501465
2005-10-21,80.68843841552734,8.42151165008545,12.62166976928711,15.792247772216797,19.70140266418457,7.719168663024902,13.260286331176758,7.4286651611328125,21.204299926757812,12.063015937805176
2005-10-24,81.9384536743164,8.615222930908203,13.071463584899902,16.104232788085938,20.004100799560547,7.818672180175781,13.376256942749023,7.619581699371338,21.37966537475586,12.271259307861328
2005-10-25,81.77448272705078,8.608870506286621,13.342988014221191,16.012781143188477,19.977184295654297,7.765095233917236,13.329865455627441,7.629373073577881,21.246381759643555,12.18256664276123
2005-10-26,81.53543090820312,8.678727149963379,13.263450622558594,16.120361328125,19.802303314208984,7.745960235595703,13.28927993774414,7.5363616943359375,20.979843139648438,12.109291076660156
2005-10-27,80.6679916381836,8.589818000793457,12.887709617614746,16.028921127319336,19.627410888671875,7.6617631912231445,13.161715507507324,7.450695514678955,20.902692794799805,11.866329193115234
2005-10-28,81.82915496826172,8.726363182067871,13.238774299621582,16.303239822387695,19.94356346130371,7.734477519989014,13.382049560546875,7.600003242492676,21.21833038330078,12.074586868286133
2005-10-31,82.0545654296875,8.751770973205566,13.389616012573242,16.362407684326172,19.99736976623535,7.814846038818359,13.434231758117676,7.697906970977783,21.316532135009766,12.275116920471191
2005-11-01,82.30043029785156,8.780351638793945,13.471899032592773,16.303239822387695,19.936832427978516,7.799537181854248,13.358860969543457,7.5461530685424805,21.253406524658203,12.282833099365234
2005-11-02,83.16107177734375,8.885140419006348,13.735189437866211,16.437713623046875,20.13863182067871,7.8875603675842285,13.393648147583008,7.57552433013916,21.253406524658203,12.498793601989746
2005-11-03,83.51624298095703,8.856563568115234,13.995738983154297,16.44847297668457,20.226057052612305,7.960271835327148,13.44582748413086,7.570631504058838,21.38667869567871,12.502643585205078
2005-11-04,83.40697479248047,8.84385871887207,13.576119422912598,16.475364685058594,20.23950958251953,7.994715690612793,13.440031051635742,7.56083869934082,21.498903274536133,12.54892635345459
2005-11-07,83.48896789550781,8.891491889953613,13.340241432189941,16.61521339416504,20.313514709472656,8.010025024414062,13.469019889831543,7.541254997253418,21.54098892211914,12.649199485778809
2005-11-08,83.48896789550781,8.847034454345703,13.452691078186035,16.56680679321289,20.185701370239258,8.013854026794434,13.428434371948242,7.538811206817627,21.49188232421875,12.506505966186523
2005-11-09,83.59822082519531,8.837509155273438,13.329276084899902,16.609832763671875,20.232784271240234,8.006196022033691,13.451629638671875,7.604896545410156,21.51293182373047,12.502643585205078
2005-11-10,84.24710845947266,8.961357116699219,12.915143966674805,16.943321228027344,20.495105743408203,8.07508659362793,13.608173370361328,7.56818151473999,21.793500900268555,12.691619873046875
2005-11-11,84.53401947021484,9.085199356079102,13.019359588623047,17.00248146057129,20.53547477722168,8.094223022460938,13.62557601928711,7.499643325805664,21.80052375793457,12.730182647705078
2005-11-14,84.4861831665039,9.174110412597656,13.08792495727539,17.01325035095215,20.575828552246094,8.101877212524414,13.573392868041992,7.450695514678955,21.653217315673828,12.737892150878906
2005-11-15,84.17879486083984,9.148710250854492,13.109864234924316,16.85726547241211,20.569108963012695,8.07508659362793,13.503811836242676,7.465379238128662,21.765443801879883,12.54892635345459
2005-11-16,84.34956359863281,9.16458797454834,13.449947357177734,16.765817642211914,20.643095016479492,8.105705261230469,13.538599967956543,7.5339131355285645,21.723360061645508,12.541214942932129
2005-11-17,85.13509368896484,9.278903007507324,13.444470405578613,16.9648380279541,20.838159561157227,8.201376914978027,13.532804489135742,7.6440582275390625,21.835588455200195,12.707043647766113
2005-11-18,85.46978759765625,9.304311752319336,13.449947357177734,17.050893783569336,21.05339813232422,8.247303009033203,13.567584991455078,7.629373073577881,21.926782608032227,12.79188060760498
2005-11-21,85.9001235961914,9.364645957946777,13.784557342529297,17.131580352783203,21.174470901489258,8.243474006652832,13.584983825683594,7.646504878997803,21.968862533569336,12.838167190551758
2005-11-22,86.26895141601562,9.393226623535156,14.003969192504883,17.28219223022461,21.228290557861328,8.297053337097168,13.677757263183594,7.646504878997803,21.842601776123047,12.896011352539062
2005-11-23,86.76756286621094,9.377347946166992,13.951860427856445,17.416650772094727,21.25518798828125,8.342976570129395,13.72993278503418,7.741966247558594,21.898725509643555,12.988567352294922
2005-11-25,86.83587646484375,9.4313325881958,13.987510681152344,17.454317092895508,21.261917114257812,8.365938186645508,13.741534233093262,7.771334648132324,21.926782608032227,12.988567352294922
2005-11-28,86.22112274169922,9.405926704406738,13.515780448913574,17.37361717224121,21.14756965637207,8.335318565368652,13.677757263183594,7.741966247558594,21.695316314697266,12.869012832641602
2005-11-29,86.12548065185547,9.491666793823242,13.537717819213867,17.36286163330078,21.194637298583984,8.335318565368652,13.666163444519043,7.7615485191345215,21.716339111328125,12.8497314453125
2005-11-30,85.66105651855469,9.42180061340332,13.589826583862305,17.142333984375,21.1610164642334,8.308530807495117,13.555994033813477,7.685668468475342,21.576053619384766,12.764884948730469
2005-12-01,86.53531646728516,9.605988502502441,14.020428657531738,17.233774185180664,21.396448135375977,8.434829711914062,13.648759841918945,7.715041637420654,21.793500900268555,12.9114351272583
2005-12-02,86.64460754394531,9.56470775604248,14.034133911132812,17.27142333984375,21.31572914123535,8.427173614501953,13.642962455749512,7.727277755737305,21.870664596557617,12.95385456085205
2005-12-05,86.4601821899414,9.590109825134277,14.13287353515625,17.239152908325195,21.201377868652344,8.385077476501465,13.590784072875977,7.72238826751709,21.91275405883789,12.876727104187012
2005-12-06,86.62410736083984,9.65997314453125,14.193208694458008,17.185367584228516,21.288818359375,8.39655590057373,13.579184532165527,7.700354099273682,21.870664596557617,12.915288925170898
2005-12-07,86.11864471435547,9.634568214416504,14.141096115112305,17.04552459716797,21.134119033813477,8.38124942779541,13.544401168823242,7.663640975952148,21.779470443725586,12.903719902038574
2005-12-08,86.0640640258789,9.618690490722656,14.390687942504883,17.034765243530273,21.039953231811523,8.320013046264648,13.521208763122559,7.744412899017334,21.856630325317383,12.8497314453125
2005-12-09,86.28944396972656,9.593284606933594,14.212409973144531,17.158472061157227,21.1542911529541,8.350632667541504,13.544401168823242,7.832530975341797,21.884693145751953,12.869012832641602
2005-12-12,86.37139892578125,9.593284606933594,14.39616870880127,17.083179473876953,21.1610164642334,8.37359619140625,13.573392868041992,7.759100437164307,21.89169692993164,12.884435653686523
2005-12-13,86.95880126953125,9.679021835327148,14.335827827453613,17.3037052154541,21.181196212768555,8.346805572509766,13.741534233093262,7.874139308929443,22.13018798828125,12.942291259765625
2005-12-14,87.30034637451172,9.625040054321289,14.508623123168945,17.368249893188477,21.362802505493164,8.35828685760498,13.857492446899414,7.96225118637085,22.193315505981445,13.007844924926758
2005-12-15,87.047607421875,9.574230194091797,14.393423080444336,17.27142333984375,21.396448135375977,8.323843955993652,13.880687713623047,7.9793877601623535,22.256452560424805,12.980846405029297
2005-12-16,86.76742553710938,9.53774356842041,14.043363571166992,17.313655853271484,21.43027114868164,8.311509132385254,13.869030952453613,7.978896141052246,22.30852508544922,12.950225830078125
2005-12-19,86.32112121582031,9.492938041687012,13.927878379821777,17.162065505981445,21.220510482788086,8.21132755279541,13.845724105834961,7.87270975112915,22.505569458007812,12.810688018798828
2005-12-20,86.40347290039062,9.457732200622559,14.117616653442383,17.23785972595215,21.234041213989258,8.180502891540527,13.764140129089355,7.885056495666504,22.47742462158203,12.783554077148438
2005-12-21,86.54082489013672,9.64016342163086,14.147863388061523,17.286582946777344,21.342308044433594,8.188206672668457,13.804937362670898,7.81343936920166,22.547805786132812,12.795188903808594
2005-12-22,86.99403381347656,9.739384651184082,14.131373405456543,17.405691146850586,21.504701614379883,8.226738929748535,13.8165864944458,7.8480119705200195,22.69557762145996,12.799063682556152
2005-12-23,87.04210662841797,9.76818561553955,14.09287166595459,17.42734718322754,21.545305252075195,8.242152214050293,13.7932710647583,7.862833023071289,22.723745346069336,12.822320938110352
2005-12-27,86.15631866455078,9.707376480102539,13.677645683288574,17.29199981689453,21.355836868286133,8.1727933883667,13.700041770935059,7.8480119705200195,22.54075813293457,12.713789939880371
2005-12-28,86.34860229492188,9.790594100952148,13.883875846862793,17.254104614257812,21.389677047729492,8.153529167175293,13.717525482177734,7.808501720428467,22.54075813293457,12.737044334411621
2005-12-29,85.96407318115234,9.774587631225586,13.776639938354492,17.23785972595215,21.382902145385742,8.107290267944336,13.682558059692383,7.793685436248779,22.463348388671875,12.733163833618164
2005-12-30,85.49710845947266,9.691376686096191,13.834385871887207,17.145824432373047,21.2611026763916,8.053340911865234,13.571844100952148,7.751702308654785,22.322595596313477,12.655643463134766
2006-01-03,87.00090789794922,9.896212577819824,14.49158763885498,17.432762145996094,21.403207778930664,8.21132755279541,13.659250259399414,7.902341842651367,22.597057342529297,12.791309356689453
2006-01-04,87.41293334960938,9.957024574279785,14.532837867736816,17.41652488708496,21.457338333129883,8.307659149169922,13.705866813659668,7.914687633514404,22.822248458862305,12.802934646606445
2006-01-05,87.4678726196289,9.941019058227539,14.348601341247559,17.476064682006836,21.423507690429688,8.346196174621582,13.635942459106445,7.862833023071289,22.76596450805664,12.814565658569336
2006-01-06,88.19572448730469,10.046638488769531,14.700576782226562,17.57893943786621,21.504701614379883,8.477202415466309,13.694218635559082,7.946793556213379,22.913747787475586,12.919224739074707
2006-01-09,88.42230987548828,10.043440818786621,14.68408203125,17.62765884399414,21.680641174316406,8.504178047180176,13.758312225341797,7.897403717041016,23.019311904907227,13.051013946533203
2006-01-10,88.51158905029297,9.979425430297852,14.843572616577148,17.64389991760254,21.61974334716797,8.496464729309082,13.723343849182129,7.9097466468811035,22.93485450744629,13.054885864257812
2006-01-11,88.7931137084961,9.902612686157227,14.90681266784668,17.741357803344727,21.633281707763672,8.577384948730469,13.735006332397461,7.897403717041016,22.878549575805664,13.120779037475586
2006-01-12,88.44293212890625,9.764983177185059,14.799577713012695,17.616830825805664,21.47087860107422,8.531149864196777,13.700041770935059,7.897403717041016,22.857439041137695,13.004495620727539
2006-01-13,88.36050415039062,9.787393569946289,14.975561141967773,17.606008529663086,21.39645004272461,8.527295112609863,13.682558059692383,7.951735019683838,22.84336280822754,13.008376121520996
2006-01-17,88.12018585205078,9.796993255615234,15.305540084838867,17.42193031311035,21.288175582885742,8.442524909973145,13.63011360168457,8.035693168640137,22.780029296875,12.93860149383545
2006-01-18,87.76998901367188,9.70097541809082,15.179045677185059,17.373212814331055,21.315242767333984,8.342333793640137,13.688385963439941,8.052980422973633,22.815221786499023,12.895965576171875
2006-01-19,88.10645294189453,9.803391456604004,15.443034172058105,17.319063186645508,21.416744232177734,8.41555404663086,13.700041770935059,8.124593734741211,22.93485450744629,12.992868423461914
2006-01-20,86.4996566772461,9.636966705322266,15.511781692504883,16.956340789794922,20.949838638305664,8.19591236114502,13.501910209655762,8.077678680419922,22.49853515625,12.771926879882812
2006-01-23,86.80866241455078,9.76818561553955,15.682266235351562,16.999652862548828,20.963367462158203,8.165091514587402,13.513564109802246,8.065326690673828,22.48446273803711,12.764175415039062
2006-01-24,86.89793395996094,9.877005577087402,15.588773727416992,17.075443267822266,21.119007110595703,8.192060470581055,13.560185432434082,8.136945724487305,22.378910064697266,12.89208698272705
2006-01-25,86.97344207763672,9.925017356872559,15.261547088623047,17.10792350769043,21.11223602294922,8.219036102294922,13.571844100952148,8.025814056396484,22.35074234008789,12.845575332641602
2006-01-26,87.45413970947266,10.043440818786621,15.311043739318848,17.400278091430664,21.349071502685547,8.272981643676758,13.600980758666992,7.954199314117432,22.463348388671875,12.899842262268066
2006-01-27,88.26438903808594,10.113851547241211,15.577774047851562,17.41652488708496,21.39645004272461,8.365461349487305,13.711694717407227,7.998649597167969,22.723745346069336,12.957983016967773
2006-01-30,88.19572448730469,10.142658233642578,15.935256004333496,17.362384796142578,21.44379997253418,8.39242935180664,13.659250259399414,7.944323539733887,22.618175506591797,12.926971435546875
2006-01-31,87.55023956298828,10.158658981323242,15.855510711669922,17.297412872314453,21.322006225585938,8.323074340820312,13.595145225524902,7.939384460449219,22.611135482788086,12.880455017089844
2006-02-01,88.16138458251953,10.18746566772461,15.47878360748291,17.286582946777344,21.504701614379883,8.37316608428955,13.63011360168457,7.961611270904541,22.751882553100586,12.923093795776367
2006-02-02,87.13825988769531,10.037036895751953,15.324792861938477,17.167482376098633,21.322006225585938,8.257567405700684,13.624289512634277,7.857889652252197,22.568910598754883,12.907590866088867
2006-02-03,86.70563507080078,9.947419166564941,15.184547424316406,17.097097396850586,21.274641036987305,8.199766159057617,13.536871910095215,7.818379878997803,22.526681900024414,12.845575332641602
2006-02-06,86.93225860595703,10.126651763916016,15.481538772583008,17.145824432373047,21.349071502685547,8.176650047302246,13.507737159729004,7.865297794342041,22.322595596313477,12.841696739196777
2006-02-07,86.16319274902344,9.861003875732422,14.835322380065918,17.032140731811523,21.193435668945312,8.153529167175293,13.443642616271973,7.818379878997803,22.287424087524414,12.764175415039062
2006-02-08,86.94596862792969,9.877005577087402,14.838072776794434,17.140409469604492,21.294940948486328,8.311509132385254,13.501910209655762,7.8159098625183105,22.57595443725586,12.853324890136719
2006-02-09,86.80179595947266,9.909016609191895,14.499845504760742,17.183725357055664,21.416744232177734,8.272981643676758,13.542699813842773,7.843076229095459,22.597057342529297,12.849452018737793
2006-02-10,86.95970153808594,9.889809608459473,14.447596549987793,17.281173706054688,21.5588436126709,8.338483810424805,13.525218963623047,7.8480119705200195,22.547805786132812,12.895965576171875
2006-02-13,86.80179595947266,9.790594100952148,14.389847755432129,17.21620750427246,21.585901260375977,8.261419296264648,13.507737159729004,7.838135719299316,22.519643783569336,12.864954948425293
2006-02-14,87.7219009399414,10.053040504455566,14.227604866027832,17.42193031311035,21.843042373657227,8.37316608428955,13.676727294921875,7.83072566986084,22.737802505493164,13.008376121520996
2006-02-15,88.03093719482422,10.008231163024902,14.150615692138672,17.524795532226562,21.903949737548828,8.41940689086914,13.764140129089355,7.843076229095459,22.871517181396484,13.066512107849121
2006-02-16,88.69012451171875,10.139455795288086,14.475090026855469,17.62765884399414,21.96484375,8.496464729309082,13.828246116638184,7.90480899810791,23.019311904907227,13.10915470123291
2006-02-17,88.44978332519531,10.129857063293457,14.576845169067383,17.557283401489258,22.01897621154785,8.450231552124023,13.769965171813965,7.9764299392700195,23.005220413208008,13.031627655029297
2006-02-21,88.23004150390625,10.133052825927734,14.862818717956543,17.503143310546875,21.93101692199707,8.35775089263916,13.752486228942871,7.988775730133057,22.88559913635254,12.961860656738281
2006-02-22,88.76568603515625,10.174661636352539,14.585083961486816,17.833391189575195,22.161088943481445,8.400137901306152,13.863202095031738,8.01840877532959,23.082645416259766,13.05876636505127
2006-02-23,88.63520050048828,10.123453140258789,14.568586349487305,17.7684268951416,22.086652755737305,8.35775089263916,13.869030952453613,8.008524894714355,22.998199462890625,12.988992691040039
2006-02-24,88.86180877685547,10.152256965637207,14.747321128845215,17.806320190429688,22.100181579589844,8.361605644226074,13.799102783203125,8.033224105834961,22.998199462890625,12.965731620788574
2006-02-27,88.89612579345703,10.069045066833496,14.49158763885498,17.838804244995117,22.242280960083008,8.438671112060547,13.898173332214355,8.097431182861328,23.174129486083984,13.082019805908203
2006-02-28,88.051513671875,9.941019058227539,14.392605781555176,17.665557861328125,21.985143661499023,8.342333793640137,13.711694717407227,8.043102264404297,22.871517181396484,12.973484992980957
2006-03-01,88.83430480957031,10.094648361206055,14.637343406677246,17.757596969604492,22.161088943481445,8.508028984069824,13.764140129089355,8.020877838134766,22.89262580871582,13.070391654968262
2006-03-02,88.82743835449219,10.155457496643066,14.882070541381836,17.64931869506836,22.100181579589844,8.527295112609863,13.688385963439941,8.015933990478516,22.850406646728516,12.98511791229248
2006-03-03,88.41548156738281,10.158658981323242,14.88481330871582,17.606008529663086,22.154315948486328,8.477202415466309,13.723343849182129,7.9764299392700195,22.772998809814453,12.977360725402832
2006-03-06,88.01033782958984,10.021034240722656,14.367853164672852,17.551870346069336,22.039283752441406,8.442524909973145,13.676727294921875,7.8480119705200195,22.653356552124023,12.895965576171875
2006-03-07,87.87301635742188,9.925017356872559,14.156111717224121,17.611427307128906,22.052814483642578,8.388581275939941,13.769965171813965,7.810968399047852,22.660400390625,12.837824821472168
2006-03-08,88.05839538574219,9.864206314086914,14.156111717224121,17.62224578857422,22.025753021240234,8.380875587463379,13.921476364135742,7.80356502532959,22.815221786499023,12.861075401306152
2006-03-09,87.4678726196289,9.845001220703125,14.054366111755371,17.513973236083984,21.998680114746094,8.330777168273926,13.944783210754395,7.781338214874268,22.737802505493164,12.810688018798828
2006-03-10,88.2987289428711,10.021034240722656,14.131373405456543,17.670978546142578,22.228750228881836,8.369312286376953,14.07298755645752,7.83072566986084,22.822248458862305,12.930850982666016
2006-03-13,88.4635009765625,10.043440818786621,14.409099578857422,17.6763858795166,22.215221405029297,8.400137901306152,14.08464241027832,7.840606212615967,22.808177947998047,12.926971435546875
2006-03-14,89.39048767089844,10.229068756103516,14.675826072692871,17.88212013244629,22.424989700317383,8.496464729309082,14.0496826171875,7.924563884735107,22.970043182373047,13.066512107849121
2006-03-15,89.78877258300781,10.35069465637207,14.752828598022461,17.90377426147461,22.763324737548828,8.546565055847168,13.997231483459473,7.9764299392700195,23.047454833984375,13.14016342163086
2006-03-16,89.97415924072266,10.366698265075684,14.98656177520752,17.963321685791016,22.77685546875,8.4926176071167,14.043861389160156,8.01840877532959,23.047454833984375,13.167296409606934
2006-03-17,90.04933166503906,10.353185653686523,14.796540260314941,18.0161190032959,22.950733184814453,8.519590377807617,14.03564453125,7.99899959564209,23.10181427001953,13.189393043518066
2006-03-20,89.90457916259766,10.330678939819336,14.468340873718262,18.027006149291992,22.909984588623047,8.535003662109375,14.117669105529785,7.8820648193359375,23.144180297851562,13.158379554748535
2006-03-21,89.3392562866211,10.179511070251465,14.443524360656738,17.847387313842773,22.821685791015625,8.500322341918945,14.023933410644531,7.822348594665527,23.002971649169922,13.084715843200684
2006-03-22,89.88387298583984,10.28564739227295,14.540042877197266,17.988908767700195,22.991483688354492,8.504178047180176,14.152812957763672,7.859668731689453,23.23596954345703,13.127364158630371
2006-03-23,89.69773864746094,10.314590454101562,14.755166053771973,17.90182113647461,22.896394729614258,8.484912872314453,14.047374725341797,7.849720478057861,23.108882904052734,13.11960506439209
2006-03-24,89.76671600341797,10.3081636428833,14.854453086853027,17.896377563476562,22.876022338867188,8.511883735656738,14.047374725341797,7.834790229797363,23.073583602905273,13.100226402282715
2006-03-27,89.6357192993164,10.378922462463379,14.931675910949707,17.8854923248291,22.896394729614258,8.523448944091797,14.000499725341797,7.782543659210205,22.897064208984375,13.096341133117676
2006-03-28,89.08419799804688,10.29207706451416,15.047514915466309,17.738525390625,22.733388900756836,8.42711067199707,13.88920783996582,7.750198841094971,22.685251235961914,13.026567459106445
2006-03-29,89.64262390136719,10.4657621383667,15.224019050598145,17.820180892944336,22.964323043823242,8.554268836975098,13.988788604736328,7.7974700927734375,22.74879264831543,13.142871856689453
2006-03-30,89.48405456542969,10.504355430603027,15.21574592590332,17.71131134033203,22.964323043823242,8.581239700317383,13.877484321594238,7.727806568145752,22.706432342529297,13.088592529296875
2006-03-31,89.50470733642578,10.404648780822754,15.00339412689209,17.716760635375977,22.95752716064453,8.531149864196777,13.8247652053833,7.670578479766846,22.579343795776367,13.04981803894043
2006-04-03,89.4357681274414,10.533300399780273,15.086125373840332,17.74397087097168,23.039033889770508,8.581239700317383,13.871627807617188,7.680534362792969,22.565223693847656,13.003303527832031
2006-04-04,90.00798797607422,10.549386024475098,15.284697532653809,17.934478759765625,23.195253372192383,8.612068176269531,13.859906196594238,7.762639999389648,22.59345817565918,13.076956748962402
2006-04-05,90.31819152832031,10.694117546081543,15.53567123413086,17.96713638305664,23.208837509155273,8.685279846191406,13.88920783996582,7.837276935577393,22.52286148071289,13.162252426147461
2006-04-06,90.22169494628906,10.716631889343262,15.568774223327637,17.90182113647461,23.174875259399414,8.677572250366211,13.836484909057617,7.740246772766113,22.353410720825195,13.189393043518066
2006-04-07,89.30477142333984,10.552600860595703,15.265390396118164,17.733081817626953,23.05940055847168,8.577384948730469,13.713469505310059,7.630770206451416,22.085113525390625,13.131240844726562
2006-04-10,89.44268798828125,10.549386024475098,15.554981231689453,17.76575469970703,22.97791290283203,8.565832138061523,13.731037139892578,7.6282877922058105,22.042757034301758,13.111859321594238
2006-04-11,88.68433380126953,10.472190856933594,15.444658279418945,17.613340377807617,22.93715476989746,8.488761901855469,13.602169036865234,7.541206359863281,21.80269432067871,13.007176399230957
2006-04-12,88.84980010986328,10.542948722839355,15.342620849609375,17.65144920349121,23.093372344970703,8.504178047180176,13.649024963378906,7.558619976043701,21.950969696044922,12.995542526245117
2006-04-13,88.73260498046875,10.597623825073242,15.392257690429688,17.678659439086914,22.99828338623047,8.515740394592285,13.625594139099121,7.523784637451172,21.90153694152832,13.026567459106445
2006-04-17,88.6981201171875,10.690896987915039,15.676332473754883,17.662328720092773,22.8828182220459,8.423259735107422,13.5494384765625,7.516324996948242,21.77446174621582,12.960653305053711
2006-04-18,90.1045150756836,10.983579635620117,16.059688568115234,17.988908767700195,23.432985305786133,8.592802047729492,13.678316116333008,7.660628318786621,21.97920799255371,13.150619506835938
2006-04-19,90.27684020996094,11.0575532913208,16.30790901184082,18.010677337646484,23.5824031829834,8.585095405578613,13.69589614868164,7.685507774353027,21.85211753845215,13.10409927368164
2006-04-20,90.40093231201172,10.954632759094238,16.139667510986328,18.04877471923828,23.670713424682617,8.592802047729492,13.719322204589844,7.740246772766113,22.04981803894043,13.154500007629395
2006-04-21,90.41471099853516,11.063982963562012,16.476152420043945,18.027006149291992,23.697877883911133,8.500322341918945,13.719322204589844,7.775080680847168,22.000381469726562,13.053704261779785
2006-04-24,90.24923706054688,11.025391578674316,16.225168228149414,18.03244972229004,23.779380798339844,8.488761901855469,13.77790355682373,7.847230911254883,21.915660858154297,13.04981803894043
2006-04-25,89.87699890136719,10.948201179504395,16.015565872192383,17.923593521118164,23.500905990600586,8.484912872314453,13.77790355682373,7.735271453857422,21.78151512145996,13.030441284179688
2006-04-26,89.89766693115234,10.94498062133789,15.761831283569336,18.027006149291992,23.629947662353516,8.515740394592285,13.906780242919922,7.658140659332275,21.78151512145996,13.11960506439209
2006-04-27,90.33197784423828,10.726277351379395,15.582554817199707,18.31004524230957,23.500905990600586,8.600507736206055,13.924346923828125,7.76015043258667,21.661483764648438,13.224287033081055
2006-04-28,90.6353530883789,10.774518966674805,15.759076118469238,18.484220504760742,23.453353881835938,8.41940689086914,13.959495544433594,7.79249382019043,21.880359649658203,13.216531753540039
2006-05-01,89.89766693115234,10.8452787399292,16.018321990966797,18.195735931396484,23.514476776123047,8.350048065185547,13.953640937805176,7.720341682434082,21.68973159790039,13.142871856689453
2006-05-02,90.57328796386719,10.951415061950684,16.374099731445312,18.31004524230957,23.704668045043945,8.388581275939941,14.03564453125,7.8447442054748535,21.68973159790039,13.154500007629395
2006-05-03,90.2354965209961,10.954632759094238,16.1203670501709,18.293712615966797,23.711462020874023,8.369312286376953,13.941926002502441,7.819863796234131,21.449670791625977,13.189393043518066
2006-05-04,90.55947875976562,11.063982963562012,16.0458984375,18.33181381225586,23.99673080444336,8.400137901306152,13.965353965759277,7.829815864562988,21.520282745361328,13.263060569763184
2006-05-05,91.35917663574219,11.141176223754883,16.233442306518555,18.593074798583984,24.234458923339844,8.446378707885742,14.094226837158203,8.006464004516602,21.732086181640625,13.418129920959473
2006-05-08,91.24887084960938,11.182987213134766,16.161731719970703,18.516864776611328,24.214080810546875,8.457935333251953,14.170384407043457,7.944265842437744,21.725032806396484,13.437519073486328
2006-05-09,91.42811584472656,11.256959915161133,16.258264541625977,18.549531936645508,24.214080810546875,8.423259735107422,14.211387634277344,7.877089500427246,21.569700241088867,13.476285934448242
2006-05-10,91.3798599243164,11.26017951965332,16.409954071044922,18.56041145324707,24.2276611328125,8.334634780883789,14.152812957763672,7.939288139343262,21.548519134521484,13.484039306640625
2006-05-11,90.27684020996094,11.105796813964844,16.197595596313477,18.2556209564209,24.105409622192383,8.161233901977539,13.977073669433594,7.864647388458252,21.506153106689453,13.348350524902344
2006-05-12,89.09797668457031,10.867791175842285,15.64875316619873,18.070552825927734,23.725048065185547,8.084173202514648,13.865768432617188,7.777566909790039,21.456735610961914,13.216531753540039
2006-05-15,89.2771987915039,10.726277351379395,15.320557594299316,18.195735931396484,23.73182487487793,8.091875076293945,14.018077850341797,7.827325820922852,21.76033592224121,13.251425743103027
2006-05-16,89.14622497558594,10.72949504852295,15.375710487365723,18.173973083496094,23.725048065185547,8.014809608459473,14.07080078125,7.79249382019043,21.81682014465332,13.158379554748535
2006-05-17,87.45027923583984,10.440028190612793,14.984082221984863,17.80929183959961,23.235998153686523,7.906917095184326,13.895058631896973,7.673068523406982,21.59088706970215,12.976161003112793
2006-05-18,87.00907897949219,10.330678939819336,14.802056312561035,17.65144920349121,23.045818328857422,7.879950046539307,13.8247652053833,7.670578479766846,21.49909210205078,12.96840763092041
2006-05-19,87.62265014648438,10.37248706817627,14.898582458496094,17.74397087097168,23.12054443359375,7.937745571136475,13.836484909057617,7.735271453857422,21.37906265258789,13.057577133178711
2006-05-22,86.95390319824219,10.147342681884766,14.813087463378906,17.700428009033203,23.07299041748047,7.868385314941406,13.877484321594238,7.794982433319092,21.28728485107422,12.964526176452637
2006-05-23,86.29212951660156,10.16986083984375,14.81584644317627,17.613340377807617,22.964323043823242,7.810584545135498,13.871627807617188,7.685507774353027,21.188438415527344,12.867606163024902
2006-05-24,86.98151397705078,10.124835968017578,14.633816719055176,17.624229431152344,22.903186798095703,7.887656211853027,13.977073669433594,7.712875843048096,21.251981735229492,12.886991500854492
2006-05-25,88.05693817138672,10.298513412475586,15.14680004119873,17.782079696655273,23.05940055847168,7.960862636566162,14.11180591583252,7.785028457641602,21.449670791625977,13.011054992675781
2006-05-26,88.50505828857422,10.472190856933594,15.196441650390625,17.92903709411621,23.188461303710938,7.999392986297607,14.11180591583252,7.869621753692627,21.569700241088867,13.053704261779785
2006-05-30,86.93327331542969,10.224538803100586,14.956499099731445,17.662328720092773,22.889610290527344,7.841411113739014,13.936064720153809,7.790009021759033,21.28728485107422,12.855977058410645
2006-05-31,87.9052963256836,10.340326309204102,15.320557594299316,17.787513732910156,23.052610397338867,7.872241020202637,13.988788604736328,7.919379711151123,21.42144012451172,12.995542526245117
2006-06-01,88.74634552001953,10.452893257141113,15.361923217773438,17.994346618652344,23.290342330932617,8.007101058959961,14.064940452575684,7.99899959564209,21.725032806396484,13.197151184082031
2006-06-02,88.93254852294922,10.552600860595703,15.590838432312012,18.097761154174805,23.32430648803711,7.980130672454834,14.03564453125,8.096033096313477,21.809755325317383,13.170007705688477
2006-06-05,87.63642120361328,10.237405776977539,15.099905967712402,17.803848266601562,22.821685791015625,7.8606791496276855,13.836484909057617,7.99899959564209,21.470842361450195,12.960653305053711
2006-06-06,87.42266845703125,10.150564193725586,15.086125373840332,17.760305404663086,22.733388900756836,7.8606791496276855,13.877484321594238,8.01392650604248,21.506153106689453,12.894742012023926
2006-06-07,86.76780700683594,9.918992042541504,14.506951332092285,17.820180892944336,22.482078552246094,7.752788066864014,13.871627807617188,7.9840779304504395,21.605003356933594,12.898622512817383
2006-06-08,86.69197082519531,9.886832237243652,14.711045265197754,17.852834701538086,22.49566078186035,7.714256286621094,13.918485641479492,8.01144027709961,21.640300750732422,12.879237174987793
2006-06-09,86.41620635986328,9.835371017456055,14.56210994720459,17.79296875,22.305484771728516,7.683431148529053,13.930204391479492,8.078617095947266,21.48497772216797,12.848221778869629
2006-06-12,85.47859954833984,9.680986404418945,14.26424503326416,17.597017288208008,22.027000427246094,7.540856838226318,13.848196983337402,8.096033096313477,21.2661075592041,12.67763614654541
2006-06-13,84.48587799072266,9.51695728302002,13.84227180480957,17.254112243652344,21.959081649780273,7.5485639572143555,13.801337242126465,7.99899959564209,21.209619522094727,12.576830863952637
2006-06-14,85.14080810546875,9.642396926879883,14.198054313659668,17.150697708129883,22.149255752563477,7.598658561706543,13.859906196594238,7.939288139343262,21.24491310119629,12.634990692138672
2006-06-15,86.94705963134766,9.964017868041992,14.73862075805664,17.531702041625977,22.651872634887695,7.791320323944092,13.971220970153809,8.061199188232422,21.506153106689453,12.91024398803711
2006-06-16,86.31346130371094,9.904765129089355,14.69903564453125,17.420568466186523,22.648475646972656,7.779759883880615,13.987110137939453,8.055935859680176,21.4785213470459,12.879559516906738
2006-06-19,85.63482666015625,9.70725154876709,14.145395278930664,17.30012321472168,22.471426010131836,7.745082378387451,13.934109687805176,7.945544242858887,21.315532684326172,12.809626579284668
2006-06-20,85.92567443847656,9.749349594116211,14.078969955444336,17.349393844604492,22.444183349609375,7.733520984649658,14.034233093261719,7.965610980987549,21.23758888244629,12.763001441955566
2006-06-21,86.56271362304688,9.98571491241455,14.394536972045898,17.491743087768555,22.709754943847656,7.833703994750977,14.087230682373047,7.958087921142578,21.343883514404297,12.887327194213867
2006-06-22,86.18192291259766,9.933908462524414,14.455430030822754,17.426036834716797,22.573572158813477,7.7412309646606445,14.063673973083496,7.9304890632629395,21.223411560058594,12.786316871643066
2006-06-23,86.16802978515625,10.018094062805176,14.776545524597168,17.311067581176758,22.63486099243164,7.718109607696533,14.016563415527344,7.943034648895264,21.244674682617188,12.77465534210205
2006-06-26,86.54888153076172,10.047236442565918,14.939871788024902,17.464370727539062,22.69614028930664,7.733520984649658,14.093124389648438,7.975649833679199,21.166717529296875,12.840709686279297
2006-06-27,85.80106353759766,9.920957565307617,14.967544555664062,17.294641494750977,22.485048294067383,7.629480361938477,14.028338432312012,7.945544242858887,20.94704246520996,12.67752742767334
2006-06-28,86.38269805908203,9.946857452392578,15.224992752075195,17.38771629333496,22.553138732910156,7.679575443267822,14.093124389648438,7.968121528625488,20.94704246520996,12.689184188842773
2006-06-29,88.12767028808594,10.345125198364258,15.656820297241211,17.75452995300293,23.02980613708496,7.876094341278076,14.316924095153809,8.0709867477417,21.308443069458008,12.965033531188965
2006-06-30,88.13456726074219,10.393692016601562,15.709424018859863,17.705249786376953,23.022998809814453,7.833703994750977,14.246253967285156,8.101090431213379,21.428911209106445,12.972803115844727
2006-07-03,88.49468231201172,10.516730308532715,15.878278732299805,17.913297653198242,23.104707717895508,7.891504764556885,14.328695297241211,8.19140911102295,21.471433639526367,12.992227554321289
2006-07-05,87.98915100097656,10.39045238494873,15.950254440307617,17.743572235107422,22.934476852416992,7.768198490142822,14.210906982421875,8.136215209960938,21.450180053710938,12.871785163879395
2006-07-06,88.24537658691406,10.380741119384766,15.908726692199707,17.798320770263672,22.995763778686523,7.775909900665283,14.375805854797363,8.093564987182617,21.528121948242188,12.879559516906738
2006-07-07,87.67063903808594,10.299788475036621,15.692805290222168,17.710729598999023,22.655282974243164,7.698841094970703,14.346368789672852,8.156288146972656,21.54938507080078,12.782430648803711
2006-07-10,87.83682250976562,10.325698852539062,15.7398681640625,17.831167221069336,22.716571807861328,7.610217094421387,14.434703826904297,8.201446533203125,21.62733268737793,12.797966003417969
2006-07-11,88.2246322631836,10.312746047973633,16.027761459350586,17.83663558959961,22.777856826782227,7.641046524047852,14.51126480102539,8.264168739318848,21.67692756652832,12.786316871643066
2006-07-12,87.28287506103516,10.238271713256836,15.97240161895752,17.661441802978516,22.546329498291016,7.502321243286133,14.393479347229004,8.224027633666992,21.598987579345703,12.584277153015137
2006-07-13,85.86334228515625,9.950098991394043,15.820152282714844,17.382240295410156,22.103713989257812,7.379019737243652,14.275691032409668,8.193920135498047,21.37221908569336,12.355048179626465
2006-07-14,85.53099822998047,9.966285705566406,16.005615234375,17.311067581176758,21.790477752685547,7.359752655029297,14.134355545043945,8.193920135498047,21.23758888244629,12.195754051208496
2006-07-17,85.4063491821289,9.833536148071289,15.487967491149902,17.343923568725586,21.715574264526367,7.382870674133301,14.169685363769531,8.216504096984863,21.32262420654297,12.281233787536621
2006-07-18,85.84260559082031,9.875624656677246,15.507345199584961,17.382240295410156,21.81770896911621,7.398288249969482,14.234466552734375,8.229040145874023,21.32262420654297,12.207412719726562
2006-07-19,87.03360748291016,10.141128540039062,15.66789722442627,17.842117309570312,22.260339736938477,7.506176948547363,14.411147117614746,8.354485511779785,21.825740814208984,12.452187538146973
2006-07-20,86.43810272216797,9.8594388961792,15.288655281066895,17.770950317382812,21.80410385131836,7.398288249969482,14.42292594909668,8.374557495117188,21.847007751464844,12.28900146484375
2006-07-21,85.82872772216797,9.7299165725708,15.081043243408203,17.672399520874023,21.58619499206543,7.321221828460693,14.393479347229004,8.394627571105957,21.94621467590332,12.17633056640625
2006-07-24,87.39368438720703,9.875624656677246,15.535035133361816,17.90234375,21.940284729003906,7.432963848114014,14.499488830566406,8.47240161895752,22.371389389038086,12.440526962280273
2006-07-25,87.70529174804688,10.027809143066406,15.806314468383789,17.946138381958008,21.878997802734375,7.5138840675354,14.570162773132324,8.507525444030762,22.562715530395508,12.553197860717773
2006-07-26,87.8229751586914,10.005136489868164,16.124643325805664,17.924238204956055,21.59981346130371,7.5331501960754395,14.499488830566406,8.537631034851074,22.66901397705078,12.409445762634277
2006-07-27,87.73991394042969,9.784961700439453,15.986235618591309,17.820219039916992,21.55895233154297,7.510032653808594,14.405254364013672,8.469892501831055,22.555633544921875,12.382253646850586
2006-07-28,88.61932373046875,9.96304702758789,15.991777420043945,18.13775062561035,21.80410385131836,7.641046524047852,14.540712356567383,8.52760124206543,22.67609214782715,12.533772468566895
2006-07-31,88.52925872802734,10.005136489868164,16.235376358032227,18.110382080078125,21.715574264526367,7.629480361938477,14.47004222869873,8.489961624145508,22.5981502532959,12.541543960571289
2006-08-01,88.09305572509766,9.924193382263184,16.25475311279297,18.055627822875977,21.579370498657227,7.5215888023376465,14.399368286132812,8.59533977508545,22.5981502532959,12.424985885620117
2006-08-02,88.68853759765625,10.08284854888916,16.287965774536133,18.088481903076172,21.715574264526367,7.614068984985352,14.528937339782715,8.587809562683105,22.739877700805664,12.526004791259766
2006-08-03,88.92398834228516,10.144371032714844,16.146791458129883,18.16512680053711,21.892620086669922,7.637188911437988,14.564263343811035,8.545160293579102,22.54145622253418,12.603706359863281
2006-08-04,88.77165985107422,10.095803260803223,16.011152267456055,18.203449249267578,21.83133888244629,7.614068984985352,14.570162773132324,8.547666549682617,22.548542022705078,12.60759449005127
2006-08-07,88.56389617919922,10.144371032714844,16.180015563964844,18.16512680053711,21.7428035736084,7.587099075317383,14.53482723236084,8.447312355041504,22.477691650390625,12.580397605895996
2006-08-08,88.2246322631836,10.037525177001953,16.085893630981445,18.033737182617188,21.552146911621094,7.560128211975098,14.599609375,8.52760124206543,22.47060203552246,12.452187538146973
2006-08-09,87.92686462402344,10.047236442565918,16.221532821655273,17.820219039916992,21.21847915649414,7.606365203857422,14.50537109375,8.530105590820312,22.491859436035156,12.281233787536621
2006-08-10,88.1968994140625,10.073137283325195,16.08865737915039,17.907812118530273,21.388717651367188,7.637188911437988,14.65849781036377,8.517560958862305,22.47060203552246,12.448295593261719
2006-08-11,87.94764709472656,9.959807395935059,16.096969604492188,17.85306739807129,21.26613426208496,7.594803333282471,14.629050254821777,8.497488975524902,22.364299774169922,12.444411277770996
2006-08-14,88.01688385009766,9.933908462524414,15.764785766601562,17.874961853027344,21.30699920654297,7.660306453704834,14.65849781036377,8.555196762084961,22.413909912109375,12.479378700256348
2006-08-15,89.06937408447266,10.144371032714844,15.84506607055664,18.17607879638672,21.695146560668945,7.837562084197998,14.752725601196289,8.610390663146973,22.60523796081543,12.654218673706055
2006-08-16,89.81031799316406,10.322457313537598,15.778627395629883,18.274621963500977,22.17862319946289,7.960862636566162,14.770393371582031,8.530105590820312,22.803651809692383,12.782430648803711
2006-08-17,90.0388412475586,10.257696151733398,15.66789722442627,18.334836959838867,22.205856323242188,7.995542049407959,14.746845245361328,8.520071029663086,22.860334396362305,12.860130310058594
2006-08-18,90.4958267211914,10.257696151733398,15.911499977111816,18.36220932006836,22.151378631591797,8.026368141174316,14.835177421569824,8.61540699005127,22.895780563354492,12.85624885559082
2006-08-21,90.1080551147461,10.257696151733398,16.016687393188477,18.291038513183594,21.95391082763672,7.972424030303955,14.870505332946777,8.632969856262207,22.817829132080078,12.716381072998047
2006-08-22,90.10112762451172,10.286840438842773,16.124643325805664,18.28557014465332,22.021995544433594,7.976277828216553,14.858736038208008,8.66307258605957,22.88869285583496,12.704723358154297
2006-08-23,89.85181427001953,10.270649909973145,15.786930084228516,18.2308292388916,21.858566284179688,7.937745571136475,14.811613082885742,8.57275390625,22.874515533447266,12.59205436706543
2006-08-24,89.77565002441406,10.189701080322266,15.991777420043945,18.291038513183594,21.7428035736084,7.968569278717041,14.888178825378418,8.607881546020508,23.03042221069336,12.526004791259766
2006-08-25,89.88646697998047,10.222081184387207,16.116344451904297,18.1925048828125,21.749618530273438,7.991690158843994,14.864624977111816,8.607881546020508,23.044593811035156,12.526004791259766
2006-08-28,90.31580352783203,10.212368965148926,15.883816719055176,18.323888778686523,21.83814239501953,8.064903259277344,14.923516273498535,8.67310905456543,23.193395614624023,12.650328636169434
2006-08-29,90.41962432861328,10.254460334777832,15.784156799316406,18.247257232666016,21.892620086669922,8.138114929199219,14.976517677307129,8.680636405944824,23.299699783325195,12.74357795715332
2006-08-30,90.47506713867188,10.257696151733398,15.518417358398438,18.301992416381836,21.913043975830078,8.19591236114502,15.017746925354004,8.635477066040039,23.313861846923828,12.751346588134766
2006-08-31,90.46123504638672,10.306267738342285,15.410452842712402,18.323888778686523,21.96071434020996,8.165091514587402,15.029521942138672,8.723286628723145,23.24300193786621,12.790197372436523
2006-09-01,91.00132751464844,10.422831535339355,15.640214920043945,18.351272583007812,22.117332458496094,8.199766159057617,15.111971855163574,8.730813026428223,23.36347198486328,12.895100593566895
2006-09-05,91.1744155883789,10.484353065490723,15.84506607055664,18.41697120666504,22.16499900817871,8.242152214050293,15.05896282196045,8.63798713684082,23.257173538208008,12.933953285217285
2006-09-06,90.37117004394531,10.354836463928223,15.308042526245117,18.356735229492188,21.933483123779297,8.107290267944336,15.017746925354004,8.60537052154541,23.172142028808594,12.77465534210205
2006-09-07,89.95569610595703,10.241508483886719,15.321879386901855,18.214393615722656,21.878997802734375,8.061050415039062,14.964739799499512,8.617915153503418,23.002065658569336,12.817399024963379
2006-09-08,90.21192932128906,10.280360221862793,14.934326171875,18.31842041015625,21.919857025146484,8.12655258178711,15.041299819946289,8.617915153503418,23.186311721801758,12.933953285217285
2006-09-11,90.30196380615234,10.005136489868164,14.47204303741455,18.329368591308594,21.940284729003906,8.19591236114502,15.153197288513184,8.587809562683105,23.335128784179688,13.034969329833984
2006-09-12,91.18827056884766,10.121707916259766,14.380694389343262,18.564783096313477,22.144563674926758,8.338483810424805,15.15908145904541,8.54265022277832,23.604398727416992,13.338022232055664
2006-09-13,91.5552749633789,10.192939758300781,14.679657936096191,18.7016544342041,22.369279861450195,8.338483810424805,15.047196388244629,8.560216903686523,23.5548038482666,13.392410278320312
2006-09-14,91.56218719482422,10.160561561584473,14.353013038635254,18.745447158813477,22.267147064208984,8.35775089263916,15.123757362365723,8.525089263916016,23.526458740234375,13.35744571685791
2006-09-15,91.77708435058594,10.151768684387207,14.402178764343262,18.802705764770508,22.38203239440918,8.3786039352417,15.140327453613281,8.52812385559082,23.564132690429688,13.414278030395508
2006-09-18,91.90226745605469,10.275527000427246,14.749384880065918,18.780685424804688,22.43673324584961,8.374741554260254,15.081138610839844,8.502832412719727,23.557029724121094,13.344209671020508
2006-09-19,91.67273712158203,10.14525318145752,14.527167320251465,18.813722610473633,22.347837448120117,8.336130142211914,15.116650581359863,8.520536422729492,23.592594146728516,13.37145709991455
2006-09-20,92.15959167480469,10.23318862915039,14.138294219970703,18.94036102294922,22.470922470092773,8.471269607543945,15.205432891845703,8.507887840270996,23.685014724731445,13.468770980834961
2006-09-21,91.7145004272461,10.141995429992676,14.318851470947266,18.808218002319336,22.25893783569336,8.390186309814453,15.069296836853027,8.495244026184082,23.535701751708984,13.394811630249023
2006-09-22,91.43632507324219,10.13222599029541,14.257741928100586,18.841245651245117,22.149520874023438,8.339991569519043,15.081138610839844,8.485129356384277,23.386377334594727,13.383135795593262
2006-09-25,92.13874053955078,10.187593460083008,14.27718448638916,19.03394889831543,22.416215896606445,8.490575790405273,14.98643970489502,8.603997230529785,23.47881317138672,13.589451789855957
2006-09-26,92.90379333496094,10.389520645141602,14.591059684753418,19.138565063476562,22.696584701538086,8.544625282287598,15.004190444946289,8.591350555419922,23.500152587890625,13.70622730255127
2006-09-27,93.01504516601562,10.36672306060791,14.83271312713623,19.050474166870117,22.751300811767578,8.478992462158203,15.09889030456543,8.710219383239746,23.564132690429688,13.682872772216797
2006-09-28,92.98028564453125,10.396034240722656,14.785490989685059,19.11654281616211,22.90858268737793,8.521461486816406,15.063376426696777,8.68239688873291,23.521482467651367,13.678984642028809
2006-09-29,92.90379333496094,10.304841995239258,14.846611022949219,19.06148910522461,22.799177169799805,8.494434356689453,15.021955490112305,8.59640884399414,23.599693298339844,13.605015754699707
2006-10-02,92.55607604980469,10.324381828308105,14.67717170715332,19.017438888549805,22.867555618286133,8.432660102844238,14.921323776245117,8.659639358520508,23.46457862854004,13.636163711547852
2006-10-03,92.75081634521484,10.187593460083008,14.138294219970703,19.20463752746582,23.011150360107422,8.478992462158203,14.939092636108398,8.695046424865723,23.535701751708984,13.752942085266113
2006-10-04,93.83574676513672,10.203878402709961,14.346625328063965,19.435888290405273,23.35308074951172,8.610267639160156,15.09889030456543,8.730453491210938,23.741905212402344,13.951468467712402
2006-10-05,94.01655578613281,10.36672306060791,14.62160873413086,19.424877166748047,23.469335556030273,8.606410026550293,15.03971004486084,8.70263385772705,23.741905212402344,13.990395545959473
2006-10-06,93.89833068847656,10.415575981140137,14.635497093200684,19.35879898071289,23.421457290649414,8.610267639160156,14.956847190856934,8.65457820892334,23.64946746826172,13.963146209716797
2006-10-09,93.95401763916016,10.500252723693848,14.416072845458984,19.413864135742188,23.44881820678711,8.633432388305664,15.010111808776855,8.646991729736328,23.599693298339844,14.060466766357422
2006-10-10,94.07919311523438,10.549108505249023,14.685500144958496,19.413864135742188,23.483001708984375,8.641156196594238,14.956847190856934,8.710219383239746,23.500152587890625,14.146102905273438
2006-10-11,93.96791076660156,10.454660415649414,14.452173233032227,19.364315032958984,23.48984146118164,8.637299537658691,14.980521202087402,8.730453491210938,23.493038177490234,14.111067771911621
2006-10-12,94.78162384033203,10.562137603759766,14.791045188903809,19.468923568725586,23.68815803527832,8.764716148376465,15.004190444946289,8.727921485900879,23.6352481842041,14.297919273376465
2006-10-13,95.02507019042969,10.66635799407959,14.99382209777832,19.540508270263672,23.633453369140625,8.807183265686035,14.974600791931152,8.73803997039795,23.557029724121094,14.25899887084961
2006-10-16,95.17108917236328,10.744522094726562,15.34658432006836,19.435888290405273,23.790739059448242,8.80332088470459,14.998271942138672,8.781031608581543,23.592594146728516,14.247321128845215
2006-10-17,94.8720703125,10.669614791870117,15.179924964904785,19.435888290405273,23.660810470581055,8.729961395263672,14.968685150146484,8.818968772888184,23.656578063964844,14.196707725524902
2006-10-18,94.99723815917969,10.630534172058105,15.082709312438965,19.490947723388672,23.599260330200195,8.706793785095215,15.027865409851074,8.91507625579834,23.912551879882812,14.208388328552246
2006-10-19,95.15019989013672,10.702178955078125,15.393799781799316,19.364315032958984,23.54454803466797,8.733824729919434,15.063376426696777,8.950482368469238,23.891225814819336,14.200604438781738
2006-10-20,95.17108917236328,10.643560409545898,15.193812370300293,19.342281341552734,23.441974639892578,8.787880897521973,15.116650581359863,9.006121635437012,24.076095581054688,14.181138038635254
2006-10-23,95.60926818847656,10.71195125579834,15.221588134765625,19.468923568725586,23.565065383911133,8.841933250427246,15.26462173461914,9.016241073608398,24.140094757080078,14.367987632751465
2006-10-24,95.89446258544922,10.83571720123291,15.499354362487793,19.463415145874023,23.578750610351562,8.780158996582031,15.217278480529785,9.02382755279541,24.06186866760254,14.422493934631348
2006-10-25,96.22130584716797,10.825946807861328,15.766006469726562,19.5460147857666,23.599260330200195,8.857379913330078,15.317879676818848,9.119935035705566,23.91966438293457,14.371881484985352
2006-10-26,96.5203628540039,10.848742485046387,15.729902267456055,19.68365478515625,23.59241485595703,8.903714179992676,15.418511390686035,9.079466819763184,24.012102127075195,14.570417404174805
2006-10-27,95.9152603149414,10.874801635742188,15.602128982543945,19.534990310668945,23.421457290649414,8.787880897521973,15.365246772766113,9.046588897705078,23.912551879882812,14.42638111114502
2006-10-30,95.84568786621094,10.904111862182617,15.321582794189453,19.540508270263672,23.496688842773438,8.818769454956055,15.300132751464844,9.041531562805176,23.77745246887207,14.515922546386719
2006-10-31,95.83179473876953,10.92365550994873,15.479909896850586,19.507465362548828,23.441974639892578,8.830353736877441,15.288293838500977,9.051647186279297,23.677907943725586,14.484774589538574
2006-11-01,95.1850357055664,10.838971138000488,15.321582794189453,19.386341094970703,23.325725555419922,8.791735649108887,15.169914245605469,9.107283592224121,23.50725555419922,14.371881484985352
2006-11-02,95.12937927246094,10.874801635742188,15.382696151733398,19.331287384033203,23.243661880493164,8.737686157226562,15.146245956420898,9.064292907714844,23.6352481842041,14.356308937072754
2006-11-03,94.96241760253906,10.838971138000488,15.721565246582031,19.331287384033203,23.19579315185547,8.737686157226562,15.075220108032227,8.99853515625,23.514366149902344,14.247321128845215
2006-11-06,96.03350067138672,10.97250747680664,15.835444450378418,19.557016372680664,23.400943756103516,8.841933250427246,15.128485679626465,8.958070755004883,23.798784255981445,14.422493934631348
2006-11-07,96.402099609375,10.93668270111084,15.713236808776855,19.6010684967041,23.66764259338379,8.888269424438477,15.152170181274414,8.92772388458252,23.98365592956543,14.461421966552734
2006-11-08,96.61076354980469,10.962738037109375,15.977108001708984,19.68365478515625,23.70183753967285,8.895989418029785,15.205432891845703,9.016241073608398,23.62102699279785,14.531489372253418
2006-11-09,96.10305786132812,11.083242416381836,16.110437393188477,19.551511764526367,23.558238983154297,8.892129898071289,15.116650581359863,9.013710021972656,23.0664005279541,14.484774589538574
2006-11-10,96.1447982788086,10.9757661819458,15.957663536071777,19.711179733276367,23.59241485595703,8.91529369354248,15.122570037841797,9.081993103027344,23.101966857910156,14.531489372253418
2006-11-13,96.38126373291016,11.083242416381836,15.929892539978027,19.689163208007812,23.777063369750977,8.992514610290527,15.075220108032227,9.079466819763184,23.14461326599121,14.55095386505127
2006-11-14,97.10454559326172,11.079984664916992,16.02432632446289,19.80478286743164,23.852277755737305,9.05815601348877,15.116650581359863,9.102228164672852,23.336597442626953,14.710551261901855
2006-11-15,97.38276672363281,11.125582695007324,16.174320220947266,19.77724838256836,24.08478355407715,9.07746696472168,15.193592071533203,9.071881294250488,23.450374603271484,14.765045166015625
2006-11-16,97.63318634033203,11.066959381103516,15.729902267456055,19.969970703125,24.194196701049805,9.112213134765625,15.300132751464844,9.104759216308594,23.54991912841797,14.862361907958984
2006-11-17,97.66091918945312,11.018101692199707,15.860453605651855,19.8212947845459,24.2078800201416,9.127654075622559,15.323809623718262,9.114876747131348,23.62102699279785,14.835118293762207
2006-11-20,97.71658325195312,11.229801177978516,15.818782806396484,19.947946548461914,24.125825881958008,9.127654075622559,15.276461601257324,9.08452320098877,23.564132690429688,14.776728630065918
2006-11-21,97.81396484375,11.259114265441895,16.110437393188477,19.91490364074707,24.2078800201416,9.123793601989746,15.252781867980957,9.099699020385742,23.528587341308594,14.819544792175293
2006-11-22,98.00872039794922,11.415445327758789,16.016000747680664,19.936925888061523,24.303617477416992,9.193296432495117,15.288293838500977,9.119935035705566,23.578369140625,14.850682258605957
2006-11-24,97.61231231689453,11.425215721130371,15.98266887664795,19.837818145751953,24.25574493408203,9.173992156982422,15.229107856750488,9.155341148376465,23.47881317138672,14.7728271484375
2006-11-27,96.26997375488281,11.236315727233887,15.91043758392334,19.529489517211914,23.865955352783203,8.957767486572266,15.03971004486084,9.05417537689209,23.322389602661133,14.558732032775879
2006-11-28,96.6872787475586,11.281909942626953,16.165987014770508,19.56252670288086,23.83859634399414,9.004100799560547,15.104815483093262,9.119935035705566,23.372159957885742,14.55095386505127
2006-11-29,97.69573974609375,11.376362800598145,16.679855346679688,19.68365478515625,24.030071258544922,9.062018394470215,15.235025405883789,9.233741760253906,23.535701751708984,14.652155876159668
2006-11-30,97.73745727539062,11.399163246154785,16.80763816833496,19.64511489868164,24.016403198242188,9.081320762634277,15.158082008361816,9.291910171508789,23.64946746826172,14.667730331420898
2006-12-01,97.52188873291016,11.307965278625488,16.865966796875,19.529489517211914,23.87963104248047,9.004100799560547,15.110729217529297,9.28685474395752,23.628137588500977,14.648263931274414
2006-12-04,98.2660140991211,11.474068641662598,16.84096336364746,19.80478286743164,24.187368392944336,9.119932174682617,15.329724311828613,9.360196113586426,23.514366149902344,14.803980827331543
2006-12-05,98.69026947021484,11.522923469543457,16.90762710571289,19.89838409423828,24.2420654296875,9.123793601989746,15.412592887878418,9.38295841217041,23.606801986694336,14.928542137145996
2006-12-06,98.60682678222656,11.47732162475586,16.86040687561035,19.925918579101562,24.160005569458008,9.065875053405762,15.430352210998535,9.337432861328125,23.64236068725586,14.916865348815918
2006-12-07,98.17560577392578,11.548978805541992,16.760414123535156,19.876367568969727,24.118982315063477,9.031126022338867,15.400755882263184,9.32732105255127,23.592594146728516,14.846794128417969
2006-12-08,98.3564453125,11.578287124633789,16.740962982177734,19.936925888061523,24.14633560180664,9.031126022338867,15.430352210998535,9.299498558044434,23.6352481842041,14.877933502197266
2006-12-11,98.64157104492188,11.53594970703125,16.699304580688477,20.047042846679688,24.036914825439453,9.08518123626709,15.45993709564209,9.350077629089355,23.685014724731445,14.932430267333984
2006-12-12,98.56512451171875,11.40567684173584,16.73818588256836,20.06356430053711,24.07794952392578,9.054295539855957,15.424427032470703,9.385488510131836,23.692129135131836,14.850682258605957
2006-12-13,98.66940307617188,11.474068641662598,16.90762710571289,20.08558464050293,23.995885848999023,9.069743156433105,15.418511390686035,9.420893669128418,23.64236068725586,14.928542137145996
2006-12-14,99.53880310058594,11.558748245239258,17.152061462402344,20.256263732910156,24.13265609741211,9.14696216583252,15.477704048156738,9.43606948852539,23.76323699951172,15.084249496459961
2006-12-15,99.54788208007812,11.645672798156738,16.997159957885742,20.306764602661133,24.265689849853516,9.148904800415039,15.50268268585205,9.427391052246094,23.83957862854004,15.020966529846191
2006-12-18,99.275146484375,11.527138710021973,16.5068302154541,20.40662384033203,24.293275833129883,9.113958358764648,15.490791320800781,9.361038208007812,23.889535903930664,15.009243965148926
2006-12-19,99.46394348144531,11.61274242401123,16.7882137298584,20.389984130859375,24.300167083740234,9.055709838867188,15.50268268585205,9.401871681213379,24.010835647583008,15.017056465148926
2006-12-20,99.40801239013672,11.556771278381348,16.55976676940918,20.456567764282227,24.334636688232422,9.059593200683594,15.514575004577637,9.371248245239258,24.025104522705078,15.013143539428711
2006-12-21,99.04436492919922,11.418488502502441,16.48176383972168,20.36779022216797,24.286378860473633,9.016876220703125,15.520530700683594,9.366146087646484,23.96088218688965,14.946736335754395
2006-12-22,98.4358901977539,11.35593318939209,16.322959899902344,20.26792335510254,24.13471794128418,8.94697380065918,15.508634567260742,9.332962989807129,23.86098861694336,14.93501091003418
2006-12-26,99.01634979248047,11.454708099365234,16.34246063232422,20.451019287109375,24.251916885375977,8.997461318969727,15.568113327026367,9.378901481628418,23.87525749206543,14.98189640045166
2006-12-27,99.66677856445312,11.566652297973633,16.534692764282227,20.595272064208984,24.376005172729492,9.06347370147705,15.621664047241211,9.429945945739746,23.989425659179688,15.07956314086914
2006-12-28,99.45697021484375,11.550191879272461,16.49847412109375,20.500947952270508,24.293275833129883,9.059593200683594,15.615714073181152,9.373798370361328,23.96088218688965,15.06394100189209
2006-12-29,99.04436492919922,11.47116470336914,16.3341064453125,20.384428024291992,24.13471794128418,9.032407760620117,15.538369178771973,9.371248245239258,23.89667320251465,14.98580265045166
2007-01-03,98.8695068359375,11.3954439163208,15.762979507446289,20.484310150146484,24.286378860473633,9.059593200683594,15.639512062072754,9.396766662597656,23.90380096435547,15.04831314086914
2007-01-04,99.07926177978516,11.342758178710938,15.476028442382812,20.4177303314209,24.1829833984375,9.199382781982422,15.663300514221191,9.384008407592773,24.174955368041992,15.044395446777344
2007-01-05,98.28903198242188,11.267034530639648,15.579106330871582,20.256826400756836,24.100252151489258,9.125601768493652,15.550270080566406,9.215571403503418,24.039382934570312,14.94283676147461
2007-01-08,98.7436294555664,11.267034530639648,15.579106330871582,20.345600128173828,24.189868927001953,9.152788162231445,15.574073791503906,9.210468292236328,24.067916870117188,14.966270446777344
2007-01-09,98.6596908569336,11.270331382751465,15.445389747619629,20.31230926513672,24.176076889038086,9.164436340332031,15.609763145446777,9.218122482299805,24.039382934570312,15.04831314086914
2007-01-10,98.98841094970703,11.349344253540039,15.1472806930542,20.378890991210938,24.258808135986328,9.211038589477539,15.675200462341309,9.220675468444824,24.082185745239258,15.126439094543457
2007-01-11,99.42196655273438,11.47116470336914,15.060924530029297,20.506500244140625,24.45873260498047,9.30423355102539,15.79417610168457,9.23088264465332,24.346193313598633,15.294426918029785
2007-01-12,100.17729949951172,11.599571228027344,15.445389747619629,20.52869987487793,24.527658462524414,9.327532768249512,15.7703857421875,9.154324531555176,24.460369110107422,15.337394714355469
2007-01-16,99.98149108886719,11.629210472106934,15.286581993103027,20.584178924560547,24.65863800048828,9.30811595916748,15.782279014587402,9.182389259338379,24.51744842529297,15.392088890075684
2007-01-17,100.0234375,11.668715476989746,15.45651626586914,20.52869987487793,24.679325103759766,9.187737464904785,15.829867362976074,9.202808380126953,24.66016387939453,15.392088890075684
2007-01-18,99.68772888183594,11.599571228027344,15.342301368713379,20.445466995239258,24.569021224975586,9.082886695861816,15.806069374084473,9.19770622253418,24.73151206970215,15.478042602539062
2007-01-19,99.8835678100586,11.777375221252441,15.762979507446289,20.506500244140625,24.555227279663086,9.079005241394043,15.829867362976074,9.200250625610352,24.738649368286133,15.474129676818848
2007-01-22,99.57587432861328,11.655548095703125,15.654326438903809,20.48984718322754,24.286378860473633,9.012991905212402,15.812020301818848,9.19770622253418,24.58880615234375,15.376471519470215
2007-01-23,99.86961364746094,11.8037109375,16.061084747314453,20.4787540435791,24.569021224975586,9.012991905212402,15.841767311096191,9.251299858093262,24.460369110107422,15.431157112121582
2007-01-24,100.67385864257812,11.925538063049316,16.130725860595703,20.689592361450195,24.500085830688477,9.17608642578125,15.901254653930664,9.281925201416016,24.64588165283203,15.489754676818848
2007-01-25,99.49192810058594,11.886026382446289,15.799196243286133,20.389984130859375,24.369104385375977,9.06347370147705,15.800122261047363,9.27426815032959,24.560258865356445,15.243635177612305
2007-01-26,99.40104675292969,11.879440307617188,15.838199615478516,20.42882537841797,24.272594451904297,9.067358016967773,15.758480072021484,9.251299858093262,24.424686431884766,15.169415473937988
2007-01-29,99.34508514404297,11.833346366882324,15.760196685791016,20.32895278930664,24.327747344970703,9.10619068145752,15.800122261047363,9.281925201416016,24.389013290405273,15.208476066589355
2007-01-30,99.86260223388672,11.866270065307617,16.08057975769043,20.40662384033203,24.3139591217041,9.160553932189941,15.788233757019043,9.30999755859375,24.510313034057617,15.251453399658203
2007-01-31,100.53398132324219,11.935413360595703,16.183656692504883,20.573076248168945,24.63796615600586,9.214920043945312,15.853667259216309,9.338068962097168,24.624486923217773,15.415532112121582
2007-02-01,101.1354751586914,12.08028507232666,16.242164611816406,20.706239700317383,24.851652145385742,9.17608642578125,15.913156509399414,9.417184829711914,24.83140754699707,15.470226287841797
2007-02-02,101.27535247802734,12.06053352355957,16.3341064453125,20.745080947875977,24.948183059692383,9.222686767578125,15.94289779663086,9.46822452545166,24.781465530395508,15.513195991516113
2007-02-05,101.30329132080078,12.011143684387207,16.317384719848633,20.73952293395996,24.996431350708008,9.199382781982422,15.889357566833496,9.57030963897705,24.77432632446289,15.462410926818848
2007-02-06,101.33126831054688,12.093452453613281,16.267234802246094,20.83384132385254,25.00332260131836,9.187737464904785,15.865561485290527,9.621354103088379,24.70296859741211,15.51710033416748
2007-02-07,101.55509948730469,12.093452453613281,16.16973304748535,20.911527633666992,24.98263931274414,9.230451583862305,15.829867362976074,9.657076835632324,24.738649368286133,15.591323852539062
2007-02-08,101.42221069335938,12.106622695922852,16.3341064453125,20.844947814941406,24.810304641723633,9.24210262298584,15.800122261047363,9.674943923950195,24.717239379882812,15.560073852539062
2007-02-09,100.6668701171875,12.050652503967285,16.267234802246094,20.62300682067871,24.71378517150879,9.14113712310791,15.776325225830078,9.708126068115234,24.64588165283203,15.415532112121582
2007-02-12,100.32415008544922,12.1000394821167,16.04157829284668,20.573076248168945,24.75514793395996,9.102304458618164,15.74063491821289,9.672393798828125,24.538862228393555,15.341302871704102
2007-02-13,101.17041778564453,12.3436918258667,16.275604248046875,20.722885131835938,24.95505714416504,9.137250900268555,15.79417610168457,9.756607055664062,24.638765335083008,15.474129676818848
2007-02-14,101.83482360839844,12.419417381286621,16.278383255004883,20.922630310058594,25.32042694091797,9.265401840209961,15.889357566833496,9.825516700744629,24.767187118530273,15.556166648864746
2007-02-15,101.9676742553711,12.478678703308105,16.155805587768555,20.955915451049805,25.37558364868164,9.300352096557617,15.984537124633789,9.741299629211426,24.881357192993164,15.606956481933594
2007-02-16,101.91876220703125,12.41612434387207,16.158588409423828,20.950366973876953,25.272171020507812,9.280933380126953,16.008329391479492,9.759164810180664,24.781465530395508,15.587427139282227
2007-02-20,102.13552856445312,12.518192291259766,15.977497100830078,21.061328887939453,25.31354522705078,9.284818649291992,16.09162139892578,9.78468132019043,24.795734405517578,15.700718879699707
2007-02-21,102.09361267089844,12.597216606140137,16.15301513671875,20.972557067871094,25.382474899291992,9.269285202026367,16.002384185791016,9.743853569030762,24.68157196044922,15.63820743560791
2007-02-22,102.01663970947266,12.593921661376953,16.297882080078125,20.889331817626953,25.29975128173828,9.319767951965332,15.94289779663086,9.756607055664062,24.64588165283203,15.603045463562012
2007-02-23,101.61800384521484,12.643306732177734,16.339672088623047,20.695138931274414,25.23081398010254,9.31200122833252,15.954793930053711,9.868901252746582,24.538862228393555,15.567895889282227
2007-02-26,101.527099609375,12.758543968200684,16.437183380126953,20.545339584350586,25.08605194091797,9.288700103759766,15.948848724365234,10.103692054748535,24.638765335083008,15.435062408447266
2007-02-27,97.56169891357422,12.241612434387207,15.782486915588379,19.585481643676758,24.334636688232422,8.931438446044922,15.585962295532227,9.736199378967285,23.889535903930664,14.903762817382812
2007-02-28,98.56175994873047,12.254794120788574,15.852126121520996,19.946115493774414,24.362213134765625,8.966394424438477,15.609763145446777,9.833171844482422,24.05363655090332,14.954538345336914
2007-03-01,98.26805114746094,12.202110290527344,15.801982879638672,19.923921585083008,24.320850372314453,8.958624839782715,15.645450592041016,9.863797187805176,23.946617126464844,14.86860179901123
2007-03-02,96.9812240600586,12.001256942749023,15.615330696105957,19.696456909179688,24.017534255981445,8.791646957397461,15.4015531539917,9.710672378540039,23.73255157470703,14.759218215942383
2007-03-05,96.05804443359375,11.843223571777344,15.434237480163574,19.3857479095459,23.95549201965332,8.81106185913086,15.348007202148438,9.588173866271973,23.611248016357422,14.563887596130371
2007-03-06,97.7015609741211,12.083577156066895,15.726765632629395,19.790767669677734,24.231231689453125,8.94697380065918,15.466991424560547,9.731086730957031,23.86098861694336,14.81391429901123
2007-03-07,97.60360717773438,12.02431583404541,15.92178726196289,19.674259185791016,24.13471794128418,8.834359169006348,15.407502174377441,9.710672378540039,23.868120193481445,14.7982816696167
2007-03-08,98.42888641357422,12.14284610748291,16.061084747314453,19.851804733276367,24.3139591217041,8.90814208984375,15.550270080566406,9.76171588897705,23.946617126464844,14.915484428405762
2007-03-09,98.45691680908203,12.284424781799316,15.99143123626709,19.901737213134766,24.43804168701172,8.931438446044922,15.597867965698242,9.7489595413208,23.996562957763672,14.946736335754395
2007-03-12,98.603759765625,12.323936462402344,15.96914291381836,19.901737213134766,24.555227279663086,8.985809326171875,15.615714073181152,9.845932960510254,23.996562957763672,14.927200317382812
2007-03-13,96.68749237060547,12.02431583404541,15.75462532043457,19.308063507080078,24.141613006591797,8.842130661010742,15.318265914916992,9.713228225708008,23.604114532470703,14.653739929199219
2007-03-14,97.4078140258789,12.1000394821167,15.935713768005371,19.35245132446289,24.238128662109375,8.923678398132324,15.348007202148438,9.76171588897705,23.696874618530273,14.626399993896484
2007-03-15,97.54069519042969,12.330514907836914,15.932924270629883,19.585481643676758,24.265689849853516,8.92756175994873,15.544331550598145,9.886770248413086,23.753957748413086,14.65764331817627
2007-03-16,97.26757049560547,12.230951309204102,15.76158332824707,19.51192855834961,24.352746963500977,8.912031173706055,15.501875877380371,9.852897644042969,23.778308868408203,14.605985641479492
2007-03-19,98.44014739990234,12.412274360656738,16.01314926147461,19.640085220336914,24.52545738220215,8.970276832580566,15.60351848602295,9.924742698669434,23.964523315429688,14.821249961853027
2007-03-20,98.98081970214844,12.46502685546875,16.12773895263672,19.81838035583496,24.587636947631836,9.028524398803711,15.752971649169922,10.068431854248047,24.086284637451172,14.930817604064941
2007-03-21,100.60974884033203,12.606789588928223,16.418434143066406,20.269681930541992,24.926158905029297,9.211038589477539,15.902432441711426,10.186461448669434,24.32979393005371,15.16564655303955
2007-03-22,100.53250122070312,12.547443389892578,16.748254776000977,20.14710807800293,24.974519729614258,9.17608642578125,15.980147361755371,10.176197052001953,24.415739059448242,15.122591972351074
2007-03-23,100.67993927001953,12.600189208984375,16.83211326599121,20.169387817382812,25.119598388671875,9.152788162231445,16.016019821166992,10.22495174407959,24.293989181518555,15.130423545837402
2007-03-26,100.54657745361328,12.689203262329102,16.949504852294922,20.06909942626953,24.912343978881836,9.164436340332031,15.902432441711426,10.26856517791748,24.32979393005371,15.056066513061523
2007-03-27,100.30780029296875,12.550740242004395,16.98025131225586,19.946521759033203,24.79490089416504,9.168322563171387,15.830694198608398,10.253173828125,24.157894134521484,14.962130546569824
2007-03-28,99.57763671875,12.425466537475586,16.977458953857422,19.695804595947266,24.594539642333984,9.06347370147705,15.800796508789062,10.232645988464355,23.993173599243164,14.793838500976562
2007-03-29,99.68289947509766,12.521073341369629,17.083669662475586,19.796092987060547,24.587636947631836,9.075119972229004,15.890469551086426,10.29166030883789,24.10776138305664,14.844719886779785
2007-03-30,99.70401763916016,12.544150352478027,16.848878860473633,19.851804733276367,24.56000518798828,9.055709838867188,15.93232250213623,10.186461448669434,24.100614547729492,14.883864402770996
2007-04-02,99.81633758544922,12.540852546691895,17.013792037963867,19.667938232421875,24.60146141052246,9.102304458618164,15.974167823791504,10.430216789245605,24.229530334472656,14.93474292755127
2007-04-03,100.890625,12.676017761230469,17.120004653930664,19.913095474243164,24.77417755126953,9.17608642578125,16.08177947998047,10.443048477172852,24.48020362854004,15.126520156860352
2007-04-04,101.00296783447266,12.695802688598633,17.1479549407959,19.913095474243164,24.677453994750977,9.230451583862305,16.153514862060547,10.396860122680664,24.623449325561523,15.083457946777344
2007-04-05,101.27679443359375,12.679319381713867,17.2597599029541,19.924238204956055,24.753456115722656,9.265401840209961,16.195363998413086,10.443048477172852,24.795330047607422,15.204782485961914
2007-04-09,101.4172592163086,12.873822212219238,17.19547462463379,19.91866111755371,24.72581672668457,9.265401840209961,16.153514862060547,10.520024299621582,24.8024959564209,15.193042755126953
2007-04-10,101.5365982055664,12.732062339782715,17.455421447753906,20.0078067779541,24.718894958496094,9.257634162902832,16.23123550415039,10.5225830078125,24.838308334350586,15.224358558654785
2007-04-11,101.122314453125,12.676017761230469,17.34920310974121,19.84067153930664,24.622182846069336,9.17220401763916,16.123628616333008,10.496928215026855,24.730871200561523,15.10694408416748
2007-04-12,101.57170867919922,12.788105964660645,17.61473846435547,19.807231903076172,24.91926383972168,9.269285202026367,16.14156150817871,10.45074462890625,25.01019287109375,15.212615013122559
2007-04-13,102.03509521484375,12.81777572631836,17.623117446899414,19.89081382751465,24.912343978881836,9.27704906463623,16.195363998413086,10.44818115234375,25.37546730041504,15.224358558654785
2007-04-16,103.00405883789062,12.989208221435547,17.72654151916504,20.375545501708984,25.112693786621094,9.354711532592773,16.23123550415039,10.509754180908203,25.618976593017578,15.376986503601074
2007-04-17,103.27787017822266,12.867228507995605,17.625925064086914,20.369962692260742,25.112693786621094,9.374127388000488,16.380699157714844,10.558509826660156,25.697755813598633,15.43960189819336
2007-04-18,103.40432739257812,12.797992706298828,17.564428329467773,20.60398292541504,25.181781768798828,9.350834846496582,16.338848114013672,10.63548755645752,25.690601348876953,15.427865028381348
2007-04-19,103.37620544433594,12.751845359802246,17.31846046447754,20.57611656188965,25.264677047729492,9.354711532592773,16.350811004638672,10.584166526794434,25.798032760620117,15.306537628173828
2007-04-20,104.35210418701172,12.883716583251953,17.63709831237793,20.681987762451172,25.43740463256836,9.409080505371094,16.500261306762695,10.666275978088379,25.898305892944336,15.486565589904785
2007-04-23,103.95895385742188,12.88041877746582,17.65665626525879,20.626262664794922,25.534122467041016,9.389664649963379,16.46438980102539,10.745818138122559,25.926939010620117,15.455262184143066
2007-04-24,104.0010757446289,12.827670097351074,17.603551864624023,20.56498146057129,25.458131790161133,9.440141677856445,16.458423614501953,10.822794914245605,25.926939010620117,15.400460243225098
2007-04-25,104.9560546875,13.032064437866211,17.93338394165039,20.84356117248535,25.72065544128418,9.510045051574707,16.542116165161133,10.853580474853516,26.005733489990234,15.557021141052246
2007-04-26,105.07537078857422,12.979323387145996,17.927785873413086,20.810131072998047,25.70682716369629,9.564408302307129,16.476354598999023,10.817662239074707,26.034379959106445,15.533528327941895
2007-04-27,104.99113464355469,12.969430923461914,17.92498779296875,20.78227424621582,26.0039005279541,9.556647300720215,16.44048500061035,10.727856636047363,25.948436737060547,15.431778907775879
2007-04-30,104.12047576904297,12.732062339782715,17.71257209777832,20.620698928833008,25.699922561645508,9.482864379882812,16.380699157714844,10.686806678771973,25.862491607666016,15.236088752746582
2007-05-01,104.38725280761719,12.679319381713867,17.79083251953125,20.659692764282227,25.858816146850586,9.529462814331055,16.3149356842041,10.774048805236816,25.919784545898438,15.279139518737793
2007-05-02,104.99813842773438,12.830968856811523,17.938966751098633,20.74884033203125,26.02463722229004,9.579944610595703,16.32091522216797,10.83305835723877,26.084508895874023,15.455262184143066
2007-05-03,105.56682586669922,12.873822212219238,18.084314346313477,20.94384765625,26.211158752441406,9.673145294189453,16.380699157714844,10.820229530334473,26.14182472229004,15.423958778381348
2007-05-04,105.96710205078125,12.989208221435547,18.070341110229492,21.01627540588379,26.23879623413086,9.711971282958984,16.380699157714844,10.799702644348145,26.28506851196289,15.459169387817383
2007-05-07,105.9881820678711,13.160642623901367,18.117855072021484,21.04414176940918,26.30788803100586,9.700325965881348,16.410593032836914,10.927992820739746,26.342350006103516,15.459169387817383
2007-05-08,105.84769439697266,13.170530319213867,18.120647430419922,20.999563217163086,26.29405403137207,9.739157676696777,16.2969970703125,10.87923812866211,26.2420711517334,15.392640113830566
2007-05-09,106.13561248779297,13.226576805114746,18.112274169921875,21.11100196838379,26.363149642944336,9.727502822875977,16.32091522216797,10.88693904876709,26.32802963256836,15.486565589904785
2007-05-10,105.02619171142578,12.97273063659668,17.81877899169922,20.810131072998047,26.183530807495117,9.677023887634277,16.219280242919922,10.776611328125,25.862491607666016,15.318273544311523
2007-05-11,105.92491149902344,13.124381065368652,18.226863861083984,21.03299331665039,26.383869171142578,9.78187084197998,16.261137008666992,10.827920913696289,25.962764739990234,15.380899429321289
2007-05-14,105.69325256347656,13.107893943786621,18.232452392578125,20.932708740234375,26.266422271728516,9.735275268554688,16.20134925842285,10.87154483795166,25.934118270874023,15.380899429321289
2007-05-15,105.7213134765625,13.190308570861816,18.2939453125,20.88256072998047,26.33550453186035,9.719738006591797,16.3089599609375,10.930561065673828,25.905471801757812,15.326107025146484
2007-05-16,106.44452667236328,13.236471176147461,18.36383056640625,21.122148513793945,26.46677017211914,9.805171966552734,16.476354598999023,10.956214904785156,26.199115753173828,15.380899429321289
2007-05-17,106.23392486572266,13.229877471923828,18.657312393188477,21.01627540588379,26.515148162841797,9.77798843383789,16.434497833251953,10.930561065673828,26.098844528198242,15.404386520385742
2007-05-18,107.16071319580078,13.279329299926758,18.959184646606445,21.072002410888672,26.42531967163086,9.828474044799805,16.5540771484375,10.98957347869873,26.206274032592773,15.545278549194336
2007-05-21,107.10455322265625,13.299108505249023,19.118505477905273,21.094287872314453,26.577308654785156,9.871186256408691,16.42852783203125,10.9741792678833,26.263568878173828,15.603978157043457
2007-05-22,107.0202865600586,13.219978332519531,18.939619064331055,21.11100196838379,26.522045135498047,9.85953426361084,16.458423614501953,10.953653335571289,26.249244689941406,15.588330268859863
2007-05-23,107.03434753417969,13.279329299926758,18.9787540435791,21.094287872314453,26.6533145904541,9.824584007263184,16.410593032836914,10.78174114227295,26.342350006103516,15.596155166625977
2007-05-24,106.06539154052734,13.13756275177002,18.632156372070312,20.904850006103516,26.43914031982422,9.700325965881348,16.338848114013672,10.540550231933594,26.2420711517334,15.470917701721191
2007-05-25,106.50774383544922,13.29250717163086,18.922847747802734,20.94384765625,26.598031997680664,9.78187084197998,16.44048500061035,10.54568099975586,26.227764129638672,15.525712013244629
2007-05-29,106.89390563964844,13.249650955200195,18.79706382751465,21.03299331665039,26.770750045776367,9.840118408203125,16.500261306762695,10.576472282409668,26.2420711517334,15.5139741897583
2007-05-30,107.76457977294922,13.417791366577148,19.191177368164062,21.177858352661133,26.88821029663086,9.913901329040527,16.577980041503906,10.707326889038086,26.249244689941406,15.654854774475098
2007-05-31,107.65225982666016,13.483719825744629,19.09054946899414,21.116567611694336,27.033279418945312,9.96049976348877,16.601896286010742,10.735551834106445,26.306541442871094,15.69399356842041
2007-06-01,108.1858901977539,13.671634674072266,19.263845443725586,21.183441162109375,27.136913299560547,9.96049976348877,16.67961311340332,10.676538467407227,26.33517837524414,15.78402042388916
2007-06-04,108.19992065429688,13.589218139648438,19.56572151184082,21.15557861328125,27.143815994262695,9.995452880859375,16.739397048950195,10.63548755645752,26.28506851196289,15.81532096862793
2007-06-05,107.7716064453125,13.54306411743164,19.495845794677734,21.02742576599121,27.0609130859375,9.96049976348877,16.637775421142578,10.494367599487305,26.220590591430664,15.721393585205078
2007-06-06,106.61305236816406,13.36833667755127,19.247079849243164,20.84913444519043,26.770750045776367,9.844003677368164,16.530155181884766,10.327580451965332,25.977088928222656,15.521795272827148
2007-06-07,104.68917846679688,13.068328857421875,18.90607452392578,20.49811363220215,26.33550453186035,9.704212188720703,16.32091522216797,10.006850242614746,25.590335845947266,15.232181549072266
2007-06-08,106.05133056640625,13.318887710571289,18.98433494567871,20.73770523071289,26.701671600341797,9.840118408203125,16.416563034057617,10.078692436218262,25.676273345947266,15.427865028381348
2007-06-11,106.23392486572266,13.203499794006348,19.12968635559082,20.83241844177246,26.7362003326416,9.85953426361084,16.506248474121094,10.212120056152344,25.683443069458008,15.376986503601074
2007-06-12,105.07537078857422,13.041956901550293,18.89488983154297,20.548267364501953,26.390783309936523,9.743033409118652,16.350811004638672,10.04533576965332,25.497220993041992,15.251750946044922
2007-06-13,106.64816284179688,13.348555564880371,19.272232055664062,20.938282012939453,27.019474029541016,9.86729907989502,16.476354598999023,10.245477676391602,25.704925537109375,15.427865028381348
2007-06-14,107.32923889160156,13.450756072998047,19.59646987915039,20.904850006103516,27.157623291015625,9.96049976348877,16.500261306762695,10.309618949890137,25.776554107666016,15.537446022033691
2007-06-15,107.93992614746094,13.610702514648438,19.897247314453125,20.97990608215332,27.303791046142578,10.018013954162598,16.535751342773438,10.448101043701172,25.973129272460938,15.615856170654297
2007-06-18,107.81297302246094,13.610702514648438,19.919675827026367,20.974319458007812,27.289932250976562,10.045214653015137,16.4515438079834,10.334425926208496,25.821914672851562,15.549209594726562
2007-06-19,108.08087921142578,13.67693042755127,19.942108154296875,21.06395149230957,27.373035430908203,10.041326522827148,16.33123207092285,10.401599884033203,25.821914672851562,15.600176811218262
2007-06-20,106.57896423339844,13.504739761352539,19.361839294433594,20.6942138671875,27.220659255981445,9.983037948608398,16.313190460205078,10.13032341003418,25.49787712097168,15.572736740112305
2007-06-21,107.17125701904297,13.58090591430664,19.74867057800293,20.727828979492188,27.27607536315918,10.033555030822754,16.361316680908203,10.194910049438477,25.569883346557617,15.545303344726562
2007-06-22,106.16288757324219,13.541162490844727,19.55245590209961,20.464513778686523,27.11676597595215,9.920863151550293,16.271089553833008,10.001138687133789,25.18104362487793,15.443355560302734
2007-06-25,105.65513610839844,13.329224586486816,19.395475387573242,20.302061080932617,27.047508239746094,9.88589096069336,16.198902130126953,10.055395126342773,25.137834548950195,15.38062572479248
2007-06-26,104.56922912597656,13.1636381149292,18.97779655456543,20.111589431762695,26.818923950195312,9.850915908813477,16.15679359436035,10.001138687133789,25.2674503326416,15.274770736694336
2007-06-27,106.05709838867188,13.279542922973633,19.272132873535156,20.414106369018555,27.08213233947754,9.948066711425781,16.283117294311523,10.148399353027344,25.47627830505371,15.431595802307129
2007-06-28,106.04305267333984,13.329224586486816,19.272132873535156,20.3804931640625,26.94361114501953,9.983037948608398,16.25303840637207,10.145824432373047,25.49787712097168,15.40023136138916
2007-06-29,106.0782699584961,13.412014961242676,19.33940887451172,20.268451690673828,27.04057502746582,9.948066711425781,16.271089553833008,10.225915908813477,25.425878524780273,15.419825553894043
2007-07-02,107.03730010986328,13.627263069152832,19.68140411376953,20.44211196899414,27.23450469970703,10.033555030822754,16.403411865234375,10.37317943572998,25.569883346557617,15.502168655395508
2007-07-03,107.42512512207031,13.630572319030762,19.83278465270996,20.62139320373535,27.428462982177734,10.103507041931152,16.39739990234375,10.37317943572998,25.613088607788086,15.52568531036377
2007-07-05,107.31232452392578,13.660380363464355,19.78511619567871,20.447717666625977,27.400753021240234,10.142363548278809,16.3853702545166,10.352506637573242,25.60589027404785,15.608019828796387
2007-07-06,107.8764419555664,13.776287078857422,20.054235458374023,20.54855728149414,27.566987991333008,10.161794662475586,16.481616973876953,10.29825210571289,25.663488388061523,15.749165534973145
2007-07-09,107.9610824584961,13.809412002563477,20.242050170898438,20.464513778686523,27.774770736694336,10.220085144042969,16.481616973876953,10.313751220703125,25.58428382873535,15.690359115600586
2007-07-10,106.42382049560547,13.610702514648438,20.062639236450195,20.033159255981445,27.310705184936523,10.103507041931152,16.33123207092285,10.218157768249512,25.36825942993164,15.411998748779297
2007-07-11,107.17835235595703,13.710057258605957,20.13833236694336,20.100391387939453,27.601613998413086,10.161794662475586,16.40943717956543,10.243999481201172,25.454668045043945,15.502168655395508
2007-07-12,108.8707046508789,14.057772636413574,20.52797508239746,20.47012710571289,28.010271072387695,10.332773208618164,16.54778480529785,10.37317943572998,25.92992401123047,15.62370491027832
2007-07-13,109.19512176513672,14.206796646118164,20.72979736328125,20.54855728149414,28.20421028137207,10.356093406677246,16.66207504272461,10.52819538116455,25.865102767944336,15.702117919921875
2007-07-16,109.18107604980469,14.13062572479248,20.463497161865234,20.475725173950195,28.384288787841797,10.387181282043457,16.59589958190918,10.375761985778809,25.893917083740234,15.639385223388672
2007-07-17,109.1246337890625,14.256475448608398,20.197185516357422,20.542951583862305,28.550525665283203,10.422150611877441,16.51770782470703,10.386098861694336,25.814712524414062,15.655071258544922
2007-07-18,108.92718505859375,14.279653549194336,20.654111862182617,20.279647827148438,28.488195419311523,10.36774730682373,16.52372169494629,10.463604927062988,25.742712020874023,15.63547134399414
2007-07-19,109.35029602050781,14.312765121459961,20.84193992614746,20.212432861328125,28.744449615478516,10.453245162963867,16.577861785888672,10.631537437438965,25.60589027404785,15.670750617980957
2007-07-20,108.2431640625,14.173676490783691,20.74382781982422,19.859498977661133,28.328889846801758,10.414381980895996,16.481616973876953,10.515276908874512,25.36825942993164,15.470806121826172
2007-07-23,108.57457733154297,14.157121658325195,20.827924728393555,19.848291397094727,28.51589012145996,10.429925918579102,16.481616973876953,10.52561092376709,25.56268310546875,15.494322776794434
2007-07-24,106.6917724609375,13.875638961791992,20.225229263305664,19.349700927734375,28.121089935302734,10.325006484985352,16.361316680908203,10.210411071777344,25.303466796875,15.251246452331543
2007-07-25,106.91038513183594,13.643820762634277,20.547595977783203,19.439332962036133,28.19035530090332,10.336663246154785,16.361316680908203,10.231078147888184,25.289051055908203,15.200278282165527
2007-07-26,104.37885284423828,13.190136909484863,19.77391815185547,18.979963302612305,27.601613998413086,10.181221961975098,16.120704650878906,9.998557090759277,24.770601272583008,14.753321647644043
2007-07-27,102.3268051147461,12.888779640197754,19.202056884765625,18.68305015563965,27.08907127380371,9.963610649108887,15.904166221618652,9.701440811157227,24.180126190185547,14.522014617919922
2007-07-30,103.927490234375,13.213315963745117,19.5328311920166,19.035985946655273,27.670879364013672,9.998586654663086,15.940253257751465,9.835789680480957,24.482572555541992,14.729798316955566
2007-07-31,102.7569351196289,13.054351806640625,19.342206954956055,18.430953979492188,27.296863555908203,9.928631782531738,15.807918548583984,9.81769847869873,24.216150283813477,14.506325721740723
2007-08-01,103.25761413574219,13.130522727966309,19.29175567626953,18.638229370117188,27.497718811035156,10.025779724121094,16.042510986328125,10.03989028930664,24.381757736206055,14.525924682617188
2007-08-02,104.0826644897461,13.1636381149292,19.15999984741211,18.76146697998047,27.684736251831055,10.045214653015137,16.060550689697266,10.148399353027344,24.590579986572266,14.710195541381836
2007-08-03,101.4030532836914,12.723193168640137,18.53489112854004,17.960384368896484,27.11676597595215,9.850915908813477,16.03047752380371,9.804784774780273,24.25214195251465,14.259323120117188
2007-08-06,103.10246276855469,12.87221622467041,18.64141082763672,18.879119873046875,27.525421142578125,10.006355285644531,16.445524215698242,10.112229347229004,24.727401733398438,14.48672103881836
2007-08-07,104.20254516601562,12.964946746826172,19.078712463378906,19.013572692871094,27.525421142578125,10.025779724121094,16.403411865234375,10.295671463012695,24.84261131286621,14.569051742553711
2007-08-08,105.65513610839844,13.299418449401855,19.440322875976562,19.467348098754883,27.740142822265625,10.181221961975098,16.692148208618164,10.44551944732666,25.130638122558594,14.733718872070312
2007-08-09,102.52421569824219,12.964946746826172,18.882482528686523,18.767080307006836,26.99900245666504,9.948066711425781,16.391387939453125,10.256916999816895,24.540178298950195,14.31814193725586
2007-08-10,102.04472351074219,12.80929946899414,18.983402252197266,18.68305015563965,26.687328338623047,9.8081693649292,16.30116081237793,10.078646659851074,24.41056251525879,14.25540542602539
2007-08-13,102.4113998413086,12.865592002868652,19.005823135375977,18.51498794555664,27.047508239746094,9.944182395935059,16.25303840637207,10.13032341003418,24.482572555541992,14.333812713623047
2007-08-14,100.8459243774414,12.534428596496582,18.879682540893555,18.190067291259766,26.354856491088867,9.742111206054688,15.994388580322266,9.959797859191895,24.280946731567383,13.969198226928711
2007-08-15,99.45673370361328,12.219829559326172,18.361087799072266,18.027603149414062,26.04317855834961,9.617759704589844,15.910173416137695,9.825457572937012,24.223342895507812,13.820210456848145
2007-08-16,100.2042236328125,12.054251670837402,18.248958587646484,18.57100486755371,26.05702781677246,9.555584907531738,15.952280044555664,9.895211219787598,24.230548858642578,13.83981704711914
2007-08-17,102.04472351074219,12.219829559326172,18.921730041503906,19.327295303344727,26.32023811340332,9.648847579956055,16.03047752380371,9.98047161102295,24.288145065307617,13.937830924987793
2007-08-20,101.99541473388672,12.448330879211426,18.879682540893555,19.06959342956543,26.70119285583496,9.683818817138672,16.150775909423828,10.034722328186035,24.40336036682129,14.012323379516602
2007-08-21,102.1998519897461,12.524494171142578,18.613380432128906,19.20404815673828,26.5972957611084,9.714911460876465,16.150775909423828,10.024393081665039,24.468177795410156,14.106419563293457
2007-08-22,103.4127197265625,12.998055458068848,18.8376407623291,19.254467010498047,27.075223922729492,9.843143463134766,16.192895889282227,10.140654563903809,24.590579986572266,14.294611930847168
2007-08-23,103.321044921875,12.749686241149902,19.005823135375977,19.282472610473633,26.929758071899414,9.870346069335938,16.198902130126953,10.171652793884277,24.749006271362305,14.239720344543457
2007-08-24,104.59742736816406,13.047736167907715,19.412288665771484,19.349700927734375,27.151399612426758,10.010238647460938,16.313190460205078,10.23366641998291,24.900218963623047,14.525924682617188
2007-08-27,103.62425231933594,12.9318265914917,19.174028396606445,19.125608444213867,27.08907127380371,9.955836296081543,16.241008758544922,9.97271728515625,24.727401733398438,14.325971603393555
2007-08-28,101.34658813476562,12.63378620147705,18.71149253845215,18.554201126098633,26.437976837158203,9.777083396911621,16.054540634155273,9.81769847869873,24.47537612915039,13.980957984924316
2007-08-29,103.33517456054688,12.882153511047363,19.33100128173828,18.77828598022461,27.061365127563477,10.010238647460938,16.192895889282227,10.01147174835205,24.6554012298584,14.420074462890625
2007-08-30,103.06016540527344,12.84903621673584,19.319787979125977,18.66063690185547,26.89512825012207,10.052988052368164,16.138748168945312,9.993389129638672,24.6554012298584,14.361260414123535
2007-08-31,104.0755844116211,12.964946746826172,19.57488441467285,18.907136917114258,27.303791046142578,10.119046211242676,16.180858612060547,9.97271728515625,24.770601272583008,14.596494674682617
2007-09-04,105.12628173828125,13.147085189819336,19.93088722229004,19.052785873413086,27.428462982177734,10.27448844909668,16.355297088623047,10.166487693786621,24.98663330078125,14.616103172302246
2007-09-05,104.21661376953125,13.031172752380371,19.824371337890625,18.823097229003906,27.151399612426758,10.165674209594727,16.20492172241211,10.140654563903809,24.93622398376465,14.384781837463379
2007-09-06,104.45639038085938,13.097403526306152,20.127119064331055,18.68305015563965,27.373035430908203,10.216197967529297,16.162811279296875,10.153573036193848,25.015417098999023,14.420074462890625
2007-09-07,103.0037612915039,12.789423942565918,19.695419311523438,18.492576599121094,26.81200408935547,10.006355285644531,16.09063148498535,10.078646659851074,24.749006271362305,14.075052261352539
2007-09-10,102.80628967285156,12.70994758605957,19.664581298828125,18.430953979492188,26.832775115966797,9.986926078796387,16.13273811340332,10.086396217346191,24.770601272583008,14.000564575195312
2007-09-11,104.00508117675781,12.875530242919922,20.000965118408203,18.621427536010742,27.075223922729492,10.130704879760742,16.241008758544922,10.153573036193848,24.957813262939453,14.157392501831055
2007-09-12,104.27302551269531,12.948378562927246,20.14112663269043,18.66063690185547,27.054433822631836,10.103507041931152,16.325223922729492,10.238831520080566,25.065837860107422,14.165226936340332
2007-09-13,105.00643920898438,12.991437911987305,20.267274856567383,18.968761444091797,27.338411331176758,10.103507041931152,16.373342514038086,10.259501457214355,25.12342643737793,14.361260414123535
2007-09-14,104.99939727783203,13.080852508544922,20.323341369628906,19.035985946655273,27.38688850402832,10.052988052368164,16.469587326049805,10.256916999816895,25.051424026489258,14.455354690551758
2007-09-17,104.43525695800781,13.067602157592773,20.365398406982422,18.85671615600586,27.151399612426758,10.049099922180176,16.373342514038086,10.264665603637695,24.97222328186035,14.278928756713867
2007-09-18,107.50975036621094,13.67693042755127,20.982099533081055,19.56818199157715,28.031055450439453,10.247282028198242,16.692148208618164,10.50235652923584,25.41867446899414,14.83565902709961
2007-09-19,108.14441680908203,13.832579612731934,21.164310455322266,19.691438674926758,28.328889846801758,10.286141395568848,16.704179763793945,10.618622779846191,25.51947593688965,14.863094329833984
2007-09-20,107.38280487060547,13.789534568786621,21.15028953552246,19.45054054260254,28.093372344970703,10.325006484985352,16.72222900390625,10.4739351272583,25.49068260192871,14.569051742553711
2007-09-21,107.67268371582031,13.829459190368652,21.276203155517578,19.526735305786133,28.28413963317871,10.404048919677734,16.73069953918457,10.490592956542969,25.615680694580078,14.574163436889648
2007-09-24,107.4742202758789,13.846085548400879,21.236852645874023,19.255836486816406,28.012630462646484,10.37679386138916,16.71859359741211,10.529620170593262,25.56511116027832,14.452378273010254
2007-09-25,107.26168823242188,13.799513816833496,20.888334274291992,19.216331481933594,28.124021530151367,10.481922149658203,16.694400787353516,10.54262638092041,25.4783878326416,14.263821601867676
2007-09-26,107.82847595214844,13.97250747680664,20.947364807128906,19.22197723388672,28.318946838378906,10.548116683959961,16.809322357177734,10.594663619995117,25.62291145324707,14.46809196472168
2007-09-27,108.46615600585938,14.135519981384277,21.219993591308594,19.44772720336914,28.444236755371094,10.540326118469238,16.86981201171875,10.519211769104004,25.724069595336914,14.397388458251953
2007-09-28,108.10479736328125,14.009105682373047,21.02324867248535,19.368709564208984,28.597389221191406,10.501391410827637,16.92424774169922,10.355295181274414,25.543420791625977,14.46809196472168
2007-10-01,109.32345581054688,14.271918296813965,21.38862419128418,19.73553466796875,28.96634292602539,10.614307403564453,16.875864028930664,10.495793342590332,25.933626174926758,14.656647682189941
2007-10-02,109.17464447021484,14.172117233276367,21.054166793823242,19.961284637451172,28.729665756225586,10.653249740600586,16.881912231445312,10.534823417663574,25.78911781311035,14.652728080749512
2007-10-03,108.95503997802734,13.989133834838867,20.930503845214844,19.916133880615234,28.534744262695312,10.528646469116211,16.839570999145508,10.500998497009277,25.89026641845703,14.735225677490234
2007-10-04,109.12505340576172,14.04902172088623,21.00919532775879,20.034643173217773,28.63219451904297,10.555901527404785,16.875864028930664,10.55824089050293,25.86136245727539,14.6605863571167
2007-10-05,110.42166137695312,14.288552284240723,21.110380172729492,20.25475311279297,28.945466995239258,10.668818473815918,16.93634605407715,10.641502380371094,26.193756103515625,14.986623764038086
2007-10-08,109.8336181640625,14.2053804397583,20.89676856994629,19.978212356567383,28.8967227935791,10.688287734985352,16.827472686767578,10.625886917114258,26.013099670410156,14.88842487335205
2007-10-09,110.86803436279297,14.471526145935059,21.31836700439453,20.147525787353516,29.168222427368164,10.766161918640137,16.92424774169922,10.74296760559082,26.229877471923828,14.912003517150879
2007-10-10,110.683837890625,14.385029792785645,21.59380531311035,20.034643173217773,28.84798240661621,10.801203727722168,16.99683380126953,10.662313461303711,26.273252487182617,14.849146842956543
2007-10-11,110.15242767333984,14.305188179016113,21.48700714111328,19.927427291870117,28.63916015625,10.684396743774414,17.039175033569336,10.771587371826172,26.049230575561523,14.782361030578613
2007-10-12,110.7617416381836,14.42162036895752,21.689363479614258,20.05722427368164,28.76446533203125,10.789525985717773,17.075481414794922,10.74296760559082,26.193756103515625,14.857006072998047
2007-10-15,109.82650756835938,14.33845043182373,21.866437911987305,19.650888442993164,28.541688919067383,10.711649894714355,17.02103042602539,10.664910316467285,25.91194725036621,14.621306419372559
2007-10-16,108.95503997802734,14.085613250732422,21.922645568847656,19.284048080444336,28.416397094726562,10.711649894714355,16.948450088500977,10.638894081115723,25.71685028076172,14.574163436889648
2007-10-17,109.28800201416016,14.078964233398438,21.782115936279297,19.272769927978516,28.492963790893555,10.801203727722168,17.008934020996094,10.66751766204834,25.738521575927734,14.589873313903809
2007-10-18,108.89126586914062,14.188746452331543,21.95075035095215,19.030094146728516,28.569549560546875,10.82846450805664,16.948450088500977,10.57384967803955,25.745756149291992,14.45631217956543
2007-10-19,106.04308319091797,13.87935733795166,20.91082191467285,18.398008346557617,27.775938034057617,10.571475982666016,16.773027420043945,10.33968448638916,25.435043334960938,14.134185791015625
2007-10-22,106.659423828125,13.776228904724121,20.671926498413086,18.623760223388672,27.880361557006836,10.637667655944824,16.881912231445312,10.412532806396484,25.435043334960938,14.259888648986816
2007-10-23,107.52381134033203,13.995795249938965,20.967037200927734,18.725339889526367,28.068323135375977,10.75448226928711,16.93634605407715,10.417736053466797,25.73129653930664,14.326669692993164
2007-10-24,107.3254165649414,14.022406578063965,21.10475730895996,18.584253311157227,27.984786987304688,10.64546012878418,16.88796043395996,10.407331466674805,25.543420791625977,14.279531478881836
2007-10-25,107.58049011230469,14.132190704345703,21.304311752319336,18.56732749938965,28.033533096313477,10.73501205444336,17.027076721191406,10.662313461303711,25.695173263549805,14.19311237335205
2007-10-26,108.84166717529297,14.398332595825195,21.627519607543945,19.01880645751953,28.054407119750977,10.879079818725586,17.142004013061523,10.808012962341309,25.781877517700195,14.358098983764648
2007-10-29,109.20306396484375,14.558015823364258,21.73151969909668,19.075239181518555,28.235380172729492,10.91023063659668,17.148054122924805,10.904280662536621,25.89026641845703,14.397388458251953
2007-10-30,108.44483184814453,14.215354919433594,20.992332458496094,18.781784057617188,27.984786987304688,10.92969799041748,17.075481414794922,10.917293548583984,25.86136245727539,14.354167938232422
2007-10-31,109.5713882446289,14.591292381286621,21.557262420654297,19.035736083984375,28.228435516357422,11.05819034576416,17.184343338012695,11.044780731201172,26.02033042907715,14.397388458251953
2007-11-01,107.006591796875,14.085613250732422,20.924880981445312,18.05939483642578,27.748106002807617,10.937488555908203,16.845613479614258,10.8184175491333,25.65903663635254,14.032049179077148
2007-11-02,107.12704467773438,14.212031364440918,21.31836700439453,17.969104766845703,27.998714447021484,10.960846900939941,16.95449447631836,10.906881332397461,25.58677864074707,14.024192810058594
2007-11-05,106.3122787475586,14.045694351196289,21.146915435791016,17.64742660522461,27.880361557006836,10.945273399353027,16.97869110107422,11.026568412780762,25.572322845458984,13.835626602172852
2007-11-06,107.74349975585938,14.375044822692871,21.85238265991211,17.946533203125,28.318946838378906,11.003679275512695,17.09362030029297,11.036975860595703,25.709617614746094,13.957409858703613
2007-11-07,104.79607391357422,13.97250747680664,20.952987670898438,16.964550018310547,27.63671875,10.707757949829102,16.906105041503906,10.784597396850586,25.124324798583984,13.670644760131836
2007-11-08,104.2646713256836,14.105572700500488,21.31836700439453,17.139501571655273,27.6436767578125,10.32617473602295,17.027076721191406,10.995344161987305,25.290529251098633,13.631364822387695
2007-11-09,102.83352661132812,13.816146850585938,20.924880981445312,17.009693145751953,27.09373664855957,10.112015724182129,16.863765716552734,10.909483909606934,25.225473403930664,13.321019172668457
2007-11-12,101.81324768066406,13.263900756835938,19.913066864013672,17.07177734375,26.801353454589844,9.948476791381836,16.875864028930664,10.719551086425781,25.290529251098633,13.340664863586426
2007-11-13,104.91651153564453,13.616538047790527,20.6157169342041,17.8731689453125,27.48356819152832,10.287233352661133,17.129907608032227,10.810614585876465,25.62291145324707,13.709924697875977
2007-11-14,104.62600708007812,13.68640422821045,20.584796905517578,17.80544090270996,27.393068313598633,10.228828430175781,17.214590072631836,10.745572090148926,25.724069595336914,13.493865966796875
2007-11-15,103.11688232421875,13.390324592590332,19.899017333984375,17.353960037231445,27.01018714904785,10.104232788085938,17.202491760253906,10.841841697692871,25.56511116027832,13.364232063293457
2007-11-16,103.29401397705078,13.363701820373535,20.421798706054688,17.2185115814209,27.017148971557617,10.248295783996582,17.281129837036133,10.844438552856445,25.68071174621582,13.36030101776123
2007-11-19,101.85570526123047,13.01439094543457,20.081707000732422,16.755746841430664,26.627309799194336,10.045817375183105,17.1601505279541,10.875661849975586,25.53619384765625,13.065672874450684
2007-11-20,102.47923278808594,13.214000701904297,20.728139877319336,16.388906478881836,26.66908836364746,10.131484985351562,17.299272537231445,11.008353233337402,25.58677864074707,13.077460289001465
2007-11-21,100.38200378417969,12.954512596130371,20.278444290161133,16.13494110107422,26.223562240600586,9.940691947937012,17.08756446838379,10.917293548583984,25.015939712524414,12.951753616333008
2007-11-23,102.11786651611328,13.14745807647705,20.812463760375977,16.518709182739258,26.571630477905273,10.03803825378418,17.262981414794922,10.906881332397461,25.420583724975586,13.179597854614258
2007-11-26,99.86479187011719,12.871336936950684,20.09294319152832,15.9656400680542,26.153949737548828,9.827774047851562,17.08756446838379,10.888670921325684,25.225473403930664,12.837834358215332
2007-11-27,101.01260375976562,12.974471092224121,19.870906829833984,16.25346565246582,26.676042556762695,9.936800956726074,17.269023895263672,10.930298805236816,25.550649642944336,13.042107582092285
2007-11-28,104.24344635009766,13.589922904968262,20.362770080566406,17.22415542602539,27.32345199584961,10.228828430175781,17.541217803955078,11.120234489440918,26.15761375427246,13.548861503601074
2007-11-29,104.2788314819336,13.726320266723633,20.587604522705078,17.07177734375,27.32345199584961,10.279447555541992,17.631956100463867,11.044780731201172,26.316591262817383,13.415301322937012
2007-11-30,105.32743835449219,13.856067657470703,20.649446487426758,17.49504280090332,27.42788314819336,10.224933624267578,17.656143188476562,11.117632865905762,26.352718353271484,13.611715316772461
2007-12-03,104.63308715820312,13.786210060119629,20.728139877319336,17.353960037231445,27.149417877197266,10.162633895874023,17.589601516723633,11.226912498474121,26.186532974243164,13.541007995605469
2007-12-04,103.69783782958984,13.703042030334473,20.51734161376953,17.032278060913086,27.0867862701416,10.123702049255371,17.565418243408203,11.307562828063965,26.179306030273438,13.497794151306152
2007-12-05,105.43372344970703,13.955872535705566,20.9698486328125,17.286224365234375,27.532302856445312,10.357322692871094,17.63799476623535,11.502704620361328,26.388856887817383,13.47815227508545
2007-12-06,106.94282531738281,14.178771018981934,21.54319953918457,17.844951629638672,27.845565795898438,10.462450981140137,17.631956100463867,11.435052871704102,26.56949234008789,13.5960054397583
2007-12-07,106.9216537475586,14.31183910369873,21.411113739013672,17.60791778564453,28.054407119750977,10.474141120910645,17.819459915161133,11.494901657104492,26.55504035949707,13.709924697875977
2007-12-10,107.75054168701172,14.51477336883545,21.627519607543945,17.980392456054688,28.186676025390625,10.524750709533691,17.837608337402344,11.546936988830566,26.605619430541992,13.717778205871582
2007-12-11,104.79607391357422,13.912630081176758,21.0935115814209,17.07177734375,27.288650512695312,10.361214637756348,17.64405059814453,11.278945922851562,26.193756103515625,13.277810096740723
2007-12-12,105.83047485351562,14.098917007446289,21.782115936279297,16.941978454589844,27.63671875,10.540326118469238,17.69243621826172,11.281547546386719,26.20820426940918,13.321019172668457
2007-12-13,105.6108169555664,14.208710670471191,21.83551025390625,16.936328887939453,27.775938034057617,10.485814094543457,17.771066665649414,11.448064804077148,26.193756103515625,13.234594345092773
2007-12-14,104.27178192138672,13.95920467376709,21.48700714111328,16.56385612487793,27.469650268554688,10.4196195602417,17.553314208984375,11.23471450805664,25.796327590942383,13.061746597290039
2007-12-17,102.78392028808594,13.463506698608398,21.10194206237793,16.388906478881836,26.975391387939453,10.221043586730957,17.432344436645508,11.130636215209961,25.521743774414062,12.93996524810791
2007-12-18,103.35774993896484,13.613211631774902,21.304311752319336,16.400192260742188,27.051969528198242,10.221043586730957,17.35371208190918,11.229510307312012,25.71685028076172,13.061746597290039
2007-12-19,103.35774993896484,13.59324836730957,21.50948143005371,16.49613380432129,26.96147346496582,10.287233352661133,17.498878479003906,11.200891494750977,25.702396392822266,12.943899154663086
2007-12-20,104.00961303710938,13.842761039733887,21.782115936279297,16.37762451171875,27.184228897094727,10.435195922851562,17.420242309570312,11.250325202941895,25.8541316986084,13.006754875183105
2007-12-21,105.50897979736328,14.142335891723633,22.34540367126465,16.680599212646484,27.66407012939453,10.569365501403809,17.83792495727539,11.273131370544434,26.013683319091797,13.032465934753418
2007-12-24,106.29244232177734,14.27331256866455,22.44684600830078,16.982425689697266,27.971830368041992,10.647600173950195,17.813602447509766,11.328185081481934,26.10072135925293,13.273811340332031
2007-12-26,106.52040100097656,14.347198486328125,22.697629928588867,16.86282730102539,27.866905212402344,10.706277847290039,17.752803802490234,11.270517349243164,26.071706771850586,13.230287551879883
2007-12-27,105.18128967285156,14.078523635864258,22.458105087280273,16.521129608154297,27.545166015625,10.55763053894043,17.58257484436035,11.170892715454102,25.803367614746094,13.044339179992676
2007-12-28,104.91780090332031,14.088606834411621,22.646915435791016,16.481266021728516,27.517175674438477,10.506780624389648,17.64945411682129,11.252161026000977,25.701839447021484,12.984991073608398
2007-12-31,104.14138793945312,14.004645347595215,22.3594913482666,16.475576400756836,27.39127540588379,10.428544998168945,17.509614944458008,11.097484588623047,25.607572555541992,12.93751049041748
2008-01-02,103.22966003417969,13.870294570922852,22.40175437927246,16.150962829589844,26.936614990234375,10.217312812805176,17.260345458984375,11.034564971923828,25.339231491088867,12.739690780639648
2008-01-03,103.1798324584961,14.122179985046387,22.666629791259766,16.048450469970703,26.957609176635742,10.23295783996582,17.16915512084961,11.018834114074707,25.491533279418945,12.59725570678711
2008-01-04,100.65127563476562,13.695657730102539,21.838193893432617,15.592855453491211,26.405031204223633,9.833972930908203,17.096195220947266,11.102727890014648,25.230445861816406,12.201622009277344
2008-01-07,100.56578826904297,13.507583618164062,21.75365447998047,15.632718086242676,26.07625961303711,9.747913360595703,17.296825408935547,11.333434104919434,25.730850219726562,12.245134353637695
2008-01-08,98.94178771972656,13.29936695098877,21.373249053955078,15.06322193145752,25.495704650878906,9.489739418029785,17.16915512084961,11.336053848266602,25.941162109375,12.007752418518066
2008-01-09,99.98173522949219,13.383328437805176,21.655029296875,15.347970962524414,25.572647094726562,9.622739791870117,17.40018081665039,11.459269523620605,26.405302047729492,12.094792366027832
2008-01-10,100.63699340820312,13.564676284790039,21.56485939025879,15.609936714172363,25.929378509521484,9.638385772705078,17.43057632446289,11.388482093811035,26.369056701660156,12.26491641998291
2008-01-11,99.82504272460938,13.426984786987305,21.302799224853516,15.661195755004883,25.48871612548828,9.49756908416748,17.187393188476562,11.385869026184082,26.448820114135742,11.972146987915039
2008-01-14,100.6298599243164,13.877013206481934,21.725473403930664,15.877596855163574,25.803468704223633,9.689234733581543,17.114431381225586,11.401596069335938,26.24575424194336,12.08687973022461
2008-01-15,98.41472625732422,13.497522354125977,20.826583862304688,15.222670555114746,25.26487922668457,9.485832214355469,16.932037353515625,11.281001091003418,25.94841194152832,11.86532211303711
2008-01-16,97.56710815429688,13.047480583190918,20.133407592773438,15.478952407836914,24.971105575561523,9.27851390838623,16.871240615844727,11.079129219055176,26.013683319091797,11.932580947875977
2008-01-17,95.03852844238281,12.402669906616211,19.372589111328125,14.693045616149902,24.30660629272461,9.196365356445312,16.749645233154297,10.651800155639648,25.51328468322754,11.734759330749512
2008-01-18,94.06272888183594,12.543719291687012,19.414857864379883,14.522200584411621,24.25764274597168,9.03598690032959,16.506460189819336,10.494503021240234,25.143428802490234,11.67937183380127
2008-01-22,93.10826873779297,12.429534912109375,18.865381240844727,14.83541488647461,24.341583251953125,8.86778450012207,16.336231231689453,10.13271427154541,24.229629516601562,11.908842086791992
2008-01-23,95.34481811523438,12.644474983215332,19.040081024169922,15.88898754119873,25.00609016418457,8.946016311645508,16.536861419677734,10.40274715423584,24.403705596923828,12.344046592712402
2008-01-24,96.14970397949219,12.84598159790039,19.710721969604492,15.894691467285156,25.152957916259766,9.07510757446289,16.45782470703125,10.11960220336914,24.309415817260742,12.46669864654541
2008-01-25,94.76074981689453,12.90978717803955,19.358491897583008,15.478952407836914,25.041048049926758,8.934288024902344,16.232873916625977,10.009493827819824,23.925048828125,12.209532737731934
2008-01-28,96.3277587890625,13.16502857208252,19.79807472229004,16.0313663482666,25.41176986694336,8.973400115966797,16.360549926757812,10.166794776916504,24.229629516601562,12.411309242248535
2008-01-29,96.80498504638672,13.23220443725586,20.020694732666016,16.276247024536133,25.635610580444336,9.05163288116455,16.40919303894043,10.20087718963623,24.294912338256836,12.450871467590332
2008-01-30,96.09273529052734,13.181824684143066,19.76990509033203,15.945939064025879,25.74051856994629,8.981222152709961,16.29366683959961,10.148442268371582,24.01207733154297,12.371747970581055
2008-01-31,97.84488677978516,13.416914939880371,19.612098693847656,16.595170974731445,25.880409240722656,9.0946626663208,16.536861419677734,10.282144546508789,24.439958572387695,12.890039443969727
2008-02-01,99.41900634765625,13.742677688598633,20.105224609375,16.902692794799805,26.4749698638916,9.251130104064941,16.70100975036621,10.549558639526367,24.555988311767578,13.00477409362793
2008-02-04,98.16542053222656,13.527740478515625,20.119314193725586,16.412927627563477,26.188180923461914,9.059457778930664,16.597660064697266,10.701611518859863,24.643024444580078,12.818821907043457
2008-02-05,95.53714752197266,13.138163566589355,19.288057327270508,15.746606826782227,25.523681640625,8.83258056640625,16.372705459594727,10.379152297973633,24.193376541137695,12.458786010742188
2008-02-06,94.76787567138672,13.047480583190918,19.023183822631836,15.564385414123535,25.481721878051758,8.734787940979004,16.305831909179688,10.360798835754395,24.258651733398438,12.32426643371582
2008-02-07,95.39469146728516,13.097861289978027,19.39794158935547,15.706755638122559,25.48871612548828,8.789551734924316,16.47606658935547,10.305743217468262,24.164365768432617,12.561655044555664
2008-02-08,94.78213500976562,13.376612663269043,19.68255043029785,15.444785118103027,25.29986000061035,8.723054885864258,16.29366683959961,10.224472999572754,24.01207733154297,12.490440368652344
2008-02-11,95.26644897460938,13.423632621765137,20.18975067138672,15.103084564208984,25.55165672302246,8.875611305236816,16.500389099121094,10.308368682861328,23.939546585083008,12.62099838256836
2008-02-12,96.14970397949219,13.66544246673584,20.17848777770996,15.518813133239746,25.810474395751953,8.895169258117676,16.719253540039062,10.48401165008545,24.28766441345215,12.64473819732666
2008-02-13,97.1325912475586,13.608346939086914,20.668792724609375,15.461867332458496,26.272119522094727,9.098578453063965,16.640214920043945,10.4342041015625,24.251399993896484,12.806952476501465
2008-02-14,96.27789306640625,13.43370532989502,20.49125862121582,15.040438652038574,25.880409240722656,8.91864013671875,16.55510711669922,10.303122520446777,24.149866104125977,12.68430233001709
2008-02-15,96.25653076171875,13.517663955688477,20.527902603149414,15.27962589263916,25.719532012939453,8.887341499328613,16.62805938720703,10.447312355041504,24.17162322998047,12.75156307220459
2008-02-19,96.52718353271484,13.85350513458252,21.20417022705078,15.256847381591797,25.845441818237305,8.805200576782227,16.89556121826172,10.363421440124512,24.47620964050293,12.605172157287598
2008-02-20,96.81209564208984,13.934110641479492,21.45778465270996,15.43340015411377,25.929378509521484,8.820840835571289,16.536861419677734,10.384394645690918,24.403705596923828,12.779256820678711
2008-02-21,96.0072250366211,13.746039390563965,20.86885643005371,15.16003131866455,25.726530075073242,8.805200576782227,16.597660064697266,10.1563081741333,24.149866104125977,12.474615097045898
2008-02-22,96.59840393066406,13.877013206481934,21.10555648803711,15.490348815917969,25.98534393310547,8.79737663269043,16.780048370361328,10.334576606750488,24.200639724731445,12.747603416442871
2008-02-25,97.81641387939453,14.196066856384277,21.708574295043945,15.490348815917969,26.188180923461914,8.84823226928711,16.804367065429688,10.345067977905273,24.512481689453125,12.917728424072266
2008-02-26,98.55001068115234,14.263235092163086,22.07769775390625,15.627017974853516,26.209165573120117,8.949925422668457,17.011075973510742,10.47877025604248,24.294912338256836,13.044339179992676
2008-02-27,98.45036315917969,14.259875297546387,21.790287017822266,15.695358276367188,26.258132934570312,8.95775032043457,16.780048370361328,10.227091789245605,24.403705596923828,13.016644477844238
2008-02-28,97.4887466430664,14.182626724243164,22.16506004333496,15.205595970153809,26.069276809692383,8.844311714172363,16.81044578552246,10.158927917480469,24.120851516723633,12.708040237426758
2008-02-29,95.31635284423828,13.725887298583984,21.429609298706055,14.710126876831055,25.355810165405273,8.664373397827148,16.49429702758789,9.860065460205078,23.787256240844727,12.39153003692627
2008-03-03,95.0883560180664,13.954259872436523,21.69729232788086,14.510809898376465,25.726530075073242,8.6604642868042,16.658458709716797,10.009493827819824,23.78000831604004,12.36383056640625
2008-03-04,94.72515869140625,13.61842155456543,21.27462387084961,14.431071281433105,25.425764083862305,8.672204971313477,16.646297454833984,10.182522773742676,23.80901336669922,12.344046592712402
2008-03-05,95.32344055175781,14.001277923583984,21.810016632080078,14.317179679870605,25.76151466369629,8.734787940979004,16.688854217529297,10.15368366241455,23.765501022338867,12.348000526428223
2008-03-06,93.35045623779297,13.877013206481934,21.373249053955078,13.821715354919434,25.27187156677246,8.613526344299316,16.536861419677734,9.946575164794922,23.286848068237305,12.047318458557129
2008-03-07,92.38887786865234,13.29601001739502,20.784320831298828,13.850190162658691,24.908151626586914,8.613526344299316,16.45782470703125,9.883655548095703,23.018518447875977,11.932580947875977
2008-03-10,91.17091369628906,13.010542869567871,20.527902603149414,13.457237243652344,24.509456634521484,8.519640922546387,16.372705459594727,9.870546340942383,22.48185920715332,11.794108390808105
2008-03-11,94.4473648071289,13.803130149841309,21.584579467773438,14.33995532989502,25.341819763183594,8.820840835571289,16.719253540039062,10.040955543518066,22.699420928955078,12.114578247070312
2008-03-12,93.56414031982422,13.604984283447266,21.10555648803711,14.100770950317383,25.292865753173828,8.730873107910156,16.676687240600586,10.040955543518066,22.699420928955078,12.047318458557129
2008-03-13,93.77066802978516,13.937474250793457,21.45778465270996,14.066594123840332,25.64259147644043,8.695673942565918,16.676687240600586,10.009493827819824,22.67041778564453,12.059185981750488
2008-03-14,92.31765747070312,13.692304611206055,21.06610679626465,13.667946815490723,25.236892700195312,8.586146354675293,16.390947341918945,9.936089515686035,22.249786376953125,11.885103225708008
2008-03-17,91.38457489013672,13.416914939880371,20.330652236938477,13.354726791381836,25.111000061035156,8.54702377319336,16.29975128173828,9.94133472442627,22.220781326293945,11.726847648620605
2008-03-18,95.18101501464844,13.887092590332031,21.218263626098633,14.476639747619629,26.433000564575195,8.930371284484863,16.597660064697266,10.116979598999023,22.91698455810547,12.189746856689453
2008-03-19,92.82337951660156,12.946734428405762,19.922060012817383,14.095070838928223,25.46772575378418,8.664373397827148,16.688854217529297,9.917737007141113,22.619661331176758,12.027536392211914
2008-03-20,94.54270935058594,12.902938842773438,20.010513305664062,15.110068321228027,25.735416412353516,8.76063346862793,16.88200569152832,9.888957023620605,22.64806365966797,12.380120277404785
2008-03-24,96.43243408203125,13.361112594604492,20.360929489135742,15.305255889892578,26.318540573120117,9.069737434387207,17.071475982666016,9.920642852783203,22.94673728942871,12.792133331298828
2008-03-25,96.52545166015625,13.76201057434082,20.56440544128418,15.259334564208984,26.48013687133789,9.077563285827637,17.1142635345459,9.891593933105469,22.990442276000977,12.689126014709473
2008-03-26,95.34442901611328,13.701371192932129,21.01090431213379,14.708199501037598,26.269371032714844,8.901487350463867,16.973684310913086,9.928564071655273,22.764616012573242,12.451430320739746
2008-03-27,95.04373931884766,13.664314270019531,20.79895782470703,14.478565216064453,25.98131561279297,8.831062316894531,17.05925941467285,10.028903007507324,22.881175994873047,12.332582473754883
2008-03-28,94.13470458984375,13.549768447875977,20.742435455322266,14.151331901550293,25.882946014404297,8.776288032531738,17.04092025756836,9.936488151550293,22.82288360595703,12.09488296508789
2008-03-31,94.46397399902344,13.532929420471191,20.928943634033203,14.27763843536377,26.276399612426758,8.764544486999512,17.0286865234375,10.018340110778809,22.706336975097656,12.170151710510254
2008-04-01,97.7852783203125,13.964147567749023,21.321758270263672,15.282289505004883,26.87357521057129,9.018869400024414,17.23651695251465,10.277120590209961,23.070571899414062,12.716859817504883
2008-04-02,97.84971618652344,14.058469772338867,21.61847686767578,15.270809173583984,26.993022918701172,9.12842845916748,17.24262046813965,10.409144401550293,22.910316467285156,12.716859817504883
2008-04-03,98.09307861328125,14.314516067504883,21.66935157775879,15.339703559875488,26.87357521057129,9.124515533447266,17.1937255859375,10.353694915771484,22.837459564208984,12.756475448608398
2008-04-04,97.9856948852539,14.456009864807129,21.847373962402344,15.133024215698242,26.97897720336914,9.093213081359863,17.340415954589844,10.343134880065918,23.019577026367188,12.697053909301758
2008-04-07,98.03580474853516,14.378523826599121,21.9632511138916,15.22488784790039,26.81035804748535,9.101038932800293,17.230398178100586,10.388023376464844,23.28182029724121,12.64951229095459
2008-04-08,97.93560791015625,14.513277053833008,22.21192741394043,15.052653312683105,26.789276123046875,9.046257019042969,17.22428321838379,10.45667839050293,23.201698303222656,12.62177848815918
2008-04-09,97.22693634033203,14.358304023742676,22.25432014465332,14.800054550170898,26.52931785583496,9.007134437561035,17.05314064025879,10.43027114868164,23.092426300048828,12.344468116760254
2008-04-10,97.36297607421875,14.395359992980957,22.21192741394043,14.708199501037598,26.6417293548584,9.08147144317627,17.095928192138672,10.356338500976562,23.274538040161133,12.475201606750488
2008-04-11,95.47327423095703,14.210075378417969,21.90107536315918,14.426899909973145,25.594900131225586,8.838889122009277,16.985902786254883,10.369539260864258,22.96858787536621,12.245423316955566
2008-04-14,95.15117645263672,14.139327049255371,22.404088973999023,14.088184356689453,25.608943939208984,8.803672790527344,16.979795455932617,10.353694915771484,22.86659812927246,12.158270835876465
2008-04-15,95.37300872802734,14.216818809509277,22.52277946472168,14.23171329498291,25.728395462036133,8.803672790527344,17.083707809448242,10.467243194580078,22.84473991394043,12.14242172241211
2008-04-16,97.9570541381836,14.897329330444336,23.285789489746094,14.616339683532715,26.445016860961914,9.163641929626465,17.181503295898438,10.686409950256348,22.96858787536621,12.41181468963623
2008-04-17,98.10022735595703,14.823213577270508,23.266002655029297,14.868950843811035,26.135883331298828,9.159729957580566,17.205949783325195,10.707530975341797,22.82288360595703,12.467273712158203
2008-04-18,99.12380981445312,14.904065132141113,23.622066497802734,15.196184158325195,26.922760009765625,9.320152282714844,17.089815139770508,10.741861343383789,23.041433334350586,12.704976081848145
2008-04-21,99.1739273071289,14.941123008728027,23.890531539916992,14.96080493927002,26.83143424987793,9.378846168518066,17.138710021972656,10.644158363342285,22.96858787536621,12.704976081848145
2008-04-22,98.73729705810547,14.823213577270508,23.901844024658203,14.754134178161621,26.402854919433594,9.331894874572754,17.034801483154297,10.612469673156738,22.728187561035156,12.522738456726074
2008-04-23,98.57982635498047,14.590758323669434,23.715328216552734,14.656535148620605,26.41691017150879,9.390581130981445,17.14482307434082,10.628313064575195,22.801042556762695,12.51877498626709
2008-04-24,99.00929260253906,14.378523826599121,23.0936222076416,15.184696197509766,26.585527420043945,9.50405216217041,17.169279098510742,10.617749214172363,22.87389373779297,12.693089485168457
2008-04-25,99.925537109375,14.789527893066406,23.42143440246582,15.471744537353516,26.957889556884766,9.390581130981445,17.071475982666016,10.652084350585938,23.172557830810547,12.819862365722656
2008-04-28,99.94700622558594,14.705309867858887,23.460988998413086,15.511929512023926,27.11246681213379,9.390581130981445,17.17538833618164,10.549098014831543,23.31096839904785,12.8040132522583
2008-04-29,99.5533218383789,14.220178604125977,22.93253517150879,15.322478294372559,26.85954475402832,9.480576515197754,17.1937255859375,10.599274635314941,23.056015014648438,12.907021522521973
2008-04-30,98.96636199951172,14.253875732421875,23.102108001708984,15.2765474319458,27.049238204956055,9.312324523925781,16.900333404541016,10.53061294555664,22.932165145874023,12.459354400634766
2008-05-01,101.01356506347656,14.152800559997559,22.59625816345215,15.798974990844727,27.224872589111328,9.703606605529785,17.205949783325195,10.654719352722168,23.34010124206543,13.176411628723145
2008-05-02,101.29271697998047,14.297667503356934,23.022977828979492,15.908059120178223,27.330265045166016,9.699690818786621,17.181503295898438,10.83163833618164,23.347387313842773,13.148676872253418
2008-05-05,100.8059310913086,14.62108325958252,23.356430053710938,15.632481575012207,27.260000228881836,9.656647682189941,17.120372772216797,10.6758451461792,23.28182029724121,13.002097129821777
2008-05-06,101.67923736572266,14.738993644714355,23.975311279296875,15.798974990844727,27.365398406982422,9.774030685424805,17.230398178100586,10.673199653625488,23.23811912536621,13.057559967041016
2008-05-07,99.86825561523438,14.573915481567383,23.528806686401367,15.230627059936523,26.94384765625,9.601871490478516,17.065366744995117,10.51213264465332,23.034147262573242,12.81193733215332
2008-05-08,99.6106185913086,14.823213577270508,24.00075340270996,14.920612335205078,27.035165786743164,9.617523193359375,17.1142635345459,10.538536071777344,22.94673728942871,12.831744194030762
2008-05-09,99.4244613647461,14.63792610168457,23.955535888671875,14.920612335205078,26.866559982299805,9.58621597290039,17.016469955444336,10.572861671447754,22.92487907409668,12.756475448608398
2008-05-12,100.54109954833984,14.937758445739746,23.822729110717773,15.098580360412598,27.29513931274414,9.742728233337402,17.205949783325195,10.6758451461792,23.099706649780273,13.01794719696045
2008-05-13,100.55543518066406,15.021982192993164,24.212692260742188,14.96080493927002,27.477798461914062,9.742728233337402,17.14482307434082,10.660000801086426,22.881175994873047,13.065483093261719
2008-05-14,100.76303100585938,15.106209754943848,23.93575096130371,15.06413745880127,27.505910873413086,9.762295722961426,17.21205711364746,10.699615478515625,23.070571899414062,13.212064743041992
2008-05-15,102.02283477783203,15.278020858764648,24.25225830078125,15.213400840759277,27.667509078979492,9.950104713439941,17.41988182067871,10.689046859741211,23.00501251220703,13.338838577270508
2008-05-16,102.11587524414062,15.466679573059082,25.136783599853516,15.150252342224121,27.59724998474121,9.92662525177002,17.413768768310547,10.768266677856445,23.092426300048828,13.247719764709473
2008-05-19,102.39502716064453,15.426251411437988,25.292200088500977,15.006731033325195,27.906373977661133,9.977495193481445,17.511554718017578,10.889735221862793,23.23811912536621,13.251678466796875
2008-05-20,101.56470489501953,15.507109642028809,25.543704986572266,14.656535148620605,27.46375274658203,9.8209810256958,17.24873161315918,10.963667869567871,23.172557830810547,13.045674324035645
2008-05-21,99.84681701660156,15.0523099899292,25.165037155151367,14.283380508422852,27.000049591064453,9.562739372253418,17.071475982666016,10.908217430114746,22.96858787536621,12.768362998962402
2008-05-22,99.86111450195312,14.984930038452148,24.797666549682617,14.363749504089355,26.936826705932617,9.5979585647583,17.254854202270508,10.971589088439941,23.216262817382812,12.712900161743164
2008-05-23,98.5225601196289,14.77942180633545,24.376602172851562,14.151331901550293,26.55040740966797,9.578394889831543,17.16316032409668,10.802591323852539,22.837459564208984,12.558390617370605
2008-05-27,99.2526626586914,14.712044715881348,24.218345642089844,14.225970268249512,26.83143424987793,9.734905242919922,17.21205711364746,10.858049392700195,22.932165145874023,12.653473854064941
2008-05-28,99.71076965332031,15.079257011413574,24.72983741760254,14.145588874816895,27.01410675048828,9.789680480957031,17.23651695251465,10.865968704223633,22.910316467285156,12.653473854064941
2008-05-29,100.21186065673828,14.978184700012207,24.054443359375,14.398192405700684,27.119482040405273,9.860113143920898,17.30374526977539,10.982154846191406,23.405675888061523,12.89909553527832
2008-05-30,100.46239471435547,14.995033264160156,24.303138732910156,14.214487075805664,27.288101196289062,9.918797492980957,17.413768768310547,10.908217430114746,23.36924171447754,12.800054550170898
2008-06-02,99.4244613647461,14.88049030303955,24.447254180908203,14.002068519592285,27.056255340576172,9.777944564819336,17.260963439941406,10.828996658325195,23.092426300048828,12.673283576965332
2008-06-03,98.84466552734375,14.897329330444336,23.92161750793457,13.956144332885742,26.964920043945312,9.723163604736328,17.352638244628906,10.733942031860352,23.245405197143555,12.689126014709473
2008-06-04,98.79454040527344,14.833328247070312,23.5655574798584,13.870035171508789,26.85954475402832,9.742728233337402,17.340415954589844,10.863324165344238,23.252683639526367,12.764399528503418
2008-06-05,100.77015686035156,15.331926345825195,24.794841766357422,14.145588874816895,27.056255340576172,9.942279815673828,17.517671585083008,10.992718696594238,23.456661224365234,12.9307861328125
2008-06-06,97.55624389648438,14.88049030303955,24.30877685546875,13.393533706665039,26.002391815185547,9.672296524047852,17.083707809448242,10.704893112182617,22.888452529907227,12.384084701538086
2008-06-09,97.79242706298828,15.106209754943848,25.02374267578125,13.209823608398438,26.269371032714844,9.65273666381836,17.14482307434082,10.871249198913574,22.764616012573242,12.376161575317383
2008-06-10,97.30569458007812,14.914183616638184,24.407690048217773,13.250016212463379,26.11479949951172,9.609694480895996,17.17538833618164,10.860690116882324,22.546072006225586,12.423699378967285
2008-06-11,95.87408447265625,14.648036003112793,24.55746078491211,12.865368843078613,25.62299919128418,9.36319351196289,17.083707809448242,10.850126266479492,22.32025146484375,12.162232398986816
2008-06-12,96.23915100097656,14.641294479370117,24.18443489074707,13.21556568145752,25.71434211730957,9.468839645385742,17.1998348236084,10.805230140686035,22.130844116210938,12.261269569396973
2008-06-13,97.45600128173828,15.005141258239746,24.472681045532227,13.422240257263184,26.009418487548828,9.57056999206543,17.18761444091797,10.902933120727539,22.480510711669922,12.566320419311523
2008-06-16,97.51325988769531,14.991662979125977,24.560291290283203,13.548543930053711,25.868894577026367,9.59404468536377,17.00424575805664,10.913497924804688,22.553359985351562,12.526701927185059
2008-06-17,97.04087829589844,15.072515487670898,24.96722412109375,13.152413368225098,25.81269645690918,9.55491828918457,16.949228286743164,10.974235534667969,22.495084762573242,12.399927139282227
2008-06-18,96.09601593017578,14.971445083618164,25.063308715820312,12.934261322021484,25.440324783325195,9.453186988830566,16.759761810302734,10.931982040405273,22.2401180267334,12.126575469970703
2008-06-19,96.21769714355469,14.998403549194336,24.461374282836914,13.072046279907227,25.770532608032227,9.4884033203125,16.814762115478516,10.945185661315918,22.269264221191406,12.281076431274414
2008-06-20,94.65587615966797,14.694822311401367,24.296476364135742,12.846165657043457,25.340660095214844,9.319279670715332,16.623844146728516,10.818827629089355,21.956016540527344,11.920058250427246
2008-06-23,94.5624008178711,14.78958511352539,25.256994247436523,12.440740585327148,25.390073776245117,9.232954025268555,16.562454223632812,10.949174880981445,22.11702537536621,11.713302612304688
2008-06-24,94.37535858154297,14.508688926696777,24.778160095214844,12.585535049438477,25.086551666259766,9.221183776855469,16.617708206176758,10.85873031616211,22.197542190551758,11.761018753051758
2008-06-25,94.82140350341797,14.552677154541016,24.684646606445312,12.556575775146484,24.903024673461914,9.299657821655273,16.992177963256836,10.986416816711426,22.446365356445312,11.848490715026855
2008-06-26,92.2459945678711,14.193939208984375,24.506145477294922,12.104814529418945,24.493621826171875,9.123085021972656,16.476511001586914,10.659220695495605,21.99261474609375,11.570169448852539
2008-06-27,91.74242401123047,14.180403709411621,24.721487045288086,11.913690567016602,23.787755966186523,9.001441955566406,16.30462646484375,10.56877326965332,22.13898277282715,11.375345230102539
2008-06-30,92.06613159179688,14.12287425994873,25.07000160217285,11.73414421081543,24.006574630737305,8.989668846130371,16.421276092529297,10.82680892944336,22.380508422851562,11.323657989501953
2008-07-01,92.3538818359375,13.862271308898926,25.174842834472656,11.768890380859375,23.992462158203125,8.926888465881348,16.402851104736328,10.882670402526855,22.380508422851562,11.180521011352539
2008-07-02,90.7712631225586,13.270014762878418,24.41547966003418,11.589346885681152,23.25835418701172,8.809173583984375,16.384441375732422,10.85340404510498,22.226808547973633,11.057268142700195
2008-07-03,90.86479949951172,13.35124683380127,24.055633544921875,11.548806190490723,23.583059310913086,8.76993179321289,16.372161865234375,10.741680145263672,22.32195281982422,11.152688026428223
2008-07-07,89.93681335449219,13.41893482208252,23.452119827270508,11.166547775268555,23.554819107055664,8.86803150177002,16.537918090820312,10.635272026062012,22.17558479309082,11.025457382202148
2008-07-08,91.5337905883789,13.27678394317627,23.06394386291504,11.890521049499512,24.09833526611328,8.958284378051758,16.752761840820312,10.691140174865723,22.76107406616211,11.311731338500977
2008-07-09,89.77133178710938,13.300474166870117,22.624757766723633,11.212878227233887,23.427766799926758,8.691452026367188,16.58701515197754,10.818827629089355,22.87086296081543,11.073174476623535
2008-07-10,90.13821411132812,13.35124683380127,23.318944931030273,11.131797790527344,23.787755966186523,8.80133056640625,16.70978546142578,10.845430374145508,22.995267868041992,10.87834644317627
2008-07-11,89.08792877197266,13.341087341308594,23.17728042602539,10.81904125213623,23.357177734375,8.71892261505127,16.531770706176758,10.762969017028809,22.556150436401367,10.651714324951172
2008-07-14,88.28219604492188,13.489999771118164,23.33028221130371,10.263032913208008,23.463054656982422,8.652217864990234,16.544048309326172,10.688484191894531,22.709829330444336,10.596048355102539
2008-07-15,87.03768920898438,13.358013153076172,22.347091674804688,9.944485664367676,22.997182846069336,8.632593154907227,16.513347625732422,10.613995552062988,22.819612503051758,10.596048355102539
2008-07-16,89.17422485351562,13.408773422241211,21.771907806396484,11.247635841369629,23.526586532592773,8.758163452148438,16.72207260131836,10.403841018676758,22.98063850402832,11.021479606628418
2008-07-17,90.06626892089844,13.493386268615723,21.414897918701172,11.73414421081543,24.175987243652344,8.848409652709961,16.752761840820312,10.238917350769043,23.20751190185547,11.073174476623535
2008-07-18,90.62740325927734,13.402006149291992,21.78890037536621,11.971603393554688,24.211275100708008,8.946508407592773,16.47038459777832,10.249552726745605,23.200197219848633,11.415102005004883
2008-07-21,90.67774963378906,13.679521560668945,22.44059181213379,12.01794147491455,24.232446670532227,8.76993179321289,16.433544158935547,10.43044662475586,22.790348052978516,11.212332725524902
2008-07-22,91.70645141601562,13.699830055236816,21.695411682128906,13.02570915222168,24.52892303466797,8.722845077514648,16.72207260131836,10.395862579345703,23.105043411254883,11.510531425476074
2008-07-23,92.20282745361328,13.527234077453613,20.907724380493164,13.00833797454834,24.719505310058594,8.879803657531738,16.838703155517578,10.143148422241211,23.20751190185547,11.733186721801758
2008-07-24,90.2892837524414,13.185410499572754,20.856714248657227,12.13377857208252,24.105392456054688,8.652217864990234,16.734346389770508,10.127191543579102,23.185556411743164,11.48270034790039
2008-07-25,90.26770782470703,13.205710411071777,20.91339111328125,12.087440490722656,24.33127212524414,8.773859977722168,16.642261505126953,10.004820823669434,23.324596405029297,11.303780555725098
2008-07-28,88.94405364990234,13.188796043395996,20.99555206298828,11.519843101501465,23.773639678955078,8.589434623718262,16.50107765197754,10.028762817382812,23.134321212768555,11.037383079528809
2008-07-29,90.84320068359375,13.449387550354004,20.746212005615234,12.452322006225586,24.670087814331055,8.762084007263184,16.8878231048584,10.042067527770996,23.36852264404297,11.431011199951172
2008-07-30,92.46179962158203,13.767515182495117,21.9815731048584,12.643453598022461,24.95949363708496,8.82094955444336,17.084266662597656,10.238917350769043,23.36119842529297,11.419083595275879
2008-07-31,91.23884582519531,13.665985107421875,21.08055877685547,12.527615547180176,24.19715690612793,8.76993179321289,16.820293426513672,10.129846572875977,23.383163452148438,11.34354019165039
2008-08-01,90.75688171386719,13.41893482208252,21.07772445678711,12.527615547180176,24.175987243652344,8.671835899353027,16.78959846496582,9.839893341064453,23.20751190185547,11.232213020324707
2008-08-04,89.91521453857422,12.836822509765625,20.086030960083008,12.42336654663086,24.07010269165039,8.714998245239258,16.94306755065918,9.733488082885742,23.40511131286621,11.315706253051758
2008-08-05,92.3394775390625,12.985735893249512,20.236202239990234,13.054668426513672,24.740671157836914,8.879803657531738,17.23772621154785,9.813286781311035,24.166259765625,11.820660591125488
2008-08-06,92.74954223632812,13.114337921142578,20.698043823242188,12.921459197998047,25.213619232177734,9.005369186401367,17.421890258789062,9.86648941040039,24.261402130126953,11.761018753051758
2008-08-07,91.36835479736328,13.073725700378418,20.45720863342285,12.284360885620117,24.36656951904297,8.989668846130371,17.084266662597656,9.858514785766602,23.96865463256836,11.530411720275879
2008-08-08,93.06608581542969,13.019577980041504,20.11152458190918,12.707161903381348,25.206562042236328,9.162324905395508,17.440309524536133,9.887771606445312,24.385818481445312,12.079102516174316
2008-08-11,94.03005981445312,13.03649616241455,20.10303497314453,12.921459197998047,25.270078659057617,9.221183776855469,17.593780517578125,9.99683952331543,24.407777786254883,12.448864936828613
2008-08-12,93.05169677734375,13.144795417785645,20.114355087280273,12.266986846923828,25.023025512695312,9.240799903869629,17.7165584564209,9.87979507446289,24.356544494628906,12.28585147857666
2008-08-13,92.49060821533203,13.429075241088867,20.825551986694336,11.913690567016602,24.931259155273438,9.205487251281738,17.53853416442871,9.87979507446289,24.371179580688477,12.087053298950195
2008-08-14,93.18838500976562,13.402006149291992,20.443038940429688,12.284360885620117,25.023025512695312,9.276115417480469,17.61833381652832,9.794670104980469,24.356544494628906,12.269948959350586
2008-08-15,93.6415786743164,13.317391395568848,20.060523986816406,12.37123966217041,25.164203643798828,9.311430931091309,17.790218353271484,9.82925033569336,24.598058700561523,12.413084983825684
2008-08-18,92.36109161376953,13.195562362670898,19.805519104003906,11.89631462097168,24.88184928894043,9.193717956542969,17.7165584564209,9.84255313873291,24.39314079284668,12.202356338500977
2008-08-19,91.35395812988281,13.114337921142578,20.51671028137207,11.548806190490723,24.571264266967773,9.032837867736816,17.477140426635742,9.895756721496582,24.28335952758789,11.97571849822998
2008-08-20,91.77839660644531,13.344477653503418,21.1088924407959,11.786269187927246,24.373620986938477,9.05245304107666,17.483278274536133,9.932998657226562,24.129655838012695,11.828612327575684
2008-08-21,91.93668365478516,13.459540367126465,21.638734817504883,11.571976661682129,24.430089950561523,9.017135620117188,17.292978286743164,10.028762817382812,23.975967407226562,11.924032211303711
2008-08-22,93.26749420166016,13.452768325805664,21.142894744873047,12.012152671813965,24.91008949279785,9.142702102661133,17.606054306030273,10.068666458129883,24.378494262695312,12.202356338500977
2008-08-25,91.37554168701172,13.161717414855957,20.868053436279297,11.589346885681152,24.521862030029297,9.02498722076416,17.32366943359375,9.962260246276855,23.983285903930664,11.860416412353516
2008-08-26,91.64171600341797,13.232787132263184,21.293058395385742,11.682016372680664,24.514802932739258,8.989668846130371,17.256145477294922,10.071325302124023,23.95401954650879,11.951864242553711
2008-08-27,92.53372955322266,13.354623794555664,21.63023567199707,11.907899856567383,24.585390090942383,9.075993537902832,17.33594512939453,10.143148422241211,23.99061393737793,11.987650871276855
2008-08-28,93.65594482421875,13.544148445129395,21.250558853149414,12.388611793518066,25.13596534729004,9.130940437316895,17.446447372436523,10.159110069274902,24.129655838012695,12.265971183776855
2008-08-29,92.64881134033203,13.452768325805664,21.151399612426758,12.405994415283203,24.86068344116211,8.926888465881348,17.274566650390625,10.018119812011719,23.866195678710938,12.126811027526855
2008-09-02,92.07333374023438,13.114337921142578,19.989694595336914,12.579740524291992,24.867733001708984,8.875879287719727,17.46486473083496,9.895756721496582,23.822280883789062,12.365373611450195
2008-09-03,91.99420166015625,13.04665470123291,19.913188934326172,12.776663780212402,24.684213638305664,8.758163452148438,17.33594512939453,9.73880386352539,23.96134376525879,12.428988456726074
2008-09-04,89.22460174560547,12.582996368408203,19.465513229370117,12.15114974975586,23.83716583251953,8.44424819946289,17.22545051574707,9.616440773010254,23.43438720703125,12.015484809875488
2008-09-05,89.5051498413086,12.596537590026855,19.386171340942383,12.591325759887695,23.83010482788086,8.44424819946289,17.38505744934082,9.414268493652344,23.309968948364258,12.03934097290039
2008-09-08,91.35395812988281,12.57284164428711,19.253005981445312,13.135751724243164,24.211275100708008,8.546270370483398,17.753389358520508,9.651019096374512,23.697866439819336,12.584050178527832
2008-09-09,88.64192199707031,12.173486709594727,17.921308517456055,12.295943260192871,23.498348236083984,8.397160530090332,17.66131019592285,9.347764015197754,23.49292755126953,12.345489501953125
2008-09-10,89.0015869140625,12.278400421142578,18.62681770324707,12.145358085632324,23.5971622467041,8.357922554016113,17.784086227416992,9.451508522033691,23.39779281616211,12.218255996704102
2008-09-11,90.2892837524414,12.48823070526123,18.89316177368164,12.42336654663086,24.140689849853516,8.495257377624512,17.857746124267578,9.525996208190918,23.49292755126953,12.405128479003906
2008-09-12,90.70653533935547,12.88758659362793,19.530677795410156,12.249613761901855,24.077163696289062,8.534500122070312,17.89457893371582,9.704221725463867,23.712495803833008,12.405128479003906
2008-09-15,86.39025115966797,12.352856636047363,18.034645080566406,11.056506156921387,23.110130310058594,8.122488975524902,17.679723739624023,9.36638355255127,23.053815841674805,11.987650871276855
2008-09-16,87.83619689941406,12.48823070526123,18.796829223632812,11.884729385375977,23.180715560913086,8.275522232055664,17.679723739624023,9.225396156311035,23.017234802246094,12.067169189453125
2008-09-17,83.8868179321289,12.25471305847168,18.402990341186523,10.743753433227539,22.39719581604004,7.8164238929748535,17.047428131103516,8.77849006652832,22.651288986206055,11.590051651000977
2008-09-18,86.3758773803711,12.251327514648438,18.952667236328125,11.589346885681152,22.85601043701172,8.149953842163086,17.157930374145508,9.100370407104492,22.94404411315918,11.8882474899292
2008-09-19,89.80619812011719,13.031953811645508,20.253124237060547,13.086256980895996,23.4990177154541,8.209410667419434,17.12022590637207,9.392890930175781,23.195466995239258,12.049846649169922
2008-09-22,87.77304077148438,12.865139961242676,19.89781379699707,12.016203880310059,22.87446403503418,7.9967942237854,17.027507781982422,9.15941333770752,22.644073486328125,11.555083274841309
2008-09-23,85.77603149414062,12.565549850463867,19.241182327270508,11.981120109558105,22.37056541442871,7.992855072021484,16.798831939697266,9.001077651977539,22.107385635375977,11.391496658325195
2008-09-24,86.05099487304688,12.317031860351562,19.298030853271484,11.84662914276123,22.32087516784668,8.012539863586426,16.76792335510254,9.084268569946289,22.313241958618164,11.351593971252441
2008-09-25,87.39678192138672,12.282992362976074,19.769895553588867,12.17407512664795,22.498306274414062,8.150348663330078,17.18203353881836,9.264076232910156,22.71759796142578,11.555083274841309
2008-09-26,87.44014739990234,11.99701976776123,19.24402618408203,12.507370948791504,22.406049728393555,8.189719200134277,17.12022590637207,9.266759872436523,22.67348861694336,11.670793533325195
2008-09-29,80.58821868896484,11.132316589355469,16.955780029296875,10.858436584472656,21.646642684936523,7.480998992919922,16.477447509765625,8.781015396118164,22.166194915771484,10.892745971679688
2008-09-30,83.92375946044922,11.37061882019043,17.993309020996094,11.630279541015625,21.859556198120117,7.815672874450684,17.058414459228516,8.917879104614258,22.092679977416992,11.13214111328125
2008-10-01,83.97440338134766,11.183375358581543,17.69767951965332,12.0863676071167,21.34145164489746,7.7447991371154785,17.18203353881836,8.880311012268066,22.239723205566406,11.13214111328125
2008-10-02,80.92831420898438,10.379944801330566,16.68857765197754,11.484097480773926,20.063947677612305,7.44162654876709,16.965707778930664,8.751493453979492,22.2764835357666,10.729154586791992
2008-10-03,79.83574676513672,10.277812004089355,16.48960304260254,10.981231689453125,19.744571685791016,7.335314750671387,16.829734802246094,8.61999225616455,21.798603057861328,10.354087829589844
2008-10-06,75.76944732666016,9.77055835723877,15.602724075317383,10.408193588256836,19.226470947265625,6.929764747619629,16.34147834777832,8.198652267456055,20.982532501220703,10.06281852722168
2008-10-07,72.37604522705078,9.266711235046387,14.747119903564453,9.308902740478516,18.587717056274414,6.575403213500977,15.822300910949707,7.863193511962891,20.475248336791992,9.416439056396484
2008-10-08,70.5527114868164,9.566296577453613,15.025691986083984,8.934674263000488,18.3038272857666,6.516342639923096,15.38965892791748,7.726327419281006,20.107648849487305,9.232894897460938
2008-10-09,65.62537384033203,8.953507423400879,12.86251163482666,8.004955291748047,17.260530471801758,6.299787998199463,14.462577819824219,7.205689907073975,18.563735961914062,8.6463623046875
2008-10-10,64.03356170654297,8.742438316345215,12.336644172668457,8.829421997070312,16.706945419311523,6.260413646697998,14.586187362670898,6.913169860839844,17.747665405273438,8.82990550994873
2008-10-13,73.33112335205078,9.971419334411621,14.36906623840332,9.519405364990234,18.495450973510742,6.992759704589844,15.2660493850708,7.7477946281433105,19.88709259033203,9.177033424377441
2008-10-14,72.24578857421875,9.682044982910156,14.38611888885498,10.133374214172363,18.488357543945312,6.756521701812744,15.296951293945312,7.683385848999023,20.291444778442383,9.232894897460938
2008-10-15,65.13333892822266,8.480299949645996,12.308218002319336,9.03408145904541,16.749530792236328,6.248602390289307,14.77159595489502,7.111760139465332,18.306413650512695,8.159584045410156
2008-10-16,67.84661865234375,8.53817367553711,12.777242660522461,9.238733291625977,17.09020233154297,6.575403213500977,14.913753509521484,7.318404674530029,19.262163162231445,8.698232650756836
2008-10-17,67.44147491455078,8.766267776489258,13.058649063110352,8.975605964660645,16.721145629882812,6.512404918670654,15.025005340576172,7.3559770584106445,19.188650131225586,8.873797416687012
2008-10-20,71.49329376220703,9.20883846282959,14.579416275024414,9.420003890991211,17.551523208618164,6.77227258682251,15.148612976074219,7.975907802581787,19.960607528686523,8.921675682067871
2008-10-21,69.35882568359375,8.820738792419434,13.917104721069336,9.13348388671875,17.39537811279297,6.417908668518066,15.006455421447754,7.723641872406006,19.90178871154785,8.821927070617676
2008-10-22,65.58194732666016,8.337318420410156,12.564041137695312,8.560446739196777,16.593385696411133,6.0832319259643555,14.77159595489502,7.396229267120361,19.409210205078125,8.219430923461914
2008-10-23,66.34166717529297,8.146672248840332,13.232046127319336,8.472738265991211,16.63597869873047,6.221039772033691,14.833403587341309,7.573357105255127,18.960739135742188,8.219430923461914
2008-10-24,62.977203369140625,7.796021938323975,12.407709121704102,7.923092365264893,15.677848815917969,5.929675579071045,14.09173583984375,7.372076511383057,18.89457893371582,7.748610019683838
2008-10-27,60.741455078125,7.217278957366943,11.61463737487793,7.706740856170654,15.074569702148438,5.807618141174316,13.733260154724121,7.084925174713135,18.08585548400879,7.632903099060059
2008-10-28,67.83940124511719,8.12624740600586,13.385540008544922,8.917135238647461,16.62177848815918,6.6147780418396,14.6788911819458,7.798783779144287,19.225406646728516,8.37903118133545
2008-10-29,67.3473892211914,8.459875106811523,13.681172370910645,8.367486000061035,16.692745208740234,6.3588480949401855,14.394586563110352,7.549201011657715,19.093074798583984,8.550602912902832
2008-10-30,69.67720794677734,8.725414276123047,14.312207221984863,8.659850120544434,17.296016693115234,6.595088958740234,15.000282287597656,7.970539569854736,19.541547775268555,8.809954643249512
2008-10-31,70.06066131591797,8.824139595031738,14.61068058013916,9.08086109161377,17.870893478393555,6.555715084075928,14.907578468322754,7.758529186248779,19.556251525878906,9.16905689239502
2008-11-03,70.26329803466797,8.783291816711426,14.158716201782227,9.13348388671875,17.565710067749023,6.555715084075928,15.136256217956543,7.839038848876953,19.70328712463379,8.905716896057129
2008-11-04,72.6510009765625,9.195219993591309,15.071168899536133,9.648043632507324,18.332218170166016,6.831333160400391,15.35875129699707,7.986642360687256,19.960607528686523,9.2568359375
2008-11-05,69.59764862060547,8.810527801513672,14.39748764038086,8.765100479125977,17.565710067749023,6.417908668518066,15.086806297302246,7.839038848876953,19.666528701782227,8.746114730834961
2008-11-06,65.7411117553711,8.330509185791016,13.530512809753418,8.162829399108887,16.7424259185791,6.0635457038879395,14.926119804382324,7.471376895904541,19.188650131225586,8.283272743225098
2008-11-07,67.91178131103516,8.466680526733398,14.170088768005371,8.314861297607422,16.912765502929688,6.236789703369141,14.994100570678711,7.798783779144287,19.431264877319336,8.426911354064941
2008-11-10,67.02179718017578,8.470090866088867,14.21840763092041,8.06927490234375,16.91986846923828,6.169853687286377,15.037361145019531,7.610925197601318,19.291580200195312,8.231401443481445
2008-11-11,64.95245361328125,8.133054733276367,13.809083938598633,7.78860330581665,16.5437068939209,6.035984039306641,14.697433471679688,7.610925197601318,18.946027755737305,7.944121837615967
2008-11-12,62.094459533691406,7.615591049194336,12.677745819091797,7.309123992919922,15.755915641784668,5.752493381500244,14.382218360900879,7.358660697937012,18.526968002319336,7.461331844329834
2008-11-13,65.96542358398438,8.235184669494629,14.167243957519531,7.841230392456055,16.600482940673828,6.1107964515686035,14.957019805908203,7.916866779327393,19.519485473632812,8.043869972229004
2008-11-14,62.6733283996582,7.734738826751709,13.578835487365723,7.443612098693848,15.897855758666992,5.831239700317383,14.51201343536377,7.72900915145874,18.776926040649414,7.652850151062012
2008-11-17,61.84122848510742,7.574740886688232,13.297418594360352,6.969982147216797,15.578481674194336,5.66586971282959,14.320413589477539,7.715590000152588,18.453445434570312,7.433396339416504
2008-11-18,63.00612258911133,7.489627838134766,13.669795989990234,6.870577335357666,15.592673301696777,5.744616985321045,14.419305801391602,7.632396221160889,18.578433990478516,7.397489070892334
2008-11-19,58.96878433227539,7.040247440338135,12.961997985839844,6.15136194229126,14.584867477416992,5.425692081451416,14.048470497131348,7.468692302703857,17.828536987304688,6.922680854797363
2008-11-20,54.59132766723633,6.767902374267578,11.358804702758789,5.4906158447265625,14.194522857666016,5.19338846206665,13.560205459594727,7.033936023712158,17.321245193481445,6.515697002410889
2008-11-21,57.53615188598633,6.842796802520752,12.626585006713867,5.660183906555176,14.613252639770508,5.469002723693848,14.2091703414917,7.737061023712158,17.34330940246582,6.962578296661377
2008-11-24,61.522850036621094,7.237703800201416,13.539041519165039,6.519737243652344,15.344273567199707,5.736743927001953,14.388404846191406,7.814884662628174,17.688852310180664,7.509210109710693
2008-11-25,61.978694915771484,7.503243923187256,13.755075454711914,6.899815082550049,15.564289093017578,5.815493106842041,14.46875,7.970539569854736,17.806476593017578,7.604966640472412
2008-11-26,64.37362670898438,7.847089767456055,14.525399208068848,7.221413612365723,16.054000854492188,5.996610641479492,14.654168128967285,7.9437079429626465,18.08585548400879,8.051850318908691
2008-11-28,65.18400573730469,7.881130218505859,14.292315483093262,7.402682304382324,16.401769638061523,6.004483699798584,14.876669883728027,8.083253860473633,18.321115493774414,8.17553997039795
2008-12-01,59.41011428833008,7.213871955871582,12.771559715270996,6.168900966644287,15.0532808303833,5.571374416351318,14.05465316772461,7.546520709991455,17.38006591796875,7.461331844329834
2008-12-02,61.69649887084961,7.4930338859558105,13.203619956970215,6.671769618988037,15.748818397521973,5.768242359161377,14.258613586425781,7.742427825927734,17.828536987304688,7.80845832824707
2008-12-03,63.17975616455078,7.479413986206055,13.212149620056152,7.01676082611084,16.018510818481445,5.933612823486328,14.43166732788086,7.876608848571777,18.25494956970215,8.087759971618652
2008-12-04,61.718238830566406,7.329623699188232,12.296846389770508,6.940743923187256,15.699130058288574,5.693431854248047,14.246248245239258,7.592141628265381,17.909406661987305,8.17553997039795
2008-12-05,63.62113952636719,7.465798854827881,12.552674293518066,7.490390777587891,16.082386016845703,5.9178619384765625,14.647995948791504,7.640446662902832,18.519622802734375,8.414939880371094
2008-12-08,65.84244537353516,8.027520179748535,13.109817504882812,7.993260383605957,16.50112533569336,6.193478584289551,14.734516143798828,7.763897895812988,18.666656494140625,8.730151176452637
2008-12-09,64.75711059570312,7.942410469055176,13.24057674407959,7.671662330627441,16.210142135620117,6.154104709625244,14.450204849243164,7.653864860534668,18.372575759887695,8.554593086242676
2008-12-10,65.198486328125,8.187521934509277,13.925623893737793,7.537171363830566,16.472734451293945,6.102919578552246,14.444028854370117,7.769266128540039,18.321115493774414,8.754098892211914
2008-12-11,63.62837600708008,7.833467960357666,13.860248565673828,6.958284378051758,15.763007164001465,5.972986698150635,14.283331871032715,7.707537651062012,18.431400299072266,8.383023262023926
2008-12-12,64.38809967041016,7.864111423492432,13.72380542755127,7.092774391174316,15.805596351623535,6.043860912322998,14.30187702178955,7.755843162536621,18.46815299987793,8.35508918762207
2008-12-15,63.49088668823242,7.847089767456055,13.64421558380127,6.80040979385376,15.798493385314941,5.97692346572876,14.289519309997559,7.635080337524414,18.431400299072266,8.327164649963379
2008-12-16,66.47915649414062,8.327104568481445,14.067757606506348,7.5605549812316895,16.579195022583008,6.287974834442139,14.623260498046875,7.895395755767822,19.159242630004883,8.770051956176758
2008-12-17,65.835205078125,8.333911895751953,13.976786613464355,7.490390777587891,16.586294174194336,6.1659159660339355,14.549097061157227,7.656551361083984,19.04161262512207,8.81793212890625
2008-12-18,64.60517883300781,8.013899803161621,13.163820266723633,7.274040222167969,16.004314422607422,5.992671489715576,14.59854507446289,7.720961093902588,19.181297302246094,8.570552825927734
2008-12-19,64.32723999023438,7.849539279937744,13.143539428710938,7.2580156326293945,16.18132209777832,6.044528484344482,14.480112075805664,7.766884803771973,19.29816436767578,8.535176277160645
2008-12-22,63.50299835205078,7.563533306121826,12.752087593078613,7.00283145904541,15.93050479888916,5.961402416229248,14.517511367797852,7.663618564605713,19.16502571105957,8.306021690368652
2008-12-23,62.8465690612793,7.535969257354736,12.780662536621094,6.836659908294678,15.880340576171875,5.878275394439697,14.39907169342041,7.576656341552734,19.17241668701172,8.217567443847656
2008-12-24,63.211265563964844,7.542860507965088,12.732095718383789,6.985026836395264,15.98066520690918,5.917858123779297,14.5237398147583,7.614699363708496,19.105852127075195,8.277873992919922
2008-12-26,63.575927734375,7.6358962059021,12.903521537780762,6.990960121154785,16.102493286132812,5.90994119644165,14.536211013793945,7.6310038566589355,19.120641708374023,8.370339393615723
2008-12-29,63.393611907958984,7.49806022644043,13.18639850616455,6.931613922119141,15.801506996154785,5.913898944854736,14.505040168762207,7.647311210632324,19.09105682373047,8.209525108337402
2008-12-30,64.89620208740234,7.701368808746338,13.506412506103516,7.198671817779541,16.389144897460938,6.0247344970703125,14.735679626464844,7.764166831970215,19.46088981628418,8.519091606140137
2008-12-31,65.82255554199219,7.83575439453125,13.649275779724121,7.430125713348389,16.783279418945312,6.099945545196533,14.879044532775879,7.8891754150390625,19.63841438293457,8.671867370605469
2009-01-02,67.80656433105469,8.121756553649902,14.329315185546875,7.513206481933594,17.399578094482422,6.329533576965332,15.090982437133789,8.073974609375,20.037843704223633,9.106062889099121
2009-01-05,67.726318359375,8.138984680175781,14.666472434997559,7.388576984405518,17.2634220123291,6.309743404388428,15.153314590454102,8.188111305236816,19.941688537597656,9.065855979919434
2009-01-06,68.1785888671875,8.321609497070312,14.826481819152832,7.507270336151123,17.64323616027832,6.456205368041992,14.928913116455078,8.07125473022461,19.616233825683594,9.218631744384766
2009-01-07,66.1362075805664,8.128645896911621,14.197875022888184,7.115591049194336,16.854948043823242,6.250364780426025,14.779309272766113,8.00603199005127,19.43870735168457,8.852782249450684
2009-01-08,66.40607452392578,8.24235725402832,14.380743980407715,7.085916519165039,17.0197696685791,6.293910026550293,14.586081504821777,7.965269565582275,19.549657821655273,8.90504264831543
2009-01-09,64.98372650146484,8.042508125305176,13.897863388061523,6.860398769378662,16.647123336791992,6.1553635597229,14.336740493774414,7.9027628898620605,19.342546463012695,8.631662368774414
2009-01-12,63.42280197143555,7.708261966705322,13.349258422851562,6.498390197753906,16.281648635864258,6.044528484344482,14.342976570129395,7.905483722686768,19.09105682373047,8.426624298095703
2009-01-13,63.53949737548828,7.7496113777160645,13.683563232421875,6.587408542633057,16.002174377441406,6.016819477081299,14.430242538452148,7.756016254425049,19.253787994384766,8.318074226379395
2009-01-14,61.54092025756836,7.460161209106445,13.029239654541016,6.20759391784668,15.407368659973145,5.834731101989746,14.112339973449707,7.6608967781066895,18.98011016845703,7.992428779602051
2009-01-15,61.56276321411133,7.68069314956665,13.192113876342773,5.922733306884766,15.55069351196289,5.874314308166504,14.174677848815918,7.701663494110107,19.113245010375977,8.189425468444824
2009-01-16,62.04418182373047,7.766837120056152,13.29782772064209,5.744692325592041,15.636686325073242,5.913898944854736,14.305573463439941,7.853846549987793,19.27597427368164,8.285914421081543
2009-01-20,58.76911926269531,7.329220771789551,12.589227676391602,4.795160293579102,14.912896156311035,5.6724371910095215,14.137274742126465,7.717966079711914,18.80997657775879,7.7994513511657715
2009-01-21,61.30746078491211,7.587655544281006,13.434978485107422,5.501376628875732,15.29271125793457,5.945568561553955,14.20584487915039,7.804928779602051,19.20940399169922,8.036654472351074
2009-01-22,60.3592414855957,7.470495700836182,13.066390991210938,5.163104057312012,15.242551803588867,5.810979843139648,14.193371772766113,7.802213191986084,19.29076385498047,7.936142921447754
2009-01-23,60.6218376159668,7.584209442138672,13.44640827178955,5.335207462310791,14.783905029296875,5.894106388092041,14.056239128112793,7.818521499633789,19.29076385498047,7.912023067474365
2009-01-26,61.03757095336914,7.494617938995361,13.694997787475586,5.240253925323486,14.955900192260742,5.965360641479492,14.14974308013916,8.00603199005127,19.187206268310547,7.968308448791504
2009-01-27,61.65761947631836,7.549749374389648,13.717849731445312,5.424224376678467,15.228216171264648,6.000985145568848,14.224543571472168,8.044083595275879,19.586627960205078,7.944185733795166
2009-01-28,63.74372863769531,7.7633957862854,14.092155456542969,6.118575572967529,15.665358543395996,6.171198844909668,14.367908477783203,8.095710754394531,19.889911651611328,8.281892776489258
2009-01-29,61.67216873168945,7.553201198577881,13.59499454498291,5.637870788574219,15.092053413391113,5.989110946655273,14.24323844909668,8.035926818847656,19.608842849731445,7.948209762573242
2009-01-30,60.41757583618164,7.256858825683594,13.406407356262207,5.483572483062744,14.76957893371582,5.810979843139648,13.806904792785645,7.8755903244018555,19.401723861694336,7.751208305358887
2009-02-02,60.2352294921875,7.1534833908081055,13.192113876342773,5.483572483062744,14.432767868041992,5.902024745941162,13.688470840454102,7.91907262802124,19.5274658203125,7.678840637207031
2009-02-03,61.081336975097656,7.291316509246826,13.420698165893555,5.382684230804443,14.697916030883789,6.020777702331543,13.987676620483398,7.954399108886719,20.03044319152832,7.8959431648254395
2009-02-04,60.782291412353516,7.380906105041504,13.546420097351074,5.323338031768799,14.619083404541016,6.016819477081299,13.60743522644043,8.014184951782227,19.941688537597656,7.723067760467529
2009-02-05,61.686790466308594,7.577314853668213,13.877867698669434,5.406422138214111,14.791077613830566,6.111821174621582,13.800671577453613,8.07125473022461,20.111812591552734,7.867794513702393
2009-02-06,63.44464111328125,7.804740905761719,14.135017395019531,5.8099751472473145,15.149378776550293,6.321618556976318,14.037548065185547,8.122886657714844,20.27454376220703,8.092936515808105
2009-02-09,63.53218460083008,7.77717399597168,14.186452865600586,5.875255584716797,15.436038970947266,6.3374528884887695,13.900410652160645,8.076691627502441,20.21536636352539,8.068816184997559
2009-02-10,60.6218376159668,7.4291486740112305,13.526412010192871,5.275861740112305,14.62625789642334,6.080153942108154,13.451600074768066,7.848410606384277,19.54226303100586,7.686882972717285
2009-02-11,60.97921371459961,7.4291486740112305,13.37212085723877,5.531050205230713,14.740913391113281,6.092029571533203,13.526408195495605,7.823957443237305,19.786354064941406,7.747185707092285
2009-02-12,61.02302169799805,7.553201198577881,13.394979476928711,5.45983362197876,14.576089859008789,6.119738578796387,13.651073455810547,7.756016254425049,20.015649795532227,7.759249210357666
2009-02-13,60.36654281616211,7.439486503601074,13.426409721374512,5.252123832702637,14.576089859008789,6.092029571533203,13.439133644104004,7.709814071655273,19.712383270263672,7.634615898132324
2009-02-17,57.78439712524414,7.11558198928833,12.49778938293457,4.7298784255981445,13.837972640991211,5.838690757751465,13.245905876159668,7.375550746917725,19.372135162353516,7.345151901245117
2009-02-18,57.645809173583984,7.074234485626221,12.42635726928711,4.7298784255981445,13.859465599060059,5.84264612197876,13.314471244812012,7.264130592346191,19.364744186401367,7.296907424926758
2009-02-19,57.02580261230469,7.001870632171631,12.429210662841797,4.480623722076416,13.551319122314453,5.700143337249756,13.482776641845703,7.296741485595703,19.327756881713867,7.220526695251465
2009-02-20,56.47144317626953,7.05700159072876,12.109204292297363,4.41534423828125,13.343502044677734,5.755563259124756,13.277068138122559,7.1309685707092285,19.12804412841797,7.1722822189331055
2009-02-23,54.450958251953125,6.629723072052002,11.543451309204102,4.261043548583984,12.827534675598145,5.490347862243652,12.934236526489258,6.959759712219238,18.750804901123047,7.0114665031433105
2009-02-24,56.51522445678711,6.8399152755737305,12.086336135864258,4.7773542404174805,13.107008934020996,5.636809349060059,13.18356990814209,7.160864353179932,19.02448844909668,7.317008972167969
2009-02-25,56.070255279541016,6.736542701721191,12.014907836914062,4.747680187225342,12.791695594787598,5.6882710456848145,13.058899879455566,7.114664077758789,18.639848709106445,7.248664379119873
2009-02-26,55.158512115478516,6.743435859680176,12.043484687805176,4.824831008911133,12.56954574584961,5.628892421722412,12.772164344787598,6.997806072235107,17.707866668701172,7.095895290374756
2009-02-27,53.92578125,6.674520015716553,11.752041816711426,4.5102972984313965,12.25423812866211,5.589305877685547,12.691130638122559,6.889105319976807,16.997777938842773,7.04764986038208
2009-03-02,51.496829986572266,6.230010032653809,10.891985893249512,4.225437164306641,11.451621055603027,5.454721927642822,12.448033332824707,6.671695709228516,16.26548957824707,6.7823076248168945
2009-03-03,51.1102180480957,6.254129886627197,10.946277618408203,4.1423516273498535,11.365622520446777,5.403262615203857,12.298431396484375,6.432546138763428,16.228504180908203,6.730045318603516
2009-03-04,52.321075439453125,6.471214771270752,11.469161987304688,4.088939666748047,11.680938720703125,5.545766353607178,12.535298347473145,6.4923319816589355,16.694503784179688,6.878795623779297
2009-03-05,50.183868408203125,6.261021137237549,10.963421821594238,3.703191041946411,11.229463577270508,5.375553131103516,12.248564720153809,6.30753755569458,16.250696182250977,6.557169437408447
2009-03-06,50.271385192871094,6.34027624130249,11.083430290222168,3.6675848960876465,11.107644081115723,5.403262615203857,12.285959243774414,6.299382209777832,16.487396240234375,6.561189651489258
2009-03-09,49.68057632446289,6.264466762542725,11.103434562683105,3.7150630950927734,11.007315635681152,5.2330498695373535,12.098962783813477,6.179811954498291,16.184123992919922,6.476761341094971
2009-03-10,52.64201736450195,6.61249303817749,11.6663179397583,4.266978740692139,11.838594436645508,5.533889293670654,12.323365211486816,6.261337757110596,16.768470764160156,6.87477445602417
2009-03-11,52.984832763671875,6.812348365783691,11.617745399475098,4.379736423492432,11.953250885009766,5.6566009521484375,12.310896873474121,6.2504658699035645,16.465200424194336,6.983321189880371
2009-03-12,55.070960998535156,6.981194496154785,11.96633529663086,4.830766677856445,12.340225219726562,5.818897247314453,12.628799438476562,6.331996917724609,17.27145767211914,7.240628242492676
2009-03-13,55.50129699707031,7.012208461761475,11.857756614685059,4.860439300537109,12.361725807189941,5.818897247314453,12.815803527832031,6.418959140777588,17.848403930664062,7.325053691864014
2009-03-16,55.33354568481445,7.122473239898682,12.009190559387207,4.765484809875488,12.497884750366211,5.767437934875488,13.015265464782715,6.5928874015808105,17.656082153320312,7.15217924118042
2009-03-17,57.02580261230469,7.1844987869262695,12.423500061035156,5.074085712432861,12.863364219665527,5.977234840393066,13.258367538452148,6.696152687072754,17.929765701293945,7.49793004989624
2009-03-18,58.30229187011719,7.394691467285156,12.54921817779541,5.584460735321045,13.107008934020996,6.060360908508301,13.189804077148438,6.913563251495361,17.9593505859375,7.735126495361328
2009-03-19,57.58015441894531,7.4636077880859375,12.852092742919922,5.13936710357666,12.978022575378418,6.076196670532227,13.021499633789062,7.014110088348389,17.52294921875,7.650699138641357
2009-03-20,56.35403823852539,7.332213878631592,12.349502563476562,4.879220962524414,12.58224868774414,5.9834980964660645,12.897970199584961,6.965206623077393,17.52740478515625,7.4979143142700195
2009-03-23,60.40188217163086,7.765564441680908,13.36617374420166,5.68243408203125,13.493900299072266,6.337575912475586,13.462297439575195,7.234470844268799,18.16747283935547,8.02741527557373
2009-03-24,59.21178436279297,7.734360218048096,13.113439559936523,5.406705856323242,13.385367393493652,6.234137058258057,13.399602890014648,7.077856063842773,17.9293155670166,7.922322750091553
2009-03-25,59.83621597290039,7.803699016571045,13.050257682800293,5.586527347564697,13.493900299072266,6.269942283630371,13.53127384185791,7.075109004974365,18.04839324951172,7.978909492492676
2009-03-26,61.05571746826172,8.115708351135254,13.162263870239258,5.652462959289551,14.21743392944336,6.4330573081970215,13.681764602661133,7.160285472869873,18.249343872070312,8.346733093261719
2009-03-27,59.953773498535156,7.938899993896484,12.771678924560547,5.478634357452393,13.949729919433594,6.2938127517700195,13.550093650817871,7.088844299316406,18.055835723876953,8.124422073364258
2009-03-30,57.882080078125,7.6650285720825195,12.29780101776123,5.005097389221191,13.255134582519531,6.098872184753418,13.255387306213379,6.9487199783325195,17.951642990112305,7.881903648376465
2009-03-31,58.41837692260742,7.699694633483887,12.19441032409668,5.280828475952148,13.33471965789795,6.214244365692139,13.230299949645996,7.020157337188721,18.01861572265625,7.942532539367676
2009-04-01,59.54970932006836,7.855703353881836,12.452886581420898,5.430680274963379,13.631372451782227,6.3892951011657715,13.456033706665039,7.0476298332214355,18.011180877685547,8.088045120239258
2009-04-02,61.29082489013672,8.150370597839355,12.964097023010254,5.580533981323242,14.362141609191895,6.556388854980469,13.738198280334473,7.138300895690918,18.085603713989258,8.53266429901123
2009-04-03,61.90058517456055,8.254377365112305,13.216833114624023,5.8083109855651855,14.37661361694336,6.647889614105225,13.681764602661133,7.185013294219971,17.787900924682617,8.645841598510742
2009-04-06,61.41572189331055,8.108769416809082,12.949743270874023,5.652462959289551,14.412790298461914,6.580256938934326,13.71938419342041,7.124568462371826,17.959081649780273,8.524579048156738
2009-04-07,59.98314666748047,7.831427574157715,12.562023162841797,5.4846272468566895,14.000371932983398,6.397251129150391,13.468570709228516,7.091594219207764,17.758121490478516,8.273977279663086
2009-04-08,60.629642486572266,7.921566486358643,12.722854614257812,5.514597415924072,14.123379707336426,6.492732048034668,13.581433296203613,7.160285472869873,17.877220153808594,8.50840950012207
2009-04-09,63.03925704956055,8.264774322509766,13.096205711364746,6.371758460998535,14.817967414855957,6.655846118927002,13.587706565856934,7.16303014755249,17.959081649780273,8.856023788452148
2009-04-13,63.053924560546875,8.372245788574219,12.95261001586914,6.641493320465088,14.8613862991333,6.655846118927002,13.550093650817871,7.069612979888916,18.10049057006836,8.860065460205078
2009-04-14,61.9666633605957,8.2162446975708,12.9181489944458,6.20392370223999,14.644322395324707,6.584236145019531,13.361980438232422,6.97894287109375,18.01861572265625,8.662008285522461
2009-04-15,62.627845764160156,8.410383224487305,12.935381889343262,6.503629207611084,14.781793594360352,6.5643439292907715,13.600248336791992,7.044881820678711,18.122825622558594,8.690302848815918
2009-04-16,63.546138763427734,8.413847923278809,12.995692253112793,6.575558185577393,15.281034469604492,6.759283542633057,13.782085418701172,7.094344139099121,18.204692840576172,8.993452072143555
2009-04-17,63.97223663330078,8.476252555847168,13.147905349731445,6.659477233886719,15.273792266845703,6.747352600097656,13.851058006286621,7.0833516120910645,18.4130802154541,9.10258674621582
2009-04-20,61.29082489013672,8.084506034851074,12.510326385498047,5.916204929351807,14.600910186767578,6.53251838684082,13.581433296203613,7.003671646118164,18.055835723876953,8.754976272583008
2009-04-21,62.48830795288086,8.247443199157715,12.757320404052734,6.353774547576904,14.955442428588867,6.643910884857178,13.71938419342041,7.028397083282471,17.884654998779297,8.900487899780273
2009-04-22,62.106258392333984,8.285576820373535,12.622337341308594,6.1259989738464355,15.186968803405762,6.67573881149292,13.537549018859863,6.954211235046387,17.691150665283203,8.989411354064941
2009-04-23,62.71600341796875,8.306376457214355,12.857840538024902,6.413716793060303,15.353378295898438,6.707564830780029,13.537549018859863,6.97894287109375,17.706031799316406,8.989411354064941
2009-04-24,63.6636848449707,8.701591491699219,13.231194496154785,6.5575761795043945,15.67174243927002,6.803049087524414,13.481109619140625,6.967948913574219,17.68370819091797,9.211719512939453
2009-04-27,63.06132125854492,8.510916709899902,12.981328964233398,6.449680328369141,15.360621452331543,6.771221160888672,13.56263256072998,7.01740837097168,17.877220153808594,9.090461730957031
2009-04-28,62.8629264831543,8.465847969055176,13.010051727294922,6.251874923706055,15.179734230041504,6.767241477966309,13.625327110290527,7.044881820678711,17.94420051574707,9.090461730957031
2009-04-29,64.19996643066406,8.656521797180176,13.369050979614258,6.52161169052124,15.686206817626953,6.842831134796143,13.851058006286621,7.097089767456055,18.011180877685547,9.256185531616211
2009-04-30,64.22200775146484,8.89919376373291,13.147905349731445,6.431697845458984,15.744087219238281,6.862721920013428,13.79463005065918,7.102585792541504,17.996292114257812,9.41382122039795
2009-05-01,64.56726837158203,8.919997215270996,13.572958946228027,6.383747577667236,15.917741775512695,6.954225540161133,13.851058006286621,7.2894206047058105,17.96651840209961,9.369362831115723
2009-05-04,66.76384735107422,9.422682762145996,14.115760803222656,7.031111717224121,16.438678741455078,7.081535339355469,14.064247131347656,7.399330139160156,18.264230728149414,9.672508239746094
2009-05-05,66.53609466552734,9.36721134185791,13.926212310791016,6.92921257019043,16.489328384399414,7.037773132324219,13.945116996765137,7.385587215423584,18.472623825073242,9.66846752166748
2009-05-06,67.68949127197266,9.40534496307373,14.466139793395996,7.480673313140869,16.74979591369629,7.0775532722473145,14.032898902893066,7.341630935668945,18.360986709594727,9.769515991210938
2009-05-07,66.74917602539062,9.096802711486816,14.279464721679688,7.264883041381836,16.409744262695312,6.807024955749512,14.089333534240723,7.380092144012451,18.733112335205078,9.555288314819336
2009-05-08,68.30661010742188,9.290940284729004,14.888325691223145,7.804357528686523,17.01027488708496,6.799068927764893,14.271164894104004,7.4872517585754395,19.045705795288086,9.696759223937988
2009-05-11,67.02833557128906,9.155738830566406,14.434556007385254,7.348801136016846,16.503803253173828,6.818958759307861,14.202193260192871,7.454279899597168,18.71823501586914,9.52700138092041
2009-05-12,66.82997131347656,9.245871543884277,14.526459693908691,7.192953586578369,16.322919845581055,6.783153057098389,14.371496200561523,7.50648307800293,19.02337646484375,9.32490062713623
2009-05-13,65.14766693115234,8.847200393676758,14.046839714050293,6.8273138999938965,15.650028228759766,6.612085342407227,14.108139991760254,7.305908203125,18.97872543334961,8.997499465942383
2009-05-14,65.70597076416016,8.92346477508545,14.087040901184082,7.055088996887207,15.765798568725586,6.683696746826172,14.158307075500488,7.300413131713867,19.00104331970215,9.009621620178223
2009-05-15,65.1697006225586,8.95466423034668,13.785489082336426,6.911229610443115,15.773032188415527,6.683696746826172,14.026636123657227,7.127312660217285,18.852195739746094,8.944950103759766
2009-05-18,67.0210189819336,9.211202621459961,14.262236595153809,7.366784572601318,16.35185432434082,6.866701126098633,14.321335792541504,7.127312660217285,19.038267135620117,9.385525703430176
2009-05-19,66.94020080566406,9.31867504119873,14.33116340637207,7.216929912567139,16.228862762451172,6.9064860343933105,14.402847290039062,7.256449222564697,18.8968505859375,9.349148750305176
2009-05-20,66.49208068847656,9.360273361206055,14.379988670349121,7.025118827819824,16.243330001831055,6.834874153137207,14.421652793884277,7.124568462371826,18.971282958984375,9.248100280761719
2009-05-21,65.53703308105469,9.152270317077637,13.954933166503906,7.037106990814209,15.751321792602539,6.715522289276123,14.289986610412598,7.039389610290527,18.800086975097656,9.029830932617188
2009-05-22,65.3974380493164,9.117602348327637,13.960676193237305,6.989154815673828,15.693445205688477,6.739394187927246,14.377768516540527,7.097089767456055,18.822420120239258,9.126839637756348
2009-05-26,67.07242584228516,9.336012840270996,14.256488800048828,7.216929912567139,16.265031814575195,6.914440631866455,14.55960750579834,7.303163051605225,18.993608474731445,9.434029579162598
2009-05-27,65.87493133544922,8.985862731933594,14.101408004760742,7.001138687133789,15.736852645874023,6.846807479858398,14.189653396606445,7.15479040145874,18.800086975097656,9.227890968322754
2009-05-28,66.79324340820312,9.145337104797363,14.569526672363281,7.198946475982666,15.888797760009766,6.94627046585083,14.340144157409668,7.303163051605225,18.8968505859375,9.191509246826172
2009-05-29,67.97602081298828,9.419209480285645,14.842376708984375,7.330814838409424,16.272268295288086,7.021859169006348,14.496903419494629,7.355363845825195,19.22433090209961,9.345108985900879
2009-06-01,69.62164306640625,9.706955909729004,15.388049125671387,7.4087419509887695,17.024751663208008,7.220781326293945,14.785335540771484,7.5916619300842285,19.35085678100586,9.793771743774414
2009-06-02,69.68036651611328,9.804019927978516,15.347845077514648,7.288860321044922,17.053686141967773,7.204863548278809,14.935822486877441,7.500990867614746,19.469942092895508,9.87460994720459
2009-06-03,68.79881286621094,9.467748641967773,14.756213188171387,7.192953586578369,16.720853805541992,7.125295639038086,14.860581398010254,7.374597072601318,19.42527961730957,9.745265007019043
2009-06-04,69.44530487060547,9.686152458190918,15.08936595916748,7.45070219039917,17.024751663208008,7.224756240844727,14.885658264160156,7.443289756774902,19.15733528137207,9.765472412109375
2009-06-05,69.4599838256836,9.54748249053955,14.965868949890137,7.384764671325684,17.169456481933594,7.296367168426514,14.81041431427002,7.451531410217285,19.19455337524414,9.704843521118164
2009-06-08,69.17347717285156,9.498947143554688,14.931410789489746,7.438713073730469,17.212858200073242,7.252603530883789,14.866847038269043,7.404824256896973,18.986169815063477,9.793771743774414
2009-06-09,69.52611541748047,9.668817520141602,15.077872276306152,7.492659568786621,17.176687240600586,7.284432888031006,14.735170364379883,7.385587215423584,18.889415740966797,9.85035514831543
2009-06-10,69.34976959228516,9.67922306060791,15.212858200073242,7.378769874572754,17.06815528869629,7.304323196411133,14.572136878967285,7.500990867614746,18.807538986206055,9.704843521118164
2009-06-11,69.65835571289062,9.814423561096191,15.517290115356445,7.438713073730469,17.03921127319336,7.332171440124512,14.634852409362793,7.646614074707031,19.008485794067383,9.656339645385742
2009-06-12,69.84935760498047,9.713887214660645,15.36794376373291,7.48666524887085,17.06815528869629,7.312282085418701,14.747706413269043,7.742778778076172,19.075481414794922,9.644214630126953
2009-06-15,68.247802734375,9.388011932373047,14.960124015808105,7.294853687286377,16.547212600708008,7.236690044403076,14.390302658081055,7.586165904998779,18.487504959106445,9.450200080871582
2009-06-16,67.32221221923828,9.134937286376953,14.641337394714355,7.168979644775391,16.243330001831055,7.145186424255371,14.202193260192871,7.533960342407227,18.561931610107422,9.211719512939453
2009-06-17,67.25607299804688,9.03093433380127,14.402960777282715,6.959181785583496,16.120323181152344,7.184974193572998,14.346410751342773,7.555943012237549,18.986169815063477,9.341062545776367
2009-06-18,67.748291015625,9.107203483581543,14.348396301269531,7.127020359039307,16.134796142578125,7.153147220611572,14.609762191772461,7.726294994354248,19.35085678100586,9.31276798248291
2009-06-19,67.99797821044922,9.085943222045898,14.205208778381348,7.254148006439209,16.169763565063477,7.241467475891113,14.462554931640625,7.633751392364502,19.507932662963867,9.389083862304688
2009-06-22,65.95895385742188,8.625890731811523,13.495100975036621,6.832395076751709,15.630766868591309,7.0616254806518555,14.40568733215332,7.6115241050720215,19.156375885009766,9.10899543762207
2009-06-23,66.01068115234375,8.737420082092285,13.57592487335205,6.91071891784668,15.485093116760254,7.065624237060547,14.317225456237793,7.544828414916992,19.096529006958008,9.015631675720215
2009-06-24,66.57952117919922,8.824549674987793,13.630767822265625,6.9950690269470215,15.587065696716309,7.165536880493164,14.355141639709473,7.608739376068115,19.193777084350586,9.068402290344238
2009-06-25,68.02753448486328,9.012754440307617,13.916545867919922,7.14569616317749,16.067787170410156,7.269439220428467,14.601547241210938,7.736576080322266,19.724857330322266,9.385026931762695
2009-06-26,67.85022735595703,8.998811721801758,13.824172019958496,7.181847095489502,16.00223731994629,7.257450580596924,14.551003456115723,7.70878791809082,19.724857330322266,9.320077896118164
2009-06-29,68.48556518554688,9.078972816467285,13.954071044921875,7.272223472595215,16.16246795654297,7.333380699157715,14.63945484161377,7.808824062347412,19.84453582763672,9.437795639038086
2009-06-30,67.93147277832031,8.991844177246094,13.870366096496582,7.19992208480835,15.994953155517578,7.277431488037109,14.525733947753906,7.7504730224609375,19.679977416992188,9.368788719177246
2009-07-01,68.21223449707031,9.012754440307617,13.881908416748047,7.157745838165283,16.060508728027344,7.309406757354736,14.772139549255371,7.8505096435546875,19.73233985900879,9.42967700958252
2009-07-02,66.35052490234375,8.765301704406738,13.324782371520996,6.91071891784668,15.55793571472168,7.125570774078369,14.462554931640625,7.6254191398620605,19.261096954345703,9.048105239868164
2009-07-06,66.3431167602539,8.695598602294922,13.189115524291992,6.916744232177734,15.565214157104492,7.105588436126709,14.75951099395752,7.669881343841553,19.410694122314453,9.092757225036621
2009-07-07,65.05760192871094,8.448152542114258,12.851370811462402,6.808294773101807,15.0335054397583,6.929746150970459,14.576276779174805,7.517037868499756,19.335891723632812,8.849204063415527
2009-07-08,65.0132827758789,8.455120086669922,12.854254722595215,6.69381856918335,14.97523021697998,6.933744430541992,14.63945484161377,7.483695030212402,19.51541519165039,8.922266006469727
2009-07-09,65.13887023925781,8.521341323852539,12.987043380737305,6.778167724609375,15.113624572753906,6.977704048156738,14.5320463180542,7.486471652984619,19.268577575683594,8.98721694946289
2009-07-10,64.9837417602539,8.472543716430664,12.894679069519043,6.687792778015137,15.091778755187988,7.005678653717041,14.462554931640625,7.478133201599121,19.17881202697754,8.970976829528809
2009-07-13,66.56472778320312,8.730449676513672,13.090968132019043,7.115573406219482,15.477807998657227,7.13755989074707,14.721595764160156,7.608739376068115,19.51541519165039,9.117116928100586
2009-07-14,66.94153594970703,8.796672821044922,13.267049789428711,7.085447311401367,15.703611373901367,7.145551681518555,14.765830039978027,7.6671061515808105,19.605178833007812,9.259185791015625
2009-07-15,68.89928436279297,9.141704559326172,13.737574577331543,7.386695861816406,16.191621780395508,7.413308620452881,15.005919456481934,7.819942474365234,19.7772216796875,9.514921188354492
2009-07-16,68.78851318359375,9.228835105895996,13.905000686645508,7.3626017570495605,16.490249633789062,7.521209239959717,15.107016563415527,7.82272481918335,19.904367446899414,9.63263988494873
2009-07-17,69.54205322265625,9.27414321899414,13.985830307006836,7.31439733505249,16.30086898803711,7.593146324157715,15.119647979736328,7.78659725189209,19.84453582763672,9.648879051208496
2009-07-20,70.2808609008789,9.47280502319336,14.225419998168945,7.374647617340088,16.628633499145508,7.661087512969971,15.163874626159668,7.844956398010254,19.889415740966797,9.851840019226074
2009-07-21,70.60589599609375,9.584327697753906,14.349547386169434,7.308371543884277,16.635915756225586,7.70504903793335,15.144923210144043,7.922766208648682,20.18114471435547,9.851840019226074
2009-07-22,70.59111022949219,9.612210273742676,14.219651222229004,7.31439733505249,16.686908721923828,7.74901008605957,15.151246070861816,7.881077766418457,20.10633659362793,9.92085075378418
2009-07-23,72.14997100830078,9.939820289611816,14.623779296875,7.52527379989624,17.036521911621094,7.900871753692627,15.359748840332031,8.086723327636719,20.5102596282959,10.152228355407715
2009-07-24,72.44548797607422,10.019983291625977,14.776771545410156,7.48309850692749,17.05109214782715,7.852916717529297,15.498753547668457,8.214552879333496,20.869304656982422,10.144109725952148
2009-07-27,72.65972137451172,10.04089069366455,14.82583999633789,7.603598594665527,17.145769119262695,7.852916717529297,15.441887855529785,8.195100784301758,20.854339599609375,10.18470287322998
2009-07-28,72.31989288330078,9.957243919372559,14.609345436096191,7.5855255126953125,17.131200790405273,7.868898868560791,15.460837364196777,8.0617094039917,20.996461868286133,10.152228355407715
2009-07-29,72.142578125,9.748132705688477,14.271601676940918,7.5855255126953125,17.05109214782715,7.860901355743408,15.54298210144043,8.022807121276855,20.981502532958984,10.09945297241211
2009-07-30,72.89614868164062,10.044374465942383,14.470784187316895,7.760248184204102,17.32786750793457,7.900871753692627,15.524023056030273,8.145075798034668,21.011423110961914,10.257767677307129
2009-07-31,72.99956512451172,10.148932456970215,14.612232208251953,7.838577747344971,17.39341926574707,7.872896194458008,15.492429733276367,8.042256355285645,20.84685516357422,10.257767677307129
2009-08-03,74.2037582397461,10.507909774780273,14.987500190734863,8.037402153015137,17.77216911315918,7.980795860290527,15.511381149291992,8.122845649719238,20.974016189575195,10.46884822845459
2009-08-04,74.3958740234375,10.469573974609375,14.961518287658691,8.200077056884766,17.903270721435547,7.956820487976074,15.536649703979492,8.003352165222168,21.02638816833496,10.513498306274414
2009-08-05,74.181640625,10.553215980529785,14.81141471862793,8.483254432678223,17.75760841369629,7.884882926940918,15.435562133789062,7.947772979736328,20.727176666259766,10.424198150634766
2009-08-06,73.79747772216797,10.466087341308594,14.690168380737305,8.423006057739258,17.852298736572266,7.828932762145996,15.27761173248291,7.961669921875,20.577577590942383,10.416078567504883
2009-08-07,74.76526641845703,10.52881908416748,14.672855377197266,8.645931243896484,18.296598434448242,7.9088664054870605,15.340785026550293,8.036700248718262,20.667335510253906,10.757058143615723
2009-08-10,74.61012268066406,10.38940715789795,14.736360549926758,8.609782218933105,18.121789932250977,7.872896194458008,15.35342788696289,8.053373336791992,20.83190155029297,10.659635543823242
2009-08-11,73.67925262451172,10.365013122558594,14.522751808166504,8.290452003479004,17.881420135498047,7.760998725891113,15.35342788696289,8.058937072753906,20.801982879638672,10.545975685119629
2009-08-12,74.46977996826172,10.459112167358398,14.678633689880371,8.459157943725586,18.19462013244629,7.916851997375488,15.347112655639648,8.097837448120117,20.914182662963867,10.623103141784668
2009-08-13,75.03865814208984,10.650798797607422,14.857595443725586,8.633881568908691,18.274744033813477,7.952821254730225,15.435562133789062,8.070049285888672,20.891740798950195,10.65151309967041
2009-08-14,74.46238708496094,10.382441520690918,14.638212203979492,8.57965087890625,18.012537002563477,7.876894950866699,15.416604042053223,8.070049285888672,20.891740798950195,10.505386352539062
2009-08-17,72.63018035888672,9.988612174987793,14.164802551269531,8.218154907226562,17.480825424194336,7.689060211181641,15.258659362792969,7.958893299102783,20.809457778930664,10.172520637512207
2009-08-18,73.20646667480469,10.138476371765137,14.306251525878906,8.386852264404297,17.692045211791992,7.804963111877441,15.283927917480469,7.975562572479248,20.79450035095215,10.286182403564453
2009-08-19,73.84915161132812,10.270913124084473,14.571815490722656,8.380827903747559,17.74303436279297,7.824939727783203,15.38502025604248,8.033923149108887,21.086227416992188,10.391728401184082
2009-08-20,74.61012268066406,10.291827201843262,14.695945739746094,8.597729682922363,17.961545944213867,7.91286039352417,15.460837364196777,8.100616455078125,21.235824584960938,10.46884822845459
2009-08-21,76.07293701171875,10.563674926757812,15.111623764038086,8.766430854797363,18.42770004272461,8.02875804901123,15.631430625915527,8.259016990661621,21.452743530273438,10.683987617492676
2009-08-24,76.06552124023438,10.480023384094238,15.305025100708008,8.700159072875977,18.464120864868164,8.004776954650879,15.637747764587402,8.27291202545166,21.60235023498535,10.606863975524902
2009-08-25,76.21331787109375,10.42774772644043,15.071208000183105,8.808608055114746,18.56609344482422,8.024757385253906,15.663020133972168,8.220111846923828,21.60235023498535,10.71646499633789
2009-08-26,76.22069549560547,10.38940715789795,15.140483856201172,8.784510612487793,18.376712799072266,8.0607271194458,15.713568687438965,8.211772918701172,21.609825134277344,10.777356147766113
2009-08-27,76.3906021118164,10.462600708007812,15.094311714172363,8.87488079071045,18.544240951538086,8.076709747314453,15.713568687438965,8.211772918701172,21.60235023498535,10.797654151916504
2009-08-28,76.37584686279297,10.52881908416748,15.062551498413086,8.886931419372559,18.442262649536133,8.104691505432129,15.650388717651367,8.192320823669434,21.44526481628418,10.80170726776123
2009-08-31,75.6961669921875,10.38940715789795,14.771000862121582,8.856804847717285,18.22376251220703,8.000777244567871,15.681976318359375,8.122845649719238,21.40786361694336,10.619043350219727
2009-09-01,74.02648162841797,10.082712173461914,14.51408863067627,8.380827903747559,17.91783905029297,7.836928844451904,15.536649703979492,8.058937072753906,21.06378746032715,10.428261756896973
2009-09-02,73.7457504272461,10.176809310913086,14.407279014587402,8.308524131774902,17.845006942749023,7.852916717529297,15.549287796020508,8.003352165222168,21.108657836914062,10.375486373901367
2009-09-03,74.35897827148438,10.32319450378418,14.508316993713379,8.471205711364746,18.07807731628418,7.888882160186768,15.580885887145996,7.997797966003418,21.011423110961914,10.485089302062988
2009-09-04,75.40064239501953,10.466087341308594,14.710376739501953,8.567604064941406,18.43498420715332,8.02875804901123,15.694618225097656,8.036700248718262,21.310626983642578,10.675872802734375
2009-09-08,76.05076599121094,10.608981132507324,15.114505767822266,8.603754043579102,18.595224380493164,8.088702201843262,15.827306747436523,8.05615234375,21.2133846282959,10.769232749938965
2009-09-09,76.63438415527344,10.657773971557617,15.149150848388672,8.73630428314209,18.908422470092773,8.14864444732666,15.8209810256958,8.045039176940918,21.460224151611328,10.882894515991211
2009-09-10,77.41754150390625,10.717020988464355,15.411832809448242,8.808608055114746,19.068662643432617,8.260546684265137,15.934707641601562,8.045039176940918,21.624786376953125,11.02902889251709
2009-09-11,77.40274047851562,10.730960845947266,15.472455024719238,8.754379272460938,19.192480087280273,8.268536567687988,16.004213333129883,8.042256355285645,21.632272720336914,10.992494583129883
2009-09-14,77.77952575683594,10.866886138916016,15.587919235229492,8.868854522705078,19.374576568603516,8.240561485290527,15.966304779052734,8.158976554870605,21.71455192565918,11.02902889251709
2009-09-15,78.10459899902344,11.107367515563965,15.743805885314941,8.886931419372559,19.607656478881836,8.296512603759766,15.884161949157715,8.220111846923828,21.520063400268555,11.081799507141113
2009-09-16,79.2866439819336,11.26071834564209,16.133495330810547,9.194211959838867,19.855304718017578,8.360458374023438,16.01052474975586,8.350724220275879,21.71455192565918,11.292881965637207
2009-09-17,79.16844940185547,11.2084379196167,16.05556297302246,9.164080619812012,19.891714096069336,8.328484535217285,15.953661918640137,8.29514217376709,21.699588775634766,11.280707359313965
2009-09-18,79.21892547607422,11.202483177185059,15.999306678771973,9.15018367767334,19.777490615844727,8.379426956176758,16.163015365600586,8.333044052124023,21.607175827026367,11.321427345275879
2009-09-21,79.0185317993164,11.090495109558105,15.863031387329102,9.065571784973145,19.66033935546875,8.3433256149292,16.112102508544922,8.293740272521973,21.81754493713379,11.276631355285645
2009-09-22,79.47875213623047,11.212990760803223,16.112384796142578,9.27105712890625,19.89464569091797,8.387450218200684,16.143930435180664,8.271275520324707,21.749916076660156,11.321427345275879
2009-09-23,78.81806182861328,11.034500122070312,15.776043891906738,9.083702087402344,19.72623634338379,8.387450218200684,16.143930435180664,8.243203163146973,21.441896438598633,11.158531188964844
2009-09-24,77.9496078491211,10.793025016784668,15.549884796142578,8.902392387390137,19.404052734375,8.307221412658691,16.061206817626953,8.220738410949707,21.41935920715332,11.052644729614258
2009-09-25,77.53388977050781,10.688030242919922,15.529592514038086,8.817780494689941,19.133136749267578,8.255078315734863,16.061206817626953,8.198274612426758,21.43438148498535,10.987482070922852
2009-09-28,78.9219970703125,10.891014099121094,15.778945922851562,9.113923072814941,19.52853012084961,8.391461372375488,16.093017578125,8.268472671508789,21.66727638244629,11.19518756866455
2009-09-29,78.68445587158203,10.901512145996094,15.735454559326172,9.071614265441895,19.484600067138672,8.347338676452637,16.169382095336914,8.28531551361084,21.69733238220215,11.248126029968262
2009-09-30,78.38011169433594,10.828020095825195,15.633973121643066,9.029309272766113,19.286895751953125,8.371404647827148,16.201190948486328,8.234780311584473,21.5395565032959,11.18703556060791
2009-10-01,76.43527221679688,10.404560089111328,15.14686393737793,8.63042163848877,18.803630828857422,8.122710227966309,16.054845809936523,8.094399452209473,21.231521606445312,10.942691802978516
2009-10-02,76.07897186279297,10.362564086914062,15.068572998046875,8.636466026306152,18.562002182006836,8.122710227966309,16.10574722290039,8.007363319396973,21.14888572692871,10.804227828979492
2009-10-05,77.21470642089844,10.53754711151123,15.402016639709473,8.908434867858887,18.94275665283203,8.190899848937988,16.143930435180664,8.094399452209473,21.28412437438965,10.971197128295898
2009-10-06,78.32072448730469,10.758026123046875,15.76734733581543,9.023265838623047,19.125812530517578,8.339315414428711,16.2902889251709,8.15616512298584,21.456912994384766,11.138166427612305
2009-10-07,78.5359878540039,10.76152515411377,15.889124870300293,9.119966506958008,19.052583694458008,8.323271751403809,16.360280990600586,8.161778450012207,21.471942901611328,11.146313667297363
2009-10-08,79.1373062133789,11.013503074645996,16.29795265197754,9.132051467895508,19.3894100189209,8.375417709350586,16.455734252929688,8.161778450012207,21.49448013305664,11.325501441955566
2009-10-09,79.61976623535156,11.024003982543945,16.28345489501953,9.210618019104004,19.440670013427734,8.431575775146484,16.49391746520996,8.212320327758789,21.69733238220215,11.321427345275879
2009-10-12,79.93156433105469,11.051998138427734,16.50381088256836,9.283143997192383,19.404052734375,8.435585021972656,16.56390953063965,8.296545028686523,21.802515029907227,11.37844181060791
2009-10-13,79.7682113647461,11.111496925354004,16.529909133911133,9.192486763000488,19.418701171875,8.46767520904541,16.50663948059082,8.237586975097656,21.592151641845703,11.39880657196045
2009-10-14,81.1415023803711,11.349474906921387,16.80535888671875,9.506758689880371,19.98251724243164,8.56795597076416,16.56390953063965,8.243203163146973,21.922714233398438,11.541339874267578
2009-10-15,81.43840789794922,11.37047004699707,17.15619659423828,9.422148704528809,19.95322608947754,8.55190658569336,16.69118309020996,8.307777404785156,21.982818603515625,11.557631492614746
2009-10-16,80.82975769042969,11.212990760803223,17.10401153564453,9.198534965515137,19.814102172851562,8.471687316894531,16.780271530151367,8.335853576660156,21.967790603637695,11.53726863861084
2009-10-19,81.49778747558594,11.38447093963623,17.327266693115234,9.240837097167969,20.026451110839844,8.563944816589355,16.87572479248047,8.453770637512207,22.155622482299805,11.667585372924805
2009-10-20,81.06727600097656,11.265480995178223,17.217084884643555,9.168317794799805,19.887331008911133,8.535863876342773,16.856630325317383,8.369539260864258,21.94525909423828,11.549488067626953
2009-10-21,80.33978271484375,11.132489204406738,17.170698165893555,8.993043899536133,19.748199462890625,8.539876937866211,16.729360580444336,8.38077449798584,21.659767150878906,11.39880657196045
2009-10-22,81.1563720703125,11.265480995178223,17.237384796142578,9.258968353271484,19.887331008911133,8.57999038696289,16.75482177734375,8.400432586669922,21.79499626159668,11.549488067626953
2009-10-23,80.22846984863281,11.041501998901367,16.90395164489746,9.126008987426758,19.53586196899414,8.555923461914062,16.589370727539062,8.262856483459473,21.569610595703125,11.504688262939453
2009-10-26,79.35999298095703,10.758026123046875,16.62559700012207,8.890302658081055,19.38208770751953,8.499763488769531,16.462099075317383,8.15335750579834,21.336713790893555,11.435457229614258
2009-10-27,78.9962387084961,10.6705322265625,16.77347183227539,8.823819160461426,19.118488311767578,8.455644607543945,16.474821090698242,8.133700370788574,21.42686653137207,11.23997688293457
2009-10-28,77.50420379638672,10.341565132141113,16.219667434692383,8.551856994628906,18.723087310791016,8.331294059753418,16.430278778076172,8.052281379699707,21.208988189697266,10.922327041625977
2009-10-29,79.16696166992188,10.64953899383545,16.651691436767578,8.908434867858887,19.169734954833984,8.491741180419922,16.69754409790039,8.12247085571289,21.396814346313477,11.215543746948242
2009-10-30,76.87324523925781,10.268070220947266,16.019603729248047,8.491418838500977,18.518064498901367,8.267110824584961,16.4366512298584,7.970859050750732,21.08878517150879,10.922327041625977
2009-11-02,77.4373779296875,10.359061241149902,16.121091842651367,8.563941955566406,18.73040771484375,8.31524658203125,16.595726013183594,7.956822395324707,21.178945541381836,11.028209686279297
2009-11-03,77.6823501586914,10.4640531539917,16.32984733581543,8.588116645812988,19.052583694458008,8.283156394958496,16.4875545501709,7.939976692199707,21.186452865600586,11.036357879638672
2009-11-04,77.88279724121094,10.4640531539917,16.315345764160156,8.467244148254395,19.015974044799805,8.331294059753418,16.551189422607422,7.993322372436523,21.456912994384766,11.040428161621094
2009-11-05,79.3154067993164,10.64953899383545,16.59370231628418,8.68481731414795,19.506568908691406,8.511795043945312,16.627548217773438,8.128089904785156,21.810026168823242,11.341792106628418
2009-11-06,79.52326202392578,10.740530967712402,16.550209045410156,8.648552894592285,19.68230628967285,8.523835182189941,16.672090530395508,8.119664192199707,21.907695770263672,11.443601608276367
2009-11-09,81.33453369140625,11.090495109558105,16.866252899169922,8.956785202026367,20.180217742919922,8.720381736755371,16.945711135864258,8.265665054321289,22.275827407836914,11.692021369934082
2009-11-10,81.34931182861328,11.104493141174316,16.877849578857422,8.926568031311035,20.06305694580078,8.716370582580566,16.93934440612793,8.304969787597656,22.426084518432617,11.732743263244629
2009-11-11,81.76505279541016,11.212990760803223,16.872055053710938,9.047440528869629,20.216833114624023,8.768515586853027,16.99024772644043,8.28531551361084,22.456132888793945,11.744962692260742
2009-11-12,80.93363952636719,11.160490989685059,16.500913619995117,8.878212928771973,19.98251724243164,8.704336166381836,16.88844871520996,8.170204162597656,22.328420639038086,11.614645004272461
2009-11-13,81.37162017822266,11.202483177185059,16.60529899597168,8.86008071899414,20.136287689208984,8.78455924987793,17.00298500061035,8.243203163146973,22.373497009277344,11.818268775939941
2009-11-16,82.5518798828125,11.433463096618652,17.040225982666016,8.956785202026367,20.59758758544922,8.880830764770508,17.09844207763672,8.358314514160156,22.598878860473633,12.009673118591309
2009-11-17,82.64836883544922,11.56645679473877,17.0112247467041,8.980957984924316,20.56097984313965,8.920943260192871,17.181161880493164,8.313390731811523,22.658977508544922,11.911931037902832
2009-11-18,82.5964126586914,11.56645679473877,16.94454002380371,9.053483009338379,20.45114517211914,8.87280559539795,17.168434143066406,8.276890754699707,22.78670883178711,11.879352569580078
2009-11-19,81.52006530761719,11.391468048095703,16.564706802368164,8.878212928771973,20.143606185913086,8.7444486618042,17.085712432861328,8.175817489624023,22.67401695251465,11.744962692260742
2009-11-20,81.23056030273438,11.3529691696167,16.411033630371094,8.823819160461426,20.106992721557617,8.700326919555664,17.111169815063477,8.212320327758789,22.831787109375,11.683878898620605
2009-11-23,82.26238250732422,11.468462944030762,16.622697830200195,8.950738906860352,20.473112106323242,8.852750778198242,17.257524490356445,8.316198348999023,23.042150497436523,11.785688400268555
2009-11-24,82.3885498046875,11.454463005065918,16.718381881713867,8.884258270263672,20.30469512939453,8.83670425415039,17.29570198059082,8.333044052124023,23.22245979309082,11.773469924926758
2009-11-25,82.67807006835938,11.639945030212402,16.848852157592773,8.866127014160156,20.473112106323242,8.852750778198242,17.263883590698242,8.428505897521973,23.365203857421875,11.887499809265137
2009-11-27,81.33453369140625,11.321475982666016,16.532814025878906,8.63042163848877,20.077707290649414,8.70834732055664,17.104806900024414,8.28531551361084,23.132305145263672,11.65536880493164
2009-11-30,81.60916137695312,11.373969078063965,16.474822998046875,8.86008071899414,20.143606185913086,8.72439193725586,17.041156768798828,8.355506896972656,23.049659729003906,11.65536880493164
2009-12-01,82.61870574951172,11.594449996948242,16.692283630371094,8.866127014160156,20.473112106323242,8.864784240722656,17.276613235473633,8.512731552124023,23.45536231994629,11.83863353729248
2009-12-02,82.58158111572266,11.706442832946777,16.59370231628418,8.86008071899414,20.414541244506836,8.852750778198242,17.257524490356445,8.627845764160156,23.402769088745117,11.875279426574707
2009-12-03,81.93576049804688,11.5174560546875,16.32695198059082,8.678772926330566,20.319345474243164,8.856762886047363,17.123891830444336,8.65592098236084,23.290069580078125,11.793829917907715
2009-12-04,82.40343475341797,11.391468048095703,16.20806884765625,8.841957092285156,20.626876831054688,8.912920951843262,17.212974548339844,8.60257625579834,23.27504539489746,11.871212005615234
2009-12-07,82.2771987915039,11.405468940734863,16.17037582397461,8.696903228759766,20.553659439086914,8.89687442779541,17.193885803222656,8.678384780883789,23.244998931884766,11.907862663269043
2009-12-08,81.36419677734375,11.223482131958008,15.894927024841309,8.618338584899902,20.238801956176758,8.816654205322266,16.996623992919922,8.641883850097656,23.06468963623047,11.818268775939941
2009-12-09,81.66849517822266,11.363470077514648,15.894927024841309,8.648552894592285,20.333988189697266,8.900883674621582,17.028438568115234,8.672767639160156,23.260021209716797,11.818268775939941
2009-12-10,82.1287612915039,11.321475982666016,16.09209442138672,8.636466026306152,20.421846389770508,8.940999984741211,17.085712432861328,8.782267570495605,23.50043487548828,12.00152587890625
2009-12-11,82.47765350341797,11.3529691696167,16.10079002380371,8.696903228759766,20.626876831054688,8.920943260192871,17.181161880493164,8.933877944946289,23.50043487548828,12.119630813598633
2009-12-14,83.04180145263672,11.5174560546875,16.266054153442383,8.745255470275879,20.90513038635254,8.993147850036621,17.244796752929688,8.975996971130371,23.718311309814453,12.213296890258789
2009-12-15,82.65581512451172,11.405468940734863,16.318246841430664,8.606247901916504,20.84654426574707,8.936986923217773,17.174800872802734,8.919840812683105,23.725818634033203,12.197007179260254
2009-12-16,82.78199005126953,11.520959854125977,16.422630310058594,8.660643577575684,20.75868034362793,8.96506404876709,17.092077255249023,8.880528450012207,23.605613708496094,12.209227561950684
2009-12-17,81.78730010986328,11.265480995178223,16.28345489501953,8.497464179992676,20.531681060791016,8.856762886047363,16.88844871520996,8.829996109008789,23.38773536682129,12.06261920928955
2009-12-18,82.25000762939453,11.2573881149292,16.369169235229492,8.626065254211426,20.52505111694336,8.989205360412598,16.855688095092773,8.906417846679688,23.516916275024414,12.124443054199219
2009-12-21,83.08586883544922,11.422778129577637,16.56448745727539,8.753454208374023,20.679824829101562,9.069719314575195,16.945613861083984,8.93198299407959,23.736000061035156,12.280043601989746
2009-12-22,83.3844223022461,11.489640235900879,16.643198013305664,8.771652221679688,20.70193099975586,9.142178535461426,17.061241149902344,8.858123779296875,23.84176254272461,12.271854400634766
2009-12-23,83.54855346679688,11.665597915649414,16.774385452270508,8.735259056091309,20.738780975341797,9.178407669067383,17.07408905029297,8.878006935119629,23.766212463378906,12.349649429321289
2009-12-24,83.94413757324219,11.757088661193848,16.853097915649414,8.81411361694336,20.81985092163086,9.262948036193848,17.138330459594727,8.943349838256836,23.766212463378906,12.35784912109375
2009-12-28,84.12326049804688,11.767642974853516,16.882253646850586,8.783782005310059,20.78300666809082,9.291126251220703,17.170442581176758,8.949031829833984,23.8870906829834,12.349649429321289
2009-12-29,84.0038070678711,11.785240173339844,16.771469116210938,8.747387886047363,20.841955184936523,9.279048919677734,17.202560424804688,8.943349838256836,23.85686683654785,12.390599250793457
2009-12-30,83.97395324707031,11.77116584777832,16.753976821899414,8.753454208374023,20.738780975341797,9.311254501342773,17.170442581176758,8.940511703491211,23.788877487182617,12.304609298706055
2009-12-31,83.16797637939453,11.609292984008789,16.61988639831543,8.735259056091309,20.480836868286133,9.230740547180176,17.00343132019043,8.812664031982422,23.471599578857422,12.189963340759277
2010-01-04,84.5784683227539,11.971750259399414,17.144624710083008,8.91117000579834,20.871442794799805,9.3676176071167,17.131908416748047,8.829712867736816,23.879533767700195,12.284140586853027
2010-01-05,84.80238342285156,12.01046085357666,17.2845516204834,9.074957847595215,20.94513511657715,9.355536460876465,17.138330459594727,8.724595069885254,23.64534568786621,12.329178810119629
2010-01-06,84.86206817626953,12.21456527709961,17.491539001464844,9.093160629272461,20.989351272583008,9.250866889953613,17.125478744506836,8.77573299407959,23.8870906829834,12.345561027526855
2010-01-07,85.22032165527344,12.119543075561523,17.465309143066406,9.287272453308105,21.21782684326172,9.214638710021973,17.125478744506836,8.735960960388184,23.970186233520508,12.44792652130127
2010-01-08,85.50390625,12.288463592529297,17.578998565673828,9.232680320739746,21.55683708190918,9.275022506713867,17.06766700744629,8.727436065673828,24.00795555114746,12.443832397460938
2010-01-11,85.62330627441406,12.221602439880371,17.555673599243164,9.23874568939209,21.79266929626465,9.238789558410645,17.112627029418945,8.818349838256836,24.14394187927246,12.419265747070312
2010-01-12,84.82475280761719,11.989346504211426,17.302051544189453,9.105289459228516,21.615795135498047,9.13814926147461,17.208988189697266,8.781417846679688,23.970186233520508,12.25956916809082
2010-01-13,85.5412368774414,12.130105018615723,17.366180419921875,9.208412170410156,21.704238891601562,9.226716041564941,17.331035614013672,8.878006935119629,24.2874698638916,12.398791313171387
2010-01-14,85.77255249023438,11.982305526733398,17.415740966796875,9.250879287719727,21.704238891601562,9.250866889953613,17.279651641845703,8.838234901428223,24.506546020507812,12.398791313171387
2010-01-15,84.809814453125,11.89433479309082,17.275806427001953,9.062827110290527,21.424177169799805,9.122050285339355,17.196142196655273,8.781417846679688,24.340354919433594,12.275946617126465
2010-01-19,85.86959075927734,12.08436393737793,17.4332332611084,9.178084373474121,21.660015106201172,9.279048919677734,17.29891586303711,8.883688926696777,24.929595947265625,12.439739227294922
2010-01-20,84.99641418457031,11.869697570800781,17.1621150970459,9.153820991516113,21.328371047973633,9.130098342895508,17.170442581176758,8.789942741394043,24.718074798583984,12.271854400634766
2010-01-21,83.36199951171875,11.355918884277344,16.812286376953125,8.89297103881836,20.834592819213867,9.033488273620605,16.926345825195312,8.662094116210938,24.181711196899414,12.116256713867188
2010-01-22,81.50372314453125,11.130704879760742,16.41288948059082,8.601799964904785,20.51768684387207,8.719490051269531,16.887805938720703,8.471750259399414,23.91730499267578,11.882851600646973
2010-01-25,81.92164611816406,11.22923469543457,16.5207576751709,8.650330543518066,20.65034294128418,8.791952133178711,16.9199161529541,8.528572082519531,23.91730499267578,11.944279670715332
2010-01-26,81.57836151123047,11.070876121520996,16.415815353393555,8.498676300048828,20.561901092529297,8.767793655395508,16.900651931762695,8.56265926361084,23.78132438659668,11.960654258728027
2010-01-27,81.9664077758789,10.975865364074707,16.3516845703125,8.704925537109375,20.620864868164062,8.84025764465332,16.939205169677734,8.505845069885254,23.947525024414062,11.981131553649902
2010-01-28,81.02606201171875,10.778796195983887,16.179668426513672,8.662459373474121,20.38503074645996,8.586641311645508,16.89422035217285,8.440500259399414,23.796438217163086,11.911519050598145
2010-01-29,80.14543151855469,10.606365203857422,15.888154983520508,8.601799964904785,20.178672790527344,8.43769645690918,16.829988479614258,8.389365196228027,23.630237579345703,11.83781623840332
2010-02-01,81.39176940917969,11.028648376464844,16.41288948059082,8.747387886047363,20.480836868286133,8.53431224822998,16.958463668823242,8.443341255187988,23.766212463378906,11.98931884765625
2010-02-02,82.37686920166016,11.063838958740234,16.62862205505371,8.83231258392334,20.871442794799805,8.61884880065918,17.202560424804688,8.511523246765137,24.257251739501953,12.157201766967773
2010-02-03,81.9664077758789,10.937152862548828,16.485774993896484,8.735259056091309,20.74614906311035,8.638976097106934,17.080514907836914,8.451864242553711,23.932411193847656,12.165390968322754
2010-02-04,79.43645477294922,10.528945922851562,15.80943489074707,8.359149932861328,20.134450912475586,8.397439956665039,16.733638763427734,8.230265617370605,23.32806396484375,11.813246726989746
2010-02-05,79.60063171386719,10.726012229919434,15.812352180480957,8.456212043762207,20.046010971069336,8.481978416442871,16.68866729736328,8.21606159210205,23.290287017822266,11.780491828918457
2010-02-08,79.02600860595703,10.553580284118652,15.666587829589844,8.286359786987305,19.824918746948242,8.445748329162598,16.66939926147461,8.12231159210205,23.17696189880371,11.706783294677734
2010-02-09,80.01856231689453,10.810469627380371,15.99601936340332,8.371284484863281,20.208152770996094,8.518207550048828,16.8685359954834,8.204699516296387,23.3582820892334,11.886950492858887
2010-02-10,79.8618392944336,10.736570358276367,15.92895793914795,8.438010215759277,20.178672790527344,8.49405288696289,16.84926414489746,8.167767524719238,23.214736938476562,11.83781623840332
2010-02-11,80.69769287109375,10.919560432434082,16.200075149536133,8.456212043762207,20.480836868286133,8.582616806030273,16.984163284301758,8.21606159210205,23.373394012451172,11.977035522460938
2010-02-12,80.63050079345703,10.898442268371582,16.205913543701172,8.46227741241455,20.318700790405273,8.598723411560059,16.984163284301758,8.184815406799316,23.320497512817383,11.977035522460938
2010-02-16,81.89924621582031,11.172932624816895,16.587804794311523,8.638195037841797,20.797740936279297,8.727540969848633,17.1575984954834,8.326858520507812,23.524473190307617,12.169485092163086
2010-02-17,82.28731536865234,11.179971694946289,16.56448745727539,8.668525695800781,20.974611282348633,8.75169563293457,17.279651641845703,8.292770385742188,23.705785751342773,12.267763137817383
2010-02-18,82.77244567871094,11.299612998962402,16.657779693603516,8.723124504089355,21.166234970092773,8.808053970336914,17.382431030273438,8.33822250366211,23.81909942626953,12.345561027526855
2010-02-19,82.94408416748047,11.362959861755371,16.72191047668457,8.771652221679688,21.269418716430664,8.78389835357666,17.42096710205078,8.454707145690918,23.81909942626953,12.374223709106445
2010-02-22,82.95897674560547,11.313690185546875,16.491607666015625,8.886910438537598,21.284149169921875,8.767793655395508,17.42096710205078,8.409250259399414,23.751110076904297,12.370128631591797
2010-02-23,81.95149230957031,11.134218215942383,16.217573165893555,8.723124504089355,21.0114688873291,8.659106254577637,17.32461166381836,8.352433204650879,23.524473190307617,12.29642105102539
2010-02-24,82.70526123046875,11.106066703796387,16.319608688354492,8.87477970123291,21.225187301635742,8.74363899230957,17.433815002441406,8.360954284667969,23.698225021362305,12.456111907958984
2010-02-25,82.59330749511719,11.08143138885498,16.328351974487305,8.850512504577637,21.173601150512695,8.719490051269531,17.44666290283203,8.343912124633789,23.713336944580078,12.476591110229492
2010-02-26,82.64557647705078,11.084955215454102,16.366249084472656,8.905105590820312,21.254671096801758,8.7315673828125,17.363155364990234,8.278565406799316,23.720888137817383,12.497063636779785
2010-03-01,83.50382995605469,11.253868103027344,16.517845153808594,8.929370880126953,21.53472137451172,8.844281196594238,17.485198974609375,8.397883415222168,23.947525024414062,12.693610191345215
2010-03-02,83.73513793945312,11.348877906799316,16.65486717224121,8.95970630645752,21.57158088684082,8.83220386505127,17.54944610595703,8.423457145690918,24.030628204345703,12.628092765808105
2010-03-03,83.8097915649414,11.447416305541992,16.727746963500977,8.96576976776123,21.60105323791504,8.836234092712402,17.555866241455078,8.409250259399414,23.932411193847656,12.664949417114258
2010-03-04,84.06356048583984,11.524833679199219,16.64028549194336,9.056761741638184,21.704238891601562,8.87246036529541,17.613676071166992,8.42629623413086,23.85686683654785,12.779595375061035
2010-03-05,85.2650375366211,11.67263126373291,16.95222282409668,9.232680320739746,22.035877227783203,8.981151580810547,17.722883224487305,8.511523246765137,24.189260482788086,13.017091751098633
2010-03-08,85.28002166748047,11.67263126373291,16.925979614257812,9.250879287719727,21.932695388793945,9.029458045959473,17.658641815185547,8.511523246765137,24.04572868347168,13.049849510192871
2010-03-09,85.42180633544922,11.598731994628906,16.925979614257812,9.281205177307129,22.109573364257812,9.069719314575195,17.632951736450195,8.500163078308105,24.030628204345703,13.029376029968262
2010-03-10,85.80241394042969,11.602252960205078,17.074663162231445,9.384331703186035,22.153799057006836,9.130098342895508,17.607254028320312,8.50300121307373,24.04572868347168,13.0580415725708
2010-03-11,86.16061401367188,11.669116020202637,17.045507431030273,9.4631929397583,22.23485565185547,9.16633129119873,17.63936996459961,8.531411170959473,24.234594345092773,13.152219772338867
2010-03-12,86.16808319091797,11.714861869812012,17.054256439208984,9.426795959472656,22.38225746154785,9.158280372619629,17.6522274017334,8.47743034362793,24.053285598754883,13.189068794250488
2010-03-15,86.19049072265625,11.711339950561523,16.87932777404785,9.426795959472656,22.38225746154785,9.150229454040527,17.78711700439453,8.508683204650879,24.211925506591797,13.172690391540527
2010-03-16,86.87709045410156,11.883769989013672,17.030929565429688,9.5420503616333,22.684432983398438,9.218670845031738,17.870620727539062,8.608114242553711,24.279918670654297,13.270968437194824
2010-03-17,87.39202880859375,11.950631141662598,17.217504501342773,9.657310485839844,22.721267700195312,9.246844291687012,17.94771385192871,8.63652515411377,24.2874698638916,13.336482048034668
2010-03-18,87.3472900390625,11.866182327270508,16.96096420288086,9.602715492248535,22.876033782958984,9.258919715881348,17.96697425842285,8.596755981445312,24.453662872314453,13.332386016845703
2010-03-19,86.90514373779297,11.736750602722168,16.757057189941406,9.539484024047852,22.784337997436523,9.203594207763672,17.914077758789062,8.587292671203613,24.444570541381836,13.29218578338623
2010-03-22,87.3697280883789,11.909554481506348,16.713180541992188,9.588123321533203,22.85089683532715,9.272249221801758,18.0043888092041,8.529972076416016,24.60373878479004,13.431666374206543
2010-03-23,87.98423767089844,12.064730644226074,16.77753448486328,9.66716194152832,23.10972785949707,9.361093521118164,18.146310806274414,8.564367294311523,24.72503089904785,13.485000610351562
2010-03-24,87.5571060180664,12.029463768005371,16.680997848510742,9.67324161529541,22.94703483581543,9.316668510437012,18.01729965209961,8.475510597229004,24.459733963012695,13.431666374206543
2010-03-25,87.41471099853516,11.789649963378906,16.400148391723633,9.715801239013672,22.932241439819336,9.332822799682617,17.991491317749023,8.421050071716309,24.361202239990234,13.509614944458008
2010-03-26,87.36224365234375,11.877817153930664,16.4060001373291,9.727960586547852,22.991409301757812,9.288400650024414,18.0043888092041,8.441116333007812,24.179283142089844,13.562950134277344
2010-03-29,87.9167709350586,12.004776954650879,16.724878311157227,9.740121841430664,23.198467254638672,9.316668510437012,18.088254928588867,8.54429817199707,24.436996459960938,13.583460807800293
2010-03-30,87.97674560546875,12.022408485412598,16.751211166381836,9.679322242736816,23.235431671142578,9.357049942016602,18.120512008666992,8.521371841430664,24.436996459960938,13.571152687072754
2010-03-31,87.67698669433594,11.962455749511719,16.82726287841797,9.697563171386719,23.102331161499023,9.32878589630127,18.01729965209961,8.501303672790527,24.353618621826172,13.472692489624023
2010-04-01,88.2764892578125,12.17052936553955,17.12566375732422,9.776599884033203,23.250226974487305,9.312629699707031,18.133411407470703,8.61882495880127,24.490047454833984,13.56704330444336
2010-04-05,88.99588775634766,12.31865119934082,17.429906845092773,9.873881340026855,23.42031478881836,9.421670913696289,18.133411407470703,8.670413970947266,24.42183494567871,13.731156349182129
2010-04-06,89.20571899414062,12.33980941772461,17.429906845092773,9.977235794067383,23.427709579467773,9.42974853515625,18.075345993041992,8.742072105407715,24.40667724609375,13.751665115356445
2010-04-07,88.6961669921875,12.262221336364746,17.25731658935547,9.940760612487793,23.294601440429688,9.393402099609375,17.95923614501953,8.656084060668945,24.30056381225586,13.702431678771973
2010-04-08,89.00337982177734,12.290437698364258,17.318754196166992,10.01980209350586,23.368553161621094,9.409550666809082,17.991491317749023,8.604491233825684,24.20960235595703,13.833718299865723
2010-04-09,89.587890625,12.311595916748047,17.5030517578125,10.056282043457031,23.501665115356445,9.48224925994873,18.088254928588867,8.667548179626465,24.315717697143555,13.936281204223633
2010-04-12,89.73025512695312,12.272802352905273,17.54400634765625,10.098840713500977,23.55342674255371,9.502439498901367,18.146310806274414,8.69047737121582,24.247507095336914,13.936281204223633
2010-04-13,89.79772186279297,12.226949691772461,17.482576370239258,10.104918479919434,23.590404510498047,9.530709266662598,18.088254928588867,8.644615173339844,24.27023696899414,14.010119438171387
2010-04-14,90.81689453125,12.31865119934082,17.649314880371094,10.366358757019043,23.89360809326172,9.668013572692871,18.11406707763672,8.653219223022461,24.186866760253906,14.227560997009277
2010-04-15,90.89183807373047,12.31865119934082,17.646394729614258,10.323799133300781,24.122859954833984,9.712437629699707,18.08180809020996,8.650349617004395,24.118640899658203,14.289094924926758
2010-04-16,89.44549560546875,12.10705280303955,17.347991943359375,9.946844100952148,23.73090934753418,9.583207130432129,18.0043888092041,8.550033569335938,23.974626541137695,14.100380897521973
2010-04-19,89.78273010253906,12.11058235168457,17.37140655517578,10.044120788574219,23.686546325683594,9.603397369384766,18.075345993041992,8.558631896972656,24.171701431274414,14.124996185302734
2010-04-20,90.58457946777344,12.149373054504395,17.710758209228516,10.17788028717041,23.960172653198242,9.655901908874512,18.1269588470459,8.667548179626465,24.22476577758789,14.297298431396484
2010-04-21,90.41971588134766,12.117632865905762,17.69321060180664,10.117079734802246,24.122859954833984,9.676091194152832,18.1269588470459,8.6761474609375,23.8002986907959,14.362942695617676
2010-04-22,90.68950653076172,12.237541198730469,17.737085342407227,10.171802520751953,24.34471321105957,9.700322151184082,18.1269588470459,8.70481014251709,23.527433395385742,14.62139892578125
2010-04-23,91.28148651123047,12.34686279296875,18.164207458496094,10.202198028564453,24.49260139465332,9.724553108215332,18.08180809020996,8.773602485656738,23.762392044067383,14.63370418548584
2010-04-26,90.93675994873047,12.399763107299805,18.102771759033203,10.044120788574219,24.54437828063965,9.712437629699707,18.0430965423584,8.742072105407715,23.51226234436035,14.748583793640137
2010-04-27,88.78605651855469,11.948354721069336,17.546926498413086,9.703645706176758,23.952768325805664,9.52263355255127,17.727014541625977,8.593029022216797,23.239395141601562,14.321918487548828
2010-04-28,89.46050262451172,12.09294605255127,17.72538185119629,9.84348201751709,24.122859954833984,9.550898551940918,17.868928909301758,8.681882858276367,23.39099884033203,14.272686004638672
2010-04-29,90.56956481933594,12.202269554138184,17.745864868164062,10.068441390991211,24.670089721679688,9.647820472717285,17.926986694335938,8.69047737121582,23.709341049194336,14.588581085205078
2010-04-30,89.03335571289062,11.987142562866211,17.526464462280273,9.825242042541504,24.085886001586914,9.445897102355957,17.82377052307129,8.724879264831543,23.40616226196289,14.284992218017578
2010-05-03,90.1874008178711,11.98008918762207,17.72538185119629,10.013724327087402,24.56656265258789,9.575128555297852,17.926986694335938,8.836657524108887,23.519853591918945,14.572172164916992
2010-05-04,88.066650390625,11.563944816589355,17.25146484375,9.740121841430664,23.790067672729492,9.300517082214355,17.746360778808594,8.684744834899902,23.383413314819336,14.145509719848633
2010-05-05,87.54212188720703,11.479302406311035,16.97939682006836,9.68540096282959,23.486879348754883,9.260133743286133,17.81087303161621,8.624554634094238,23.45921516418457,13.944478988647461
2010-05-06,84.63451385498047,11.101948738098145,16.400148391723633,9.278044700622559,22.71038818359375,8.98147964477539,17.365755081176758,8.3866548538208,22.830101013183594,13.448078155517578
2010-05-07,83.3755874633789,10.978517532348633,16.087129592895508,9.174686431884766,22.207515716552734,8.783596992492676,17.24964141845703,8.340799331665039,22.52690887451172,13.201927185058594
2010-05-10,87.04752349853516,11.50046157836914,16.77460479736328,9.68540096282959,23.47948455810547,9.187439918518066,17.752809524536133,8.598759651184082,23.133283615112305,13.891151428222656
2010-05-11,86.80020141601562,11.355871200561523,16.663442611694336,9.64892578125,23.412925720214844,9.12686538696289,17.746360778808594,8.61595630645752,23.087800979614258,13.887042045593262
2010-05-12,88.01419067382812,11.592157363891602,16.894556045532227,9.75836181640625,23.930580139160156,9.365127563476562,17.868928909301758,8.687612533569336,23.277297973632812,14.088075637817383
2010-05-13,86.92012786865234,11.419353485107422,16.786314010620117,9.582042694091797,23.560829162597656,9.227826118469238,17.75926399230957,8.650349617004395,23.02716636657715,13.772173881530762
2010-05-14,85.34645080566406,11.14074420928955,16.45281410217285,9.332761764526367,23.06535530090332,9.05013370513916,17.591537475585938,8.578695297241211,22.716392517089844,13.54242992401123
2010-05-17,85.39138793945312,11.14074420928955,16.283130645751953,9.338842391967773,23.006193161010742,9.094552993774414,17.778614044189453,8.587292671203613,22.716392517089844,13.644998550415039
2010-05-18,84.2298583984375,10.95030403137207,16.1573429107666,9.071327209472656,22.71778678894043,8.95724868774414,17.67539405822754,8.504176139831543,22.534488677978516,13.390636444091797
2010-05-19,83.75029754638672,10.95030403137207,15.973036766052246,9.083484649658203,22.42936897277832,8.888595581054688,17.6302490234375,8.41818618774414,22.481426239013672,13.308591842651367
2010-05-20,80.58788299560547,10.453044891357422,15.259220123291016,8.663966178894043,21.453216552734375,8.605902671813965,17.107723236083984,8.165956497192383,21.77651596069336,12.791671752929688
2010-05-21,81.76441955566406,10.710491180419922,15.525442123413086,8.967964172363281,21.75641632080078,8.67052173614502,17.17222785949707,8.203214645385742,21.829570770263672,13.017313003540039
2010-05-24,80.71531677246094,10.527103424072266,15.171459197998047,8.712607383728027,21.431034088134766,8.630136489868164,17.049665451049805,8.125829696655273,21.77651596069336,12.927055358886719
2010-05-25,80.79771423339844,10.703434944152832,15.206560134887695,8.791645050048828,21.416242599487305,8.605902671813965,16.849695205688477,8.08283519744873,21.685556411743164,13.05833625793457
2010-05-26,80.31061553955078,10.618797302246094,15.174386024475098,8.730843544006348,21.46061897277832,8.521099090576172,16.740022659301758,8.079965591430664,21.549121856689453,13.017313003540039
2010-05-27,83.00092315673828,11.038470268249512,15.817983627319336,9.126045227050781,22.185335159301758,8.811864852905273,17.081920623779297,8.23474407196045,21.98874855041504,13.485000610351562
2010-05-28,81.95925903320312,10.844504356384277,15.5195894241333,8.925405502319336,21.8895320892334,8.739171981811523,16.998058319091797,8.243345260620117,21.882633209228516,13.279874801635742
2010-06-01,80.5804214477539,10.495361328125,14.782367706298828,8.73692512512207,21.401453018188477,8.654365539550781,16.959354400634766,8.05130386352539,21.640079498291016,13.078849792480469
2010-06-02,82.67865753173828,10.819814682006836,15.423044204711914,9.010526657104492,21.95608901977539,8.848214149475098,17.24964141845703,8.220412254333496,22.110023498535156,13.407052993774414
2010-06-03,82.9634017944336,10.68932819366455,15.630755424499512,8.961885452270508,22.059635162353516,8.937055587768555,17.275440216064453,8.306402206420898,22.238872528076172,13.452178001403809
2010-06-04,80.04835510253906,10.266129493713379,15.080771446228027,8.603168487548828,21.02430534362793,8.650328636169434,16.817434310913086,8.059905052185059,21.587026596069336,12.931158065795898
2010-06-07,79.05166625976562,10.082743644714355,14.949119567871094,8.432928085327148,20.484455108642578,8.525137901306152,16.688417434692383,8.108627319335938,21.556716918945312,12.685006141662598
2010-06-08,79.89848327636719,10.311978340148926,15.19778823852539,8.609245300292969,20.69892120361328,8.54129409790039,16.959354400634766,8.214681625366211,21.609758377075195,12.791671752929688
2010-06-09,79.4713363647461,10.32608413696289,15.039810180664062,8.518048286437988,20.69892120361328,8.496866226196289,16.927099227905273,8.16882038116455,21.511220932006836,12.808083534240723
2010-06-10,81.79438018798828,10.696382522583008,15.79458236694336,8.797728538513184,21.497594833374023,8.702826499938965,17.21738624572754,8.369461059570312,21.920528411865234,13.242947578430176
2010-06-11,82.1915283203125,10.816288948059082,15.891119003295898,8.822042465209961,21.57154655456543,8.779561042785645,17.075468063354492,8.375192642211914,22.10244369506836,13.23064136505127
2010-06-14,82.06415557861328,10.710491180419922,15.809207916259766,8.785564422607422,21.549348831176758,8.763401985168457,17.17222785949707,8.423917770385742,22.140338897705078,13.267565727233887
2010-06-15,83.93013000488281,10.974990844726562,16.271427154541016,8.992280006408691,22.20012664794922,8.993595123291016,17.346406936645508,8.587292671203613,22.519319534301758,13.583460807800293
2010-06-16,83.9001235961914,10.960883140563965,16.25972557067871,8.99836254119873,22.140966415405273,9.017826080322266,17.23029136657715,8.641753196716309,22.602705001831055,13.489103317260742
2010-06-17,84.0350341796875,10.900930404663086,16.242177963256836,8.986207008361816,22.207515716552734,9.05013370513916,17.38511085510254,8.70481014251709,22.63302230834961,13.407052993774414
2010-06-18,84.12613677978516,10.963276863098145,16.342679977416992,9.035554885864258,22.294466018676758,9.049729347229004,17.321441650390625,8.712631225585938,22.511892318725586,13.363840103149414
2010-06-21,83.88517761230469,11.030579566955566,16.307416915893555,9.023366928100586,22.331621170043945,8.984884262084961,17.275955200195312,8.651806831359863,22.473798751831055,13.25682544708252
2010-06-22,82.49977111816406,10.757824897766113,15.831327438354492,8.883241653442383,21.789121627807617,8.907882690429688,17.08753776550293,8.437463760375977,22.252866744995117,12.960493087768555
2010-06-23,82.2437744140625,10.779074668884277,15.710835456848145,8.840584754943848,21.707382202148438,8.89167308807373,17.197994232177734,8.362157821655273,22.161449432373047,12.952260971069336
2010-06-24,80.8809585571289,10.506322860717773,15.381692886352539,8.682175636291504,21.3283748626709,8.71335220336914,16.990087509155273,8.315812110900879,22.001474380493164,12.643584251403809
2010-06-25,81.21976470947266,10.662182807922363,15.425773620605469,8.919795036315918,21.491867065429688,8.70524787902832,16.81466293334961,8.353466033935547,22.10050392150879,12.680621147155762
2010-06-28,80.96379852294922,10.541746139526367,15.217118263244629,8.834492683410645,21.343244552612305,8.721456527709961,16.957597732543945,8.408502578735352,22.062421798706055,12.58596134185791
2010-06-29,78.4639663696289,10.152099609375,14.714591026306152,8.517675399780273,20.518342971801758,8.397238731384277,16.68471336364746,8.237608909606934,21.658645629882812,12.137344360351562
2010-06-30,77.7186279296875,10.049375534057617,14.599980354309082,8.414093971252441,20.38457489013672,8.26755428314209,16.56777000427246,8.185464859008789,21.483428955078125,11.989174842834473
2010-07-01,77.37223815917969,9.992695808410645,14.547079086303711,8.334888458251953,20.325124740600586,8.23513412475586,16.60025405883789,8.14781665802002,21.300596237182617,12.087953567504883
2010-07-02,76.95059204101562,9.936022758483887,14.511805534362793,8.237406730651855,20.072452545166016,8.222975730895996,16.5352840423584,8.156506538391113,21.353923797607422,11.952136993408203
2010-07-06,77.45504760742188,9.946650505065918,14.652875900268555,8.28614616394043,20.10960578918457,8.304027557373047,16.63273811340332,8.25208854675293,21.460573196411133,11.952136993408203
2010-07-07,79.89461517333984,10.34338092803955,15.170105934143066,8.651714324951172,20.808168411254883,8.571510314941406,16.951093673706055,8.506982803344727,21.879579544067383,12.289627075195312
2010-07-08,80.68518829345703,10.513406753540039,15.384631156921387,8.718730926513672,21.075708389282227,8.624198913574219,17.204486846923828,8.573599815368652,22.062421798706055,12.396635055541992
2010-07-09,81.28754425048828,10.764907836914062,15.463981628417969,8.840584754943848,21.283784866333008,8.668774604797363,17.204486846923828,8.631531715393066,22.115751266479492,12.515990257263184
2010-07-12,81.3402099609375,10.623220443725586,15.422831535339355,8.852774620056152,21.172313690185547,8.709300994873047,17.262956619262695,8.660493850708008,22.077648162841797,12.532456398010254
2010-07-13,82.5675277709961,10.910140991210938,15.607982635498047,9.072113990783691,21.54388999938965,8.834935188293457,17.41889762878418,8.689460754394531,22.24525260925293,12.845250129699707
2010-07-14,82.56000518798828,10.874719619750977,15.590351104736328,9.005094528198242,21.588478088378906,8.88762378692627,17.42539405822754,8.692355155944824,22.24525260925293,12.76293659210205
2010-07-15,82.58258819580078,10.864092826843262,15.572715759277344,8.986810684204102,21.581050872802734,8.915987014770508,17.477371215820312,8.750282287597656,22.31382179260254,12.804092407226562
2010-07-16,80.30870819091797,10.566543579101562,15.20242977142334,8.609064102172852,20.86018943786621,8.660666465759277,17.230484008789062,8.599668502807617,21.849096298217773,12.355481147766113
2010-07-19,80.7830581665039,10.577165603637695,15.299408912658691,8.602973937988281,20.979089736938477,8.745773315429688,17.262956619262695,8.732908248901367,21.94814109802246,12.474834442138672
2010-07-20,81.67906188964844,10.89597225189209,15.649128913879395,8.69436264038086,21.306081771850586,8.802508354187012,17.470876693725586,8.811107635498047,21.887205123901367,12.651812553405762
2010-07-21,80.617431640625,10.860548973083496,15.393455505371094,8.554230690002441,21.254056930541992,8.69714069366455,17.282455444335938,8.674978256225586,21.529136657714844,12.425446510314941
2010-07-22,82.41695404052734,11.094335556030273,15.734349250793457,8.80402946472168,21.90802574157715,8.932198524475098,17.477371215820312,8.814007759094238,21.666275024414062,12.799980163574219
2010-07-23,83.13223266601562,11.338750839233398,15.804887771606445,8.871054649353027,22.34649658203125,8.99299430847168,17.639795303344727,8.828490257263184,21.658645629882812,12.985185623168945
2010-07-26,83.99816131591797,11.406057357788086,15.943008422851562,8.99290657043457,22.71063232421875,9.049729347229004,17.730758666992188,8.892213821411133,21.97099494934082,13.178627014160156
2010-07-27,83.99061584472656,11.313959121704102,15.866600036621094,9.017276763916016,22.5545711517334,9.074043273925781,17.795732498168945,9.022555351257324,21.99385643005371,13.009882926940918
2010-07-28,83.44850158691406,11.278536796569824,15.831327438354492,8.938074111938477,22.495115280151367,9.001096725463867,17.69826889038086,8.979105949401855,21.696744918823242,12.919339179992676
2010-07-29,83.04188537597656,11.267909049987793,15.85484504699707,8.968534469604492,22.420801162719727,8.920040130615234,17.483867645263672,8.84007453918457,21.681503295898438,12.853482246398926
2010-07-30,83.02681732177734,11.338750839233398,15.822516441345215,8.962440490722656,22.50997543334961,8.883565902709961,17.52935218811035,8.796629905700684,21.765295028686523,12.93991756439209
2010-08-02,84.90164184570312,11.64338493347168,16.375011444091797,9.187877655029297,22.955869674682617,9.069991111755371,17.730758666992188,8.979105949401855,22.176694869995117,13.215672492980957
2010-08-03,84.49508666992188,11.430856704711914,16.3691349029541,9.084301948547363,22.83696746826172,9.021357536315918,17.574832916259766,8.935661315917969,22.359539031982422,13.013995170593262
2010-08-04,85.05976867675781,11.53712272644043,16.49550437927246,9.120855331420898,23.03761863708496,9.094308853149414,17.639795303344727,8.973315238952637,22.580459594726562,13.232133865356445
2010-08-05,84.96942901611328,11.561917304992676,16.548402786254883,9.084301948547363,23.05248260498047,9.053781509399414,17.561838150024414,8.958832740783691,22.58806800842285,13.273289680480957
2010-08-06,84.62306213378906,11.508784294128418,16.351503372192383,9.005094528198242,22.926137924194336,9.029463768005371,17.60081672668457,8.976211547851562,22.63377571105957,13.182741165161133
2010-08-09,85.07483673095703,11.579626083374023,16.41909408569336,9.053832054138184,23.0450439453125,9.090254783630371,17.691776275634766,9.008071899414062,22.694726943969727,13.310330390930176
2010-08-10,84.61552429199219,11.455649375915527,16.28390884399414,8.974627494812012,22.888992309570312,8.997040748596191,17.730758666992188,9.060209274291992,22.748058319091797,13.195090293884277
2010-08-11,82.29650115966797,11.069544792175293,15.799002647399902,8.657804489135742,22.03436851501465,8.78225040435791,17.438385009765625,8.877731323242188,22.161449432373047,12.849367141723633
2010-08-12,81.7920150756836,11.140385627746582,15.704962730407715,8.596877098083496,21.878305435180664,8.660666465759277,17.41889762878418,8.86034870147705,22.252866744995117,12.799980163574219
2010-08-13,81.55108642578125,11.08725357055664,15.67851448059082,8.572507858276367,21.848583221435547,8.620138168334961,17.412397384643555,8.892213821411133,22.16907501220703,12.655925750732422
2010-08-16,81.51343536376953,11.136844635009766,15.675575256347656,8.548137664794922,21.803991317749023,8.636347770690918,17.392906188964844,8.892213821411133,22.054792404174805,12.651812553405762
2010-08-17,82.51484680175781,11.398972511291504,15.93713092803955,8.615155220031738,22.18299674987793,8.729562759399414,17.561838150024414,8.979105949401855,22.359539031982422,12.857598304748535
2010-08-18,82.66542053222656,11.44147777557373,15.784310340881348,8.651714324951172,22.264739990234375,8.77819538116455,17.574832916259766,8.929866790771484,22.329051971435547,12.976957321166992
2010-08-19,81.227294921875,11.179351806640625,15.528639793395996,8.450654029846191,21.789121627807617,8.672821998596191,17.366920471191406,8.802422523498535,21.917661666870117,12.7258939743042
2010-08-20,80.96379852294922,11.15455436706543,15.337615013122559,8.42628002166748,21.677658081054688,8.65256404876709,17.366920471191406,8.82559585571289,21.841489791870117,12.717665672302246
2010-08-23,80.65505981445312,11.030579566955566,15.343489646911621,8.371442794799805,21.439851760864258,8.57555866241455,17.405902862548828,8.883523941040039,21.940519332885742,12.602423667907715
2010-08-24,79.4579086303711,10.775537490844727,15.105448722839355,8.231315612792969,21.001388549804688,8.458033561706543,17.321441650390625,8.898005485534668,21.468191146850586,12.388402938842773
2010-08-25,79.76660919189453,10.807416915893555,15.058433532714844,8.255683898925781,20.964231491088867,8.510716438293457,17.36042594909668,8.892213821411133,21.681503295898438,12.515990257263184
2010-08-26,79.23200988769531,10.793249130249023,14.923247337341309,8.188664436340332,20.934505462646484,8.425609588623047,17.230484008789062,8.851662635803223,21.54437255859375,12.429556846618652
2010-08-27,80.45930480957031,11.115591049194336,15.311161041259766,8.365354537963867,21.358102798461914,8.526926040649414,17.34092140197754,9.019659042358398,21.765295028686523,12.631237030029297
2010-08-30,79.29222106933594,10.949103355407715,15.087818145751953,8.188664436340332,21.031116485595703,8.413450241088867,17.191495895385742,8.883523941040039,21.491050720214844,12.408982276916504
2010-08-31,79.29222106933594,10.995150566101074,15.046669006347656,8.261775970458984,20.949365615844727,8.385083198547363,17.204486846923828,8.924072265625,21.407255172729492,12.425446510314941
2010-09-01,81.66403198242188,11.3245849609375,15.607982635498047,8.578598976135254,21.781700134277344,8.599875450134277,17.509855270385742,9.118141174316406,21.902442932128906,12.853482246398926
2010-09-02,82.42448425292969,11.45919132232666,15.737287521362305,8.663899421691895,22.056665420532227,8.676877975463867,17.62031364440918,9.118141174316406,22.016706466674805,13.092198371887207
2010-09-03,83.49364471435547,11.593792915344238,15.928314208984375,8.846677780151367,22.391082763671875,8.806567192077637,17.730758666992188,9.15868854522705,22.222394943237305,13.285633087158203
2010-09-07,82.55247497558594,11.480447769165039,15.690265655517578,8.645618438720703,22.18299674987793,8.733613967895508,17.6592960357666,9.112345695495605,22.092891693115234,13.07161808013916
2010-09-08,83.13223266601562,11.568999290466309,15.825448036193848,8.73091983795166,22.41337013244629,8.78225040435791,17.73725700378418,9.068899154663086,22.214780807495117,13.166278839111328
2010-09-09,83.51622009277344,11.530035972595215,15.857780456542969,8.840584754943848,22.391082763671875,8.806567192077637,17.795732498168945,9.15868854522705,22.45094871520996,13.178627014160156
2010-09-10,83.93785858154297,11.625675201416016,16.02235221862793,8.852774620056152,22.591724395751953,8.810619354248047,17.88019561767578,9.10655403137207,22.679500579833984,13.289754867553711
2010-09-13,84.87152099609375,11.813411712646484,16.151660919189453,9.04164981842041,22.814678192138672,8.968672752380371,17.899686813354492,9.138413429260254,22.732812881469727,13.45026969909668
2010-09-14,84.81883239746094,11.79216194152832,16.0958251953125,8.962440490722656,22.747791290283203,9.00515079498291,17.932165145874023,9.12682819366455,22.808996200561523,13.462614059448242
2010-09-15,85.14259338378906,11.77090835571289,16.063495635986328,8.99290657043457,22.747791290283203,9.061891555786133,18.05561637878418,9.074691772460938,23.02231788635254,13.487308502197266
2010-09-16,85.1199951171875,11.827585220336914,15.990020751953125,8.968534469604492,22.718059539794922,9.114571571350098,18.075105667114258,9.042831420898438,22.930896759033203,13.487308502197266
2010-09-17,85.15178680419922,11.829748153686523,15.91002082824707,8.921518325805664,22.930946350097656,9.163789749145508,18.027339935302734,9.027324676513672,22.92629623413086,13.5224027633667
2010-09-20,86.45378112792969,11.905652046203613,16.178680419921875,9.092498779296875,23.27452850341797,9.298011779785156,18.223644256591797,9.147295951843262,23.23259735107422,13.782533645629883
2010-09-21,86.27969360351562,11.851434707641602,16.190492630004883,9.007004737854004,23.319353103637695,9.281739234924316,18.190927505493164,9.100476264953613,23.247909545898438,13.724724769592285
2010-09-22,85.85578918457031,11.880350112915039,16.072389602661133,8.860448837280273,23.199838638305664,9.2370023727417,18.223644256591797,9.164855003356934,23.286203384399414,13.63388729095459
2010-09-23,85.15938568115234,11.768308639526367,15.972015380859375,8.689469337463379,22.856250762939453,9.2247953414917,18.105859756469727,9.05950927734375,23.16367530822754,13.563695907592773
2010-09-24,86.91557312011719,12.057454109191895,16.31743812561035,8.921518325805664,23.48366928100586,9.403759956359863,18.34796905517578,9.205818176269531,23.477628707885742,13.914657592773438
2010-09-27,86.49920654296875,11.98878288269043,16.25543975830078,8.823809623718262,23.334287643432617,9.407828330993652,18.243270874023438,9.223376274108887,23.301511764526367,13.82381820678711
2010-09-28,86.802001953125,11.98878288269043,16.370580673217773,8.842130661010742,23.461267471313477,9.42003345489502,18.36105728149414,9.229228019714355,23.49294090270996,13.931178092956543
2010-09-29,86.6506118774414,11.89481258392334,16.544761657714844,8.774958610534668,23.453786849975586,9.399693489074707,18.308706283569336,9.211671829223633,23.40871810913086,13.83207893371582
2010-09-30,86.39324951171875,11.847822189331055,16.550676345825195,8.762748718261719,23.364160537719727,9.363088607788086,18.243270874023438,9.18241024017334,23.347461700439453,13.794915199279785
2010-10-01,86.75659942626953,12.003241539001465,16.772096633911133,8.85434627532959,23.38657569885254,9.367155075073242,18.275985717773438,9.232156753540039,23.347461700439453,13.811431884765625
2010-10-04,86.10560607910156,11.811683654785156,16.562480926513672,8.793282508850098,23.14007568359375,9.289877891540527,18.223644256591797,9.214600563049316,23.117733001708984,13.782533645629883
2010-10-05,87.83905029296875,12.144201278686523,16.952192306518555,8.994793891906738,23.760042190551758,9.472908973693848,18.393774032592773,9.317017555236816,23.546550750732422,14.071561813354492
2010-10-06,87.83148193359375,12.259862899780273,17.102754592895508,8.98868465423584,23.90195655822754,9.428163528442383,18.47230339050293,9.273122787475586,23.454654693603516,13.976588249206543
2010-10-07,87.72551727294922,12.13697338104248,17.01714324951172,8.952045440673828,23.84967041015625,9.428163528442383,18.40686798095703,9.290678977966309,23.500608444213867,14.042658805847168
2010-10-08,88.217529296875,12.375519752502441,17.229700088500977,8.976471900939941,24.051345825195312,9.481043815612793,18.446128845214844,9.31994342803955,23.561870574951172,14.187175750732422
2010-10-11,88.30083465576172,12.353832244873047,17.27694320678711,8.96426010131836,23.984115600585938,9.49731159210205,18.465749740600586,9.322866439819336,23.577178955078125,14.191301345825195
2010-10-12,88.57332611083984,12.386360168457031,17.250377655029297,9.068068504333496,23.96917724609375,9.554256439208984,18.511560440063477,9.284826278686523,23.630786895751953,14.224333763122559
2010-10-13,89.26215362548828,12.585150718688965,17.459980010986328,9.074177742004395,24.36505889892578,9.631532669067383,18.668607711791992,9.31994342803955,23.799240112304688,14.244976043701172
2010-10-14,88.9139633178711,12.465874671936035,17.433406829833984,8.915409088134766,24.223140716552734,9.635602951049805,18.67514991760254,9.30531120300293,23.753297805786133,14.228459358215332
2010-10-15,89.09561157226562,12.502018928527832,17.480649948120117,8.762748718261719,24.073753356933594,9.798294067382812,18.720949172973633,9.33457088470459,23.85285186767578,14.331682205200195
2010-10-18,89.53468322753906,12.556235313415527,17.527891159057617,8.95815372467041,24.058818817138672,9.863371849060059,18.78638458251953,9.33457088470459,24.074913024902344,14.352330207824707
2010-10-19,88.36138153076172,12.234559059143066,17.179513931274414,8.836023330688477,23.737634658813477,9.688475608825684,18.557361602783203,9.352132797241211,23.623123168945312,14.092208862304688
2010-10-20,89.22431182861328,12.487565040588379,17.400936126708984,8.921518325805664,24.073753356933594,9.769824981689453,18.720949172973633,9.428210258483887,23.84519386291504,14.27387809753418
2010-10-21,89.4211196899414,12.483949661254883,17.39208221435547,8.921518325805664,24.26795768737793,9.777957916259766,18.78638458251953,9.387243270874023,23.906448364257812,14.356463432312012
2010-10-22,89.58766174316406,12.39359188079834,17.507225036621094,8.915409088134766,24.260488510131836,9.806431770324707,18.851821899414062,9.325793266296387,23.914112091064453,14.434907913208008
2010-10-25,89.85260009765625,12.661056518554688,17.554452896118164,8.88487720489502,24.3426456451416,9.834904670715332,18.897621154785156,9.30531120300293,24.04428482055664,14.525747299194336
2010-10-26,89.86773681640625,12.585150718688965,17.58988380432129,8.897089004516602,24.230613708496094,9.859306335449219,18.79292869567871,9.281899452209473,23.975366592407227,14.587679862976074
2010-10-27,89.61036682128906,12.46949291229248,17.516080856323242,8.9031982421875,24.051345825195312,9.88778018951416,18.694782257080078,9.243861198425293,23.829872131347656,14.496843338012695
2010-10-28,89.62547302246094,12.476720809936523,17.477706909179688,8.9031982421875,23.99905776977539,9.88778018951416,18.760211944580078,9.267271995544434,23.967710494995117,14.562909126281738
2010-10-29,89.693603515625,12.577924728393555,17.4895076751709,8.890982627868652,24.03641128540039,9.904047966003418,18.825654983520508,9.281899452209473,23.868162155151367,14.5587797164917
2010-11-01,89.72391510009766,12.570694923400879,17.51017189025879,8.890982627868652,24.03641128540039,9.912186622619629,18.74712562561035,9.19118595123291,23.868162155151367,14.529871940612793
2010-11-02,90.43547821044922,12.700810432434082,17.702070236206055,8.915409088134766,24.26795768737793,10.009803771972656,18.858366012573242,9.299460411071777,24.09788703918457,14.695030212402344
2010-11-03,90.79878997802734,12.664665222167969,17.740455627441406,9.000900268554688,24.3052978515625,10.066741943359375,18.917259216308594,9.281899452209473,24.113197326660156,14.769354820251465
2010-11-04,92.54743957519531,13.08031177520752,18.304349899291992,9.300116539001465,24.820697784423828,10.217232704162598,19.146282196044922,9.381392478942871,24.22806167602539,15.00058650970459
2010-11-05,92.89563751220703,13.127305030822754,18.395875930786133,9.513840675354004,24.97006607055664,10.209101676940918,19.048126220703125,9.378464698791504,24.082578659057617,15.07490062713623
2010-11-08,92.72152709960938,13.159832000732422,18.45195770263672,9.44056510925293,24.86550521850586,10.217232704162598,19.015411376953125,9.325793266296387,24.021312713623047,15.050129890441895
2010-11-09,92.0553970336914,12.928513526916504,18.416536331176758,9.263477325439453,24.641416549682617,10.188764572143555,18.917259216308594,9.293606758117676,23.9217586517334,14.913871765136719
2010-11-10,92.4262924194336,12.99357795715332,18.65271759033203,9.367288589477539,24.633955001831055,10.196898460388184,18.858366012573242,9.252638816833496,23.914112091064453,15.045999526977539
2010-11-11,92.07811737060547,13.127305030822754,18.85938262939453,9.275691986083984,24.49203872680664,10.042337417602539,18.878000259399414,9.246787071228027,23.9830265045166,15.025350570678711
2010-11-12,90.98804473876953,12.834539413452148,18.581863403320312,9.123032569885254,24.20821189880371,9.899982452392578,18.78638458251953,9.170705795288086,23.684383392333984,14.868449211120605
2010-11-15,90.85936737060547,12.733335494995117,18.487394332885742,9.165773391723633,24.282896041870117,9.87150764465332,18.79292869567871,9.202896118164062,23.692045211791992,14.839550971984863
2010-11-16,89.44380950927734,12.458647727966309,18.141965866088867,9.01311206817627,23.894495010375977,9.692547798156738,18.58353614807129,9.094620704650879,23.347461700439453,14.637227058410645
2010-11-17,89.4892578125,12.455034255981445,18.215782165527344,8.952045440673828,23.9094295501709,9.696616172790527,18.590091705322266,9.09169864654541,23.3857479095459,14.765223503112793
2010-11-18,90.80638885498047,12.68996524810791,18.617290496826172,9.074177742004395,24.39493179321289,9.859306335449219,18.8387393951416,9.144370079040527,23.715015411376953,14.893218994140625
2010-11-19,91.05621337890625,12.791169166564941,18.77376365661621,9.074177742004395,24.469623565673828,9.88778018951416,18.851821899414062,9.109253883361816,23.73798942565918,14.96341609954834
2010-11-22,90.98049926757812,12.823697090148926,18.714710235595703,8.939834594726562,24.41734504699707,9.944721221923828,18.851821899414062,9.135590553283691,23.74563980102539,15.03360652923584
2010-11-23,89.66336059570312,12.577924728393555,18.348628997802734,8.799388885498047,24.081226348876953,9.798294067382812,18.629344940185547,9.036096572875977,23.40106773376465,14.810643196105957
2010-11-24,90.98804473876953,12.820087432861328,18.679290771484375,8.933728218078613,24.626489639282227,9.960989952087402,18.773296356201172,9.09169864654541,23.623123168945312,15.116193771362305
2010-11-26,89.92830657958984,12.603219032287598,18.454910278320312,8.80549430847168,24.4248104095459,9.863371849060059,18.648969650268555,9.03024673461914,23.416372299194336,14.992321968078613
2010-11-29,90.20082092285156,12.711652755737305,18.57890510559082,8.878767967224121,24.41734504699707,9.838971138000488,18.616260528564453,9.012687683105469,23.393407821655273,14.959284782409668
2010-11-30,89.693603515625,12.718877792358398,18.513959884643555,8.829919815063477,24.357595443725586,9.741353034973145,18.531190872192383,9.00098991394043,23.178998947143555,14.926259994506836
2010-12-01,91.60120391845703,13.065860748291016,19.06308937072754,9.007004737854004,24.985023498535156,9.948790550231934,18.83219337463379,9.106328964233398,23.623123168945312,15.244189262390137
2010-12-02,92.77452850341797,13.2646484375,19.346519470214844,9.23904800415039,25.373411178588867,10.066741943359375,18.845279693603516,9.132661819458008,23.80690574645996,15.442381858825684
2010-12-03,93.02433013916016,13.376692771911621,19.43212890625,9.269584655761719,25.425710678100586,10.091145515441895,18.851821899414062,9.153146743774414,23.80690574645996,15.450632095336914
2010-12-06,92.92591094970703,13.398375511169434,19.497081756591797,9.257370948791504,25.41077423095703,10.091145515441895,18.806015014648438,9.126812934875488,23.653751373291016,15.467147827148438
2010-12-07,92.9789047241211,13.416448593139648,19.423274993896484,9.269584655761719,25.477989196777344,10.103344917297363,18.91071128845215,9.065363883972168,23.669069290161133,15.475409507751465
2010-12-08,93.31952667236328,13.275491714477539,19.33175277709961,9.422246932983398,25.38835906982422,10.188764572143555,18.982688903808594,9.033173561096191,23.692045211791992,15.43411922454834
2010-12-09,93.68286895751953,13.347777366638184,19.37603759765625,9.538270950317383,25.46305274963379,10.196898460388184,19.03504753112793,9.071213722229004,23.730331420898438,15.454765319824219
2010-12-10,94.2279052734375,13.463441848754883,19.45574378967285,9.623754501342773,25.694608688354492,10.245707511901855,19.067752838134766,9.106328964233398,23.960054397583008,15.508453369140625
2010-12-13,94.28846740722656,13.535726547241211,19.621082305908203,9.617646217346191,25.70953941345215,10.225372314453125,19.067752838134766,9.150223731994629,23.99833869934082,15.43411922454834
2010-12-14,94.37171173095703,13.524879455566406,19.529560089111328,9.5321626663208,25.829050064086914,10.241639137268066,19.159366607666016,9.173628807067871,24.243370056152344,15.429994583129883
2010-12-15,93.94023895263672,13.452591896057129,19.423274993896484,9.452775001525879,25.724477767944336,10.200969696044922,19.178998947143555,9.094620704650879,24.16680908203125,15.380441665649414
2010-12-16,94.48526763916016,13.579093933105469,19.532503128051758,9.464988708496094,26.008329391479492,10.217232704162598,19.349132537841797,9.17656135559082,24.335262298583984,15.491927146911621
2010-12-17,94.58648681640625,13.685860633850098,19.539329528808594,9.517690658569336,25.930988311767578,10.237649917602539,19.37949562072754,9.22423267364502,24.3768310546875,15.516853332519531
2010-12-20,94.81475830078125,13.729581832885742,19.666839599609375,9.523823738098145,25.923480987548828,10.245809555053711,19.35968780517578,9.236079216003418,24.36912727355957,15.608224868774414
2010-12-21,95.41593170166016,13.868046760559082,19.86552619934082,9.689295768737793,26.13369369506836,10.307037353515625,19.313480377197266,9.239043235778809,24.30755043029785,15.674675941467285
2010-12-22,95.71268463134766,13.860755920410156,19.933734893798828,9.799606323242188,26.193754196166992,10.294794082641602,19.399301528930664,9.280497550964355,24.3768310546875,15.695444107055664
2010-12-23,95.57572937011719,13.89719009399414,19.990079879760742,9.726070404052734,26.141206741333008,10.290711402893066,19.405893325805664,9.286418914794922,24.361434936523438,15.628988265991211
2010-12-27,95.61376190185547,13.91905403137207,19.918903350830078,9.81186580657959,26.18624496459961,10.311120986938477,19.313480377197266,9.292344093322754,24.31525421142578,15.583300590515137
2010-12-28,95.75074768066406,13.948199272155762,19.993043899536133,9.81186580657959,26.17122459411621,10.298873901367188,19.36629295349121,9.324915885925293,24.33064842224121,15.550074577331543
2010-12-29,95.81920623779297,14.00650405883789,20.191722869873047,9.79348373413086,26.193754196166992,10.319284439086914,19.372892379760742,9.292344093322754,24.33835220336914,15.599918365478516
2010-12-30,95.66703033447266,14.00650405883789,20.209522247314453,9.762839317321777,26.148714065551758,10.294794082641602,19.339885711669922,9.277535438537598,24.253679275512695,15.570840835571289
2010-12-31,95.68983459472656,13.995574951171875,20.239173889160156,9.775097846984863,26.17874526977539,10.282546043395996,19.34648323059082,9.280497550964355,24.24597930908203,15.537619590759277
2011-01-03,96.67910766601562,14.10853099822998,20.390411376953125,9.989594459533691,26.366424560546875,10.396841049194336,19.372892379760742,9.324915885925293,24.469192504882812,15.720365524291992
2011-01-04,96.62586212158203,14.01379108428955,20.215457916259766,9.977338790893555,26.328880310058594,10.437668800354004,19.32008934020996,9.369336128234863,24.546165466308594,15.63314437866211
2011-01-05,97.12806701660156,14.046587944030762,20.295516967773438,10.093783378601074,26.464031219482422,10.498892784118652,19.32668685913086,9.310111045837402,24.600051879882812,15.7618989944458
2011-01-06,96.93781280517578,13.973711967468262,20.102760314941406,10.026368141174316,26.418977737426758,10.560126304626465,19.260677337646484,9.318994522094727,24.700105667114258,15.666365623474121
2011-01-07,96.74757385253906,13.959137916564941,20.248069763183594,9.940568923950195,26.47153091430664,10.511139869689941,19.161672592163086,9.351568222045898,24.684717178344727,15.658062934875488
2011-01-10,96.62586212158203,13.977354049682617,20.168004989624023,9.916053771972656,26.509075164794922,10.519305229187012,19.17487144470215,9.301224708557129,24.615436553955078,15.645599365234375
2011-01-11,96.96827697753906,14.09030818939209,20.503097534179688,9.952823638916016,26.606660842895508,10.50298023223877,19.161672592163086,9.316030502319336,24.73859977722168,15.64144515991211
2011-01-12,97.84335327148438,14.228768348693848,20.784818649291992,10.118298530578613,26.824386596679688,10.596860885620117,19.32008934020996,9.363409042358398,24.869447708129883,15.678825378417969
2011-01-13,97.68354797363281,14.104887962341309,20.725505828857422,10.087654113769531,26.85441780090332,10.58869743347168,19.35968780517578,9.354528427124023,24.73859977722168,15.653909683227539
2011-01-14,98.39125061035156,14.137676239013672,20.950883865356445,10.246994972229004,26.95952033996582,10.682583808898926,19.35968780517578,9.398948669433594,24.769384384155273,15.749429702758789
2011-01-18,98.55863952636719,14.21419906616211,21.081363677978516,10.185710906982422,27.154712677001953,10.694829940795898,19.372892379760742,9.422636985778809,24.861745834350586,15.795119285583496
2011-01-19,97.59224700927734,13.886263847351074,20.826345443725586,9.958955764770508,26.86943817138672,10.617273330688477,19.333288192749023,9.398948669433594,24.692411422729492,15.63729476928711
2011-01-20,97.462890625,13.689498901367188,20.678064346313477,10.00798225402832,26.734296798706055,10.560126304626465,19.432300567626953,9.470015525817871,24.753990173339844,15.67052936553955
2011-01-21,97.68354797363281,13.656710624694824,20.787782669067383,10.087654113769531,26.952022552490234,10.498892784118652,19.46529769897461,9.46113395690918,24.777080535888672,15.707901954650879
2011-01-24,98.23905944824219,13.802451133728027,20.864885330200195,10.075397491455078,27.207279205322266,10.645844459533691,19.49829864501953,9.514435768127441,24.746288299560547,15.77020263671875
2011-01-25,98.2923355102539,13.820670127868652,20.805580139160156,10.05700969696045,27.177234649658203,10.694829940795898,19.564306259155273,9.499627113342285,24.746288299560547,15.778512001037598
2011-01-26,98.67280578613281,14.112173080444336,21.303775787353516,10.050881385803223,27.33490562438965,10.756063461303711,19.511505126953125,9.464090347290039,24.715505599975586,15.803425788879395
2011-01-27,98.91634368896484,13.995574951171875,21.179224014282227,10.13668155670166,27.432498931884766,10.792797088623047,19.313480377197266,9.499627113342285,24.777080535888672,15.928025245666504
2011-01-28,97.18894958496094,13.776949882507324,21.087297439575195,9.958955764770508,26.899463653564453,10.543798446655273,19.128664016723633,9.372293472290039,24.33064842224121,15.40886116027832
2011-01-31,97.91943359375,14.00650405883789,21.692241668701172,10.050881385803223,27.207279205322266,10.609112739562988,19.062658309936523,9.393025398254395,24.3845272064209,15.442089080810547
2011-02-01,99.48703002929688,14.381811141967773,22.045133590698242,10.259254455566406,27.590150833129883,10.788719177246094,19.201269149780273,9.48778247833252,24.823257446289062,15.624836921691895
2011-02-02,99.29680633544922,14.356307029724121,22.02733612060547,10.179581642150879,27.500064849853516,10.809122085571289,19.128664016723633,9.4374418258667,24.73859977722168,15.579147338867188
2011-02-03,99.51747131347656,14.418248176574707,22.03919792175293,10.185710906982422,27.515079498291016,10.825451850891113,19.227684020996094,9.475934982299805,24.769384384155273,15.7618989944458
2011-02-04,99.79901885986328,14.421891212463379,21.982864379882812,10.179581642150879,27.612674713134766,10.894850730895996,19.339885711669922,9.416714668273926,24.88484001159668,15.869884490966797
2011-02-07,100.42301177978516,14.498406410217285,22.110374450683594,10.326665878295898,27.875442504882812,10.947916030883789,19.36629295349121,9.478899002075195,24.846343994140625,15.952945709228516
2011-02-08,100.87960815429688,14.545774459838867,22.036230087280273,10.4002103805542,28.063129425048828,10.992814064025879,19.458702087402344,9.475934982299805,24.915620803833008,16.144004821777344
2011-02-09,100.6512680053711,14.414603233337402,21.75748634338379,10.326665878295898,28.055625915527344,10.972403526306152,19.491701126098633,9.475934982299805,24.861745834350586,16.251991271972656
2011-02-10,100.68934631347656,14.44011402130127,21.979890823364258,10.326665878295898,28.205780029296875,10.923418998718262,19.419095993041992,9.493707656860352,24.869447708129883,16.27275276184082
2011-02-11,101.29046630859375,14.520273208618164,21.976932525634766,10.467623710632324,28.41596794128418,10.980568885803223,19.524703979492188,9.475934982299805,24.923324584960938,16.438886642456055
2011-02-14,101.53398132324219,14.67695140838623,22.460296630859375,10.4737548828125,28.385961532592773,10.996896743774414,19.438899993896484,9.407830238342285,25.007993698120117,16.3724365234375
2011-02-15,101.21430969238281,14.509342193603516,22.22602653503418,10.46149730682373,28.280839920043945,10.956077575683594,19.432300567626953,9.4374418258667,24.954118728637695,16.393205642700195
2011-02-16,101.85359191894531,14.698810577392578,22.52256965637207,10.516655921936035,28.41596794128418,11.017306327819824,19.48509979248047,9.416714668273926,25.0849666595459,16.526105880737305
2011-02-17,102.15797424316406,14.829987525939941,22.744976043701172,10.504395484924316,28.483551025390625,11.037718772888184,19.61711311340332,9.434478759765625,25.192733764648438,16.530258178710938
2011-02-18,102.37102508544922,14.666027069091797,22.83987808227539,10.528907775878906,28.558616638183594,11.021387100219727,19.669921875,9.449286460876465,25.254310607910156,16.617477416992188
2011-02-22,100.31643676757812,14.195975303649902,22.617464065551758,10.20409870147705,27.732799530029297,10.75197696685791,19.53130340576172,9.407830238342285,24.869447708129883,16.218759536743164
2011-02-23,99.7000961303711,14.09030818939209,23.077110290527344,10.161197662353516,27.24481201171875,10.625432968139648,19.48509979248047,9.387102127075195,24.630834579467773,15.982016563415527
2011-02-24,99.63158416748047,14.017441749572754,22.75090217590332,10.13668155670166,27.402469635009766,10.662174224853516,19.405893325805664,9.351568222045898,24.715505599975586,16.077547073364258
2011-02-25,100.69695281982422,14.225127220153809,23.112693786621094,10.277642250061035,27.650224685668945,10.796880722045898,19.504898071289062,9.404867172241211,24.869447708129883,16.243680953979492
2011-02-28,101.32090759277344,14.378166198730469,23.29062271118164,10.326665878295898,27.785341262817383,10.841781616210938,19.61711311340332,9.50851058959961,25.14653778076172,16.3682804107666
2011-03-01,99.63158416748047,14.024724960327148,22.854698181152344,10.106039047241211,27.19225311279297,10.633596420288086,19.46529769897461,9.413752555847168,24.9464111328125,16.056787490844727
2011-03-02,99.84467315673828,14.075733184814453,22.98518180847168,10.044754981994629,27.327392578125,10.6989107131958,19.412487030029297,9.428557395935059,25.023386001586914,16.119081497192383
2011-03-03,101.56442260742188,14.359942436218262,23.37958335876465,10.253121376037598,27.988046646118164,10.870355606079102,19.610511779785156,9.535162925720215,25.539100646972656,16.405664443969727
2011-03-04,100.80347442626953,14.228768348693848,23.231307983398438,10.124425888061523,27.657726287841797,10.784632682800293,19.524703979492188,9.478899002075195,25.500612258911133,16.285213470458984
2011-03-07,100.01207733154297,13.984641075134277,23.06821060180664,10.05700969696045,27.402469635009766,10.645844459533691,19.47189712524414,9.514435768127441,25.308181762695312,16.123239517211914
2011-03-08,100.88716888427734,14.14496898651123,22.87841796875,10.277642250061035,27.830394744873047,10.735654830932617,19.643516540527344,9.621037483215332,25.446725845336914,16.251991271972656
2011-03-09,100.74259948730469,13.915412902832031,22.721248626708984,10.277642250061035,27.77033042907715,10.690750122070312,19.74252700805664,9.718759536743164,25.485212326049805,16.289358139038086
2011-03-10,98.87826538085938,13.612981796264648,21.893901824951172,10.069268226623535,27.207279205322266,10.490732192993164,19.610511779785156,9.6091947555542,25.0849666595459,16.102466583251953
2011-03-11,99.56314086914062,13.81338882446289,22.273473739624023,10.13668155670166,27.530094146728516,10.531551361083984,19.623720169067383,9.62992000579834,25.16963005065918,16.202152252197266
2011-03-14,98.96194458007812,13.762374877929688,22.39505386352539,10.044754981994629,27.29736328125,10.482563972473145,19.48509979248047,9.502586364746094,25.046480178833008,16.002784729003906
2011-03-15,97.82810974121094,13.762374877929688,22.22602653503418,9.928311347961426,27.0421085357666,10.327446937561035,19.313480377197266,9.321953773498535,24.753990173339844,15.869884490966797
2011-03-16,96.01708984375,13.485453605651855,21.87017822265625,9.744455337524414,26.539106369018555,10.074365615844727,19.0362606048584,9.176849365234375,24.322956085205078,15.599918365478516
2011-03-17,97.28784942626953,13.72593879699707,22.537391662597656,9.860892295837402,26.952022552490234,10.180500984191895,19.128664016723633,9.188698768615723,24.607738494873047,15.67052936553955
2011-03-18,97.64173126220703,13.793203353881836,22.431766510009766,9.997304916381836,27.123180389404297,10.198514938354492,19.28400421142578,9.234452247619629,24.719858169555664,15.660520553588867
2011-03-21,99.15492248535156,14.030827522277832,23.113140106201172,10.046467781066895,27.718887329101562,10.370542526245117,19.522974014282227,9.342108726501465,24.92863655090332,15.902222633361816
2011-03-22,98.81105041503906,13.997923851013184,23.062559127807617,9.991164207458496,27.500198364257812,10.354156494140625,19.496421813964844,9.357059478759766,24.913166046142578,15.777196884155273
2011-03-23,99.09384155273438,14.202651977539062,23.122066497802734,9.966583251953125,27.590700149536133,10.4114990234375,19.529613494873047,9.351082801818848,24.897706985473633,15.91472339630127
2011-03-24,100.04146575927734,14.264798164367676,23.205392837524414,10.015738487243652,27.877227783203125,10.575334548950195,19.7088565826416,9.389954566955566,25.191526412963867,16.148086547851562
2011-03-25,100.34718322753906,14.341570854187012,23.413658142089844,10.04031753540039,27.97525405883789,10.599905014038086,19.7088565826416,9.386961936950684,25.261112213134766,16.177257537841797
2011-03-28,100.10264587402344,14.275762557983398,23.357120513916016,10.009597778320312,27.952640533447266,10.575334548950195,19.70220375061035,9.354069709777832,25.253385543823242,16.01056671142578
2011-03-29,100.77518463134766,14.425650596618652,23.642770767211914,10.028031349182129,28.17885971069336,10.649059295654297,19.795141220092773,9.446772575378418,25.40029525756836,16.15641975402832
2011-03-30,101.4706802368164,14.575540542602539,23.806415557861328,10.10790729522705,28.291961669921875,10.694109916687012,19.90135383605957,9.554428100585938,25.58587646484375,16.331443786621094
2011-03-31,101.3331069946289,14.630374908447266,23.729055404663086,10.071043014526367,28.40506362915039,10.67363166809082,19.861530303955078,9.530506134033203,25.601327896118164,16.27310562133789
2011-04-01,101.76107025146484,14.685205459594727,23.800464630126953,10.157065391540527,28.63882064819336,10.653154373168945,19.961103439331055,9.605266571044922,25.732784271240234,16.377283096313477
2011-04-04,101.84515380859375,14.780258178710938,23.815353393554688,10.144779205322266,28.676515579223633,10.61628532409668,20.00092887878418,9.599284172058105,25.887420654296875,16.414793014526367
2011-04-05,101.8298568725586,14.955739974975586,23.886756896972656,10.138628959655762,28.570945739746094,10.599905014038086,20.020843505859375,9.560410499572754,25.77144432067871,16.468957901000977
2011-04-06,102.15087127685547,14.831442832946777,23.636821746826172,10.255379676818848,28.60111427307129,10.677727699279785,20.113773345947266,9.629191398620605,25.825565338134766,16.439794540405273
2011-04-07,101.8909912109375,14.802191734313965,23.636821746826172,10.206222534179688,28.46538734436035,10.681822776794434,20.14032745361328,9.590313911437988,25.7791748046875,16.373125076293945
2011-04-08,101.5394515991211,14.696183204650879,23.72013282775879,10.114055633544922,28.216550827026367,10.620387077331543,20.08058738708496,9.56340217590332,25.763704299926758,16.27727699279785
2011-04-11,101.23375701904297,14.531667709350586,23.252986907958984,10.114055633544922,28.193941116333008,10.60400390625,20.186798095703125,9.437801361083984,25.910621643066406,16.28144073486328
2011-04-12,100.47711944580078,14.334250450134277,22.53294563293457,10.077183723449707,27.982797622680664,10.517991065979004,20.25318145751953,9.41387939453125,25.87970542907715,16.260595321655273
2011-04-13,100.4694595336914,14.250177383422852,22.62516975402832,10.003449440002441,27.89985466003418,10.583523750305176,20.26645851135254,9.437801361083984,25.856494903564453,16.314783096313477
2011-04-14,100.54590606689453,14.294038772583008,22.779897689819336,9.911279678344727,27.89985466003418,10.563047409057617,20.385940551757812,9.494619369506836,25.995676040649414,16.27727699279785
2011-04-15,100.91272735595703,14.3890962600708,22.96734046936035,9.917425155639648,27.99788475036621,10.542567253112793,20.47224235534668,9.599284172058105,26.227643966674805,16.356454849243164
2011-04-18,99.78166198730469,14.18802261352539,22.62516975402832,9.782243728637695,27.598237991333008,10.448362350463867,20.359392166137695,9.515551567077637,25.933815002441406,16.210596084594727
2011-04-19,100.35482788085938,14.440277099609375,22.854276657104492,9.812970161437988,27.839521408081055,10.477034568786621,20.39922523498535,9.51854419708252,26.150320053100586,16.24810028076172
2011-04-20,101.72284698486328,14.630374908447266,23.39283561706543,9.837543487548828,28.291961669921875,10.698208808898926,20.505428314208984,9.641152381896973,26.405481338500977,16.539806365966797
2011-04-21,102.24256134033203,14.787572860717773,23.499948501586914,9.892848014831543,28.374908447265625,10.792409896850586,20.512065887451172,9.641152381896973,26.48280906677246,16.63149070739746
2011-04-25,102.13554382324219,14.674241065979004,23.37795066833496,9.8805570602417,28.291961669921875,10.800599098205566,20.458961486816406,9.653112411499023,26.513731002807617,16.614816665649414
2011-04-26,103.01444244384766,14.838754653930664,23.610044479370117,9.94200611114502,28.834867477416992,10.890708923339844,20.59837532043457,9.730864524841309,26.82302474975586,16.644001007080078
2011-04-27,103.6870346069336,14.886284828186035,23.59813117980957,10.003449440002441,28.963069915771484,10.956241607666016,20.731136322021484,9.808614730834961,27.12458610534668,16.84401512145996
2011-04-28,104.0232925415039,14.882624626159668,23.59516143798828,10.083325386047363,29.06109046936035,10.96033763885498,20.8638973236084,9.895337104797363,27.263751983642578,16.910690307617188
2011-04-29,104.26782989501953,14.941110610961914,23.946258544921875,10.064897537231445,29.181739807128906,10.95214557647705,20.92363929748535,9.916274070739746,27.24828338623047,16.898195266723633
2011-05-02,104.10736846923828,14.835094451904297,23.627891540527344,10.021883964538574,29.13650894165039,10.911184310913086,20.950191497802734,9.919258117675781,27.526649475097656,16.956541061401367
2011-05-03,103.73284149169922,14.699832916259766,23.0357723236084,10.064897537231445,29.015844345092773,10.915281295776367,21.0033016204834,9.982057571411133,27.457067489624023,16.860679626464844
2011-05-04,103.04501342773438,14.440277099609375,22.628150939941406,9.978873252868652,28.593582153320312,10.882514953613281,20.97674560546875,9.970099449157715,27.433860778808594,16.82318115234375
2011-05-05,102.1126480102539,14.268451690673828,22.15803337097168,9.849836349487305,28.45785140991211,10.825177192687988,20.817426681518555,9.898324966430664,27.25602912902832,16.777339935302734
2011-05-06,102.56352233886719,14.385443687438965,22.256216049194336,9.898994445800781,28.70668601989746,10.845654487609863,20.87053108215332,9.955148696899414,27.449331283569336,16.78984832763672
2011-05-09,102.96092987060547,14.5938138961792,22.64599609375,9.874412536621094,28.827333450317383,10.890708923339844,20.94354820251465,9.976078987121582,27.603971481323242,16.810686111450195
2011-05-10,103.83982849121094,14.718111991882324,22.753114700317383,9.966583251953125,29.091259002685547,10.989012718200684,21.069677352905273,10.119621276855469,27.77408218383789,17.027372360229492
2011-05-11,102.74697875976562,14.326945304870605,22.09554100036621,9.831399917602539,28.699146270751953,10.890708923339844,21.02984619140625,10.086724281311035,27.727699279785156,16.86486053466797
2011-05-12,103.23607635498047,14.312323570251465,22.062808990478516,9.831399917602539,28.759469985961914,10.972624778747559,21.341840744018555,10.188403129577637,27.98284339904785,17.031539916992188
2011-05-13,102.44129180908203,14.129535675048828,21.955703735351562,9.690075874328613,28.412609100341797,10.837461471557617,21.315296173095703,10.140552520751953,27.89780616760254,16.90236473083496
2011-05-16,101.79164123535156,14.078352928161621,21.789073944091797,9.67778491973877,28.307044982910156,10.681822776794434,21.321929931640625,10.152517318725586,27.94418716430664,16.677330017089844
2011-05-17,101.77635955810547,13.91384220123291,21.789073944091797,9.751522064208984,27.922466278076172,10.681822776794434,21.368396759033203,10.227276802062988,27.94418716430664,16.69399070739746
2011-05-18,102.68582916259766,14.224584579467773,22.22943878173828,9.794537544250488,28.299489974975586,10.759644508361816,21.401592254638672,10.194380760192871,28.16068458557129,16.889863967895508
2011-05-19,102.93040466308594,14.220929145812988,22.232418060302734,9.794537544250488,28.480470657348633,10.780122756958008,21.521076202392578,10.218302726745605,28.09882926940918,16.94403076171875
2011-05-20,102.1126480102539,14.078352928161621,22.205636978149414,9.659353256225586,28.17885971069336,10.718685150146484,21.454692840576172,10.206343650817871,27.86687469482422,16.78150749206543
2011-05-23,100.92802429199219,13.932119369506836,21.86048126220703,9.524169921875,27.779211044311523,10.567142486572266,21.30865478515625,10.086724281311035,27.580772399902344,16.623153686523438
2011-05-24,100.84395599365234,14.001581192016602,22.16993522644043,9.511879920959473,27.63593864440918,10.534375190734863,21.288738250732422,10.077754974365234,27.503461837768555,16.539806365966797
2011-05-25,101.18025970458984,14.198994636535645,22.54483413696289,9.518025398254395,27.86969757080078,10.567142486572266,21.14933967590332,10.056821823120117,27.542116165161133,16.543975830078125
2011-05-26,101.64642333984375,14.231890678405762,22.65789794921875,9.567184448242188,27.982797622680664,10.636773109436035,21.182533264160156,10.0538330078125,27.580772399902344,16.69399070739746
2011-05-27,102.03618621826172,14.385443687438965,22.714433670043945,9.634773254394531,28.118534088134766,10.690018653869629,21.268823623657227,10.0538330078125,27.596242904663086,16.735671997070312
2011-05-31,103.0985336303711,14.531667709350586,22.943540573120117,9.7330904006958,28.374908447265625,10.837461471557617,21.448062896728516,10.12859058380127,27.920984268188477,16.85234260559082
2011-06-01,100.78282928466797,14.078352928161621,22.396060943603516,9.407424926757812,27.44742774963379,10.612192153930664,21.228992462158203,10.023926734924316,27.534374237060547,16.468957901000977
2011-06-02,100.67581939697266,14.100284576416016,22.38713836669922,9.413567543029785,27.590700149536133,10.620387077331543,20.983383178710938,9.9940185546875,27.472532272338867,16.431459426879883
2011-06-03,99.67466735839844,13.921156883239746,22.39309310913086,9.352121353149414,27.221208572387695,10.460652351379395,20.784238815307617,9.925240516662598,27.209627151489258,16.218931198120117
2011-06-06,98.61992645263672,13.782236099243164,21.887266159057617,9.173928260803223,27.02515983581543,10.382828712463379,20.67803192138672,9.880385398864746,27.047256469726562,16.04807472229004
2011-06-07,98.55884552001953,13.833420753479004,21.887266159057617,9.155489921569824,27.01007843017578,10.350062370300293,20.631549835205078,9.892349243164062,27.101377487182617,16.064735412597656
2011-06-08,98.14612579345703,13.690840721130371,21.952720642089844,9.069469451904297,26.776323318481445,10.280436515808105,20.644832611083984,9.916274070739746,27.13231086730957,15.939728736877441
2011-06-09,98.89511108398438,13.917499542236328,22.250268936157227,9.173928260803223,26.97991371154785,10.288627624511719,20.757688522338867,9.925240516662598,27.41839599609375,16.07308006286621
2011-06-10,97.51943969726562,13.742024421691895,21.818828582763672,9.112481117248535,26.55010414123535,10.145273208618164,20.518707275390625,9.859456062316895,26.915809631347656,15.777196884155273
2011-06-13,97.5958480834961,13.661599159240723,21.473674774169922,9.204649925231934,26.557649612426758,10.153463363647461,20.61164665222168,9.904308319091797,27.047256469726562,15.756368637084961
2011-06-14,98.83397674560547,13.924814224243164,21.931901931762695,9.253807067871094,27.062862396240234,10.280436515808105,20.830698013305664,9.943182945251465,27.279226303100586,16.035579681396484
2011-06-15,97.07615661621094,13.603103637695312,21.42904281616211,9.051031112670898,26.655677795410156,10.087930679321289,20.518707275390625,9.820579528808594,26.908079147338867,15.789705276489258
2011-06-16,97.29015350341797,13.47149658203125,21.461776733398438,9.100188255310059,26.746166229248047,10.063358306884766,20.684661865234375,9.898324966430664,26.954477310180664,15.752202987670898
2011-06-17,97.58048248291016,13.469657897949219,21.40652847290039,9.182209014892578,26.86361312866211,10.054312705993652,20.816356658935547,9.965993881225586,27.016630172729492,15.8705472946167
2011-06-20,98.07969665527344,13.583619117736816,21.466257095336914,9.176041603088379,27.098527908325195,10.091322898864746,20.97010040283203,10.023393630981445,27.288570404052734,16.00018882751465
2011-06-21,99.42376708984375,13.932857513427734,21.893310546875,9.3055419921875,27.52288818359375,10.272255897521973,20.95005226135254,10.029437065124512,27.459522247314453,16.326387405395508
2011-06-22,98.82472229003906,13.874040603637695,21.83060073852539,9.250039100646973,27.371334075927734,10.19823932647705,20.816356658935547,9.962974548339844,27.296354293823242,16.200923919677734
2011-06-23,98.54054260253906,13.863009452819824,21.591686248779297,9.15754222869873,27.310712814331055,10.268144607543945,20.629182815551758,9.878388404846191,27.26527214050293,16.259475708007812
2011-06-24,97.3961410522461,13.774784088134766,21.182546615600586,9.102041244506836,27.000024795532227,10.091322898864746,20.462055206298828,9.908596992492676,26.946704864501953,16.100549697875977
2011-06-27,98.2640380859375,13.80419635772705,21.29604148864746,9.194540977478027,27.212202072143555,10.227025032043457,20.555646896362305,9.981100082397461,27.086570739746094,16.297109603881836
2011-06-28,99.54667663574219,14.072559356689453,21.917207717895508,9.237709045410156,27.636558532714844,10.354500770568848,20.59575843811035,10.026413917541504,27.4672908782959,16.6065731048584
2011-06-29,100.39923858642578,14.296805381774902,22.174026489257812,9.428873062133789,27.780540466308594,10.436744689941406,20.716087341308594,10.092873573303223,27.52168083190918,16.68184471130371
2011-06-30,101.35926818847656,14.473259925842285,22.50253677368164,9.465872764587402,28.22006607055664,10.56833553314209,20.876514434814453,10.114020347595215,27.607162475585938,16.815671920776367
2011-07-01,102.8569564819336,14.605606079101562,22.714569091796875,9.638545036315918,28.727781295776367,10.741048812866211,21.03695297241211,10.234857559204102,27.941265106201172,17.154409408569336
2011-07-05,102.7724838256836,14.623991966247559,22.854928970336914,9.552206039428711,28.56864356994629,10.757494926452637,21.030263900756836,10.174437522888184,27.86357879638672,17.22968864440918
2011-07-06,102.89540100097656,14.682809829711914,22.813121795654297,9.50287914276123,28.72020149230957,10.806840896606445,21.143905639648438,10.195582389831543,27.941265106201172,17.166959762573242
2011-07-07,103.96295928955078,14.903380393981934,23.156558990478516,9.6570463180542,29.023319244384766,10.938435554504395,21.290969848632812,10.23788070678711,27.925731658935547,17.40532875061035
2011-07-08,103.22560119628906,14.789423942565918,22.962444305419922,9.533708572387695,28.65957260131836,10.884976387023926,21.217435836791992,10.19860553741455,27.80140495300293,17.30077362060547
2011-07-11,101.35926818847656,14.491642951965332,22.418912887573242,9.274710655212402,28.12912368774414,10.704041481018066,21.063692092895508,10.089853286743164,27.42067527770996,16.966224670410156
2011-07-12,100.92152404785156,14.432827949523926,22.335302352905273,9.237709045410156,27.856311798095703,10.609458923339844,20.996835708618164,10.135168075561523,27.42067527770996,16.88257598876953
2011-07-13,101.25943756103516,14.55782413482666,22.50253677368164,9.243873596191406,27.969987869262695,10.634130477905273,20.996835708618164,10.107978820800781,27.529462814331055,16.97039794921875
2011-07-14,100.56053924560547,14.418121337890625,22.35321807861328,9.176041603088379,27.666868209838867,10.543661117553711,20.90325927734375,10.062665939331055,27.482830047607422,16.840763092041016
2011-07-15,101.14424133300781,14.546792030334473,22.95348358154297,9.15754222869873,27.689613342285156,10.65880012512207,20.96341896057129,10.07776927947998,27.342967987060547,16.849132537841797
2011-07-18,100.31470489501953,14.374003410339355,22.875839233398438,9.034209251403809,27.378904342651367,10.621796607971191,20.82971954345703,9.981100082397461,27.140941619873047,16.686037063598633
2011-07-19,101.94298553466797,14.590907096862793,23.293943405151367,9.145206451416016,27.735065460205078,10.876749992370605,21.117164611816406,10.068709373474121,27.381813049316406,17.008045196533203
2011-07-20,101.88154602050781,14.579876899719238,23.23420524597168,9.250039100646973,27.788114547729492,10.843850135803223,21.083744049072266,10.129125595092773,27.288570404052734,16.920207977294922
2011-07-21,103.29476928710938,14.756330490112305,23.691129684448242,9.472041130065918,28.20490264892578,10.893197059631348,21.25754737854004,10.280169486999512,27.700397491455078,17.116775512695312
2011-07-22,103.3638687133789,14.68648624420166,23.810583114624023,9.447375297546387,27.909366607666016,10.98777961730957,21.217435836791992,10.216731071472168,27.65377426147461,17.18368148803711
2011-07-25,102.78783416748047,14.649727821350098,23.71501922607422,9.379541397094727,27.89420509338379,10.958992958068848,21.023582458496094,10.252981185913086,27.366289138793945,17.070768356323242
2011-07-26,102.40381622314453,14.491642951965332,23.60153579711914,9.36721134185791,27.378904342651367,11.008341789245605,20.97010040283203,10.216731071472168,27.14871597290039,17.0414981842041
2011-07-27,100.30707550048828,14.16079330444336,23.156558990478516,9.145206451416016,26.63627815246582,10.716377258300781,20.74282455444336,10.186525344848633,26.674739837646484,16.74457359313965
2011-07-28,100.01518249511719,14.131378173828125,23.06099510192871,9.151373863220215,26.408937454223633,10.699928283691406,20.74282455444336,10.123085021972656,26.651426315307617,16.660934448242188
2011-07-29,99.33162689208984,13.973302841186523,22.83104705810547,9.12670612335205,26.280118942260742,10.613571166992188,20.609119415283203,10.020370483398438,26.511566162109375,16.58148956298828
2011-08-01,98.9092025756836,13.925508499145508,22.798192977905273,9.095870971679688,26.1134090423584,10.605347633361816,20.535587310791016,10.050580978393555,26.06090545654297,16.493663787841797
2011-08-02,96.38233947753906,13.495391845703125,22.162094116210938,8.849207878112793,25.204051971435547,10.383284568786621,20.268203735351562,9.878388404846191,25.501455307006836,15.8705472946167
2011-08-03,96.90460205078125,13.565235137939453,22.036663055419922,8.892374038696289,25.431394577026367,10.490201950073242,20.348421096801758,9.878388404846191,25.548072814941406,15.987642288208008
2011-08-04,92.36543273925781,12.646187782287598,20.52553939819336,8.442205429077148,24.0673770904541,10.066648483276367,19.713361740112305,9.555150985717773,24.530195236206055,15.209797859191895
2011-08-05,92.22721099853516,12.616779327392578,20.32843589782715,8.281868934631348,24.0673770904541,10.00496768951416,19.994123458862305,9.633696556091309,24.71668243408203,15.197256088256836
2011-08-08,86.22103881835938,11.69404411315918,18.599308013916016,7.498695373535156,22.369922637939453,9.441594123840332,19.238750457763672,9.123161315917969,23.450159072875977,14.243760108947754
2011-08-09,90.2302474975586,12.41458511352539,19.546003341674805,8.07837200164795,23.476301193237305,9.87337589263916,19.706680297851562,9.422231674194336,24.304866790771484,14.90451717376709
2011-08-10,86.24410247802734,11.988141059875488,18.871074676513672,7.5172014236450195,22.27899742126465,9.48682689666748,18.951303482055664,9.244000434875488,23.279216766357422,14.268855094909668
2011-08-11,90.11505126953125,12.580018043518066,19.850618362426758,7.936534404754639,23.339895248413086,9.848702430725098,19.512821197509766,9.633696556091309,24.34371566772461,14.900336265563965
2011-08-12,90.72180938720703,12.660890579223633,19.996944427490234,7.881033897399902,23.794570922851562,9.918609619140625,19.74679183959961,9.576299667358398,24.584583282470703,15.084344863891602
2011-08-15,92.64192962646484,12.863086700439453,20.671876907348633,8.13387393951416,24.15073013305664,10.095434188842773,20.027549743652344,9.902555465698242,24.996402740478516,15.305980682373047
2011-08-16,91.850830078125,12.657215118408203,20.32843589782715,7.973533630371094,23.809720993041992,10.021415710449219,20.074350357055664,9.890478134155273,24.973093032836914,15.222346305847168
2011-08-17,91.91230010986328,12.69397258758545,20.40907096862793,8.022870063781738,23.733943939208984,9.976183891296387,20.208036422729492,9.962974548339844,24.996402740478516,15.201441764831543
2011-08-18,87.94918060302734,11.955056190490723,19.226455688476562,7.634366035461426,22.4229736328125,9.49094009399414,19.847070693969727,9.845157623291016,24.17277717590332,14.448686599731445
2011-08-19,86.5129165649414,11.76389217376709,18.886005401611328,7.4802021980285645,22.074390411376953,9.26065444946289,19.75347137451172,9.784743309020996,24.110614776611328,14.239583015441895
2011-08-22,86.58203887939453,11.76389217376709,18.73370361328125,7.387702465057373,22.157751083374023,9.310007095336914,19.813640594482422,9.760575294494629,24.09507179260254,14.281403541564941
2011-08-23,89.43148803710938,12.179300308227539,19.578853607177734,7.628201961517334,22.938268661499023,9.651317596435547,20.221406936645508,9.935785293579102,24.879854202270508,14.833417892456055
2011-08-24,90.69109344482422,12.352086067199707,19.69532585144043,7.8317036628723145,23.4005184173584,9.737671852111816,20.308311462402344,10.150269508361816,25.167348861694336,15.096888542175293
2011-08-25,89.30858612060547,12.216068267822266,19.280216217041016,7.807034492492676,22.96100425720215,9.597859382629395,20.00081443786621,9.98412036895752,24.739986419677734,14.79578685760498
2011-08-26,90.60662841796875,12.473403930664062,19.65351104736328,7.874866962432861,23.43840980529785,9.787015914916992,20.167932510375977,9.969016075134277,25.050798416137695,15.105247497558594
2011-08-29,93.21029663085938,12.85205364227295,20.226903915405273,8.201704978942871,24.18104362487793,10.03375244140625,20.52890968322754,10.165376663208008,25.68793487548828,15.544353485107422
2011-08-30,93.45606231689453,12.958657264709473,20.346357345581055,8.146201133728027,24.385650634765625,10.074870109558105,20.582387924194336,10.171420097351074,25.773420333862305,15.615446090698242
2011-08-31,93.87080383300781,12.991752624511719,20.49866485595703,8.251036643981934,24.5523624420166,10.050198554992676,20.649232864379883,10.23788070678711,25.952125549316406,15.711630821228027
2011-09-01,92.8877182006836,12.815288543701172,20.343372344970703,8.066038131713867,24.15073013305664,9.939168930053711,20.575700759887695,10.171420097351074,25.78118324279785,15.519264221191406
2011-09-02,90.5144271850586,12.488107681274414,19.77594757080078,7.733036041259766,23.377790451049805,9.713003158569336,20.281570434570312,10.056625366210938,25.213970184326172,15.080161094665527
2011-09-06,89.8539047241211,12.421939849853516,19.56093406677246,7.597364902496338,23.135297775268555,9.66776180267334,20.20135498046875,10.008288383483887,25.276126861572266,15.03415584564209
2011-09-07,92.38845825195312,12.778529167175293,20.277671813964844,7.961203098297119,23.855194091796875,9.918609619140625,20.56233024597168,10.120059967041016,25.882186889648438,15.42308235168457
2011-09-08,91.42842102050781,12.60942268371582,20.041744232177734,7.7885332107543945,23.49903106689453,9.869260787963867,20.508853912353516,10.114020347595215,25.60247230529785,15.213980674743652
2011-09-09,89.0321044921875,12.194012641906738,19.378761291503906,7.54186487197876,22.870075225830078,9.659540176391602,20.054288864135742,9.908596992492676,24.840999603271484,14.81251335144043
2011-09-12,89.6081314086914,12.113131523132324,19.471343994140625,7.628201961517334,22.915536880493164,9.774682998657227,20.074350357055664,9.99016284942627,24.926471710205078,14.988161087036133
2011-09-13,90.42996215820312,12.311651229858398,19.52509117126465,7.677535533905029,23.339895248413086,9.889827728271484,20.147876739501953,10.056625366210938,25.182876586914062,15.163799285888672
2011-09-14,91.68187713623047,12.502809524536133,19.76699447631836,7.770033359527588,23.749099731445312,10.037860870361328,20.388525009155273,10.126104354858398,25.42375946044922,15.41471004486084
2011-09-15,93.26404571533203,12.716034889221191,20.15821075439453,7.967366695404053,24.234086990356445,10.19823932647705,20.629182815551758,10.252981185913086,25.6568603515625,15.673995018005371
2011-09-16,93.8160400390625,12.757791519165039,20.114437103271484,7.992128849029541,24.362110137939453,10.311342239379883,20.76315689086914,10.369865417480469,25.795129776000977,15.849408149719238
2011-09-19,92.88191986083984,12.569310188293457,19.796642303466797,7.775459289550781,24.13349723815918,10.286571502685547,20.588111877441406,10.311884880065918,25.552959442138672,15.820026397705078
2011-09-20,92.77379608154297,12.421483993530273,19.67371368408203,7.750698566436768,23.95823860168457,10.261805534362793,20.628511428833008,10.461416244506836,25.787311553955078,15.736103057861328
2011-09-21,90.04084777832031,11.859724998474121,18.855224609375,7.3668742179870605,22.96759796142578,10.109076499938965,20.204357147216797,10.269156455993652,25.092052459716797,15.228349685668945
2011-09-22,87.13034057617188,11.194485664367676,17.790891647338867,7.156393527984619,22.10649871826172,9.795360565185547,19.820598602294922,10.095208168029785,24.58427619934082,14.770957946777344
2011-09-23,87.65534210205078,11.176008224487305,17.59901237487793,7.230681896209717,22.335102081298828,9.90681266784668,19.860998153686523,10.195915222167969,24.59209442138672,14.993363380432129
2011-09-26,89.7397689819336,11.534496307373047,18.24060821533203,7.552595138549805,22.899011611938477,10.030648231506348,20.2447566986084,10.278311729431152,24.998313903808594,15.345848083496094
2011-09-27,90.7433853149414,11.7747220993042,18.5074405670166,7.589738368988037,23.302892684936523,10.158611297607422,20.365938186645508,10.314932823181152,25.381093978881836,15.450754165649414
2011-09-28,88.89057159423828,11.253619194030762,17.901824951171875,7.3730669021606445,22.70850944519043,10.01413631439209,19.98218536376953,10.211176872253418,24.943620681762695,15.186387062072754
2011-09-29,89.59307098388672,11.264704704284668,18.072711944580078,7.577359676361084,23.03618049621582,9.993496894836426,20.177419662475586,10.375967979431152,25.10767936706543,15.060494422912598
2011-09-30,87.35419464111328,10.850781440734863,17.54204750061035,7.311159133911133,22.266525268554688,9.741698265075684,19.968717575073242,10.260002136230469,24.787391662597656,14.628279685974121
2011-10-03,84.86831665039062,10.544031143188477,16.945423126220703,6.983053684234619,21.641664505004883,9.522924423217773,19.679214477539062,10.015863418579102,23.998382568359375,14.200258255004883
2011-10-04,86.7288818359375,10.954261779785156,17.500080108642578,7.26163387298584,22.243663787841797,9.716931343078613,19.86773681640625,9.967032432556152,24.256174087524414,14.649258613586426
2011-10-05,88.33467864990234,11.390364646911621,18.144668579101562,7.3668742179870605,22.71612548828125,9.91919994354248,19.8946533203125,9.973136901855469,24.64676284790039,14.917825698852539
2011-10-06,89.93277740478516,11.678633689880371,18.486459732055664,7.595927715301514,23.173341751098633,10.06779956817627,20.130294799804688,10.150138854980469,24.943620681762695,15.26611614227295
2011-10-07,89.3305892944336,11.501235008239746,18.25859832763672,7.323540210723877,23.119998931884766,10.030648231506348,20.2447566986084,10.192864418029785,24.920190811157227,15.253530502319336
2011-10-10,92.31834411621094,11.985377311706543,19.086088180541992,7.701170444488525,23.92774772644043,10.34023666381836,20.561180114746094,10.391230583190918,25.490467071533203,15.769669532775879
2011-10-11,92.41097259521484,12.000163078308105,19.125062942504883,7.694980144500732,23.996328353881836,10.38564395904541,20.520788192749023,10.296623229980469,25.4514102935791,15.836811065673828
2011-10-12,93.2215805053711,12.118428230285645,19.22699546813965,7.893082141876221,24.301145553588867,10.431049346923828,20.68235969543457,10.272204399108887,25.467029571533203,15.979485511779785
2011-10-13,93.03629302978516,12.055598258972168,19.20001220703125,7.707361698150635,24.09540557861328,10.54662799835205,20.62177276611328,10.272204399108887,25.443593978881836,15.966893196105957
2011-10-14,94.62667846679688,12.37343978881836,19.967538833618164,7.8002214431762695,24.52975082397461,10.732380867004395,20.783355712890625,10.369865417480469,25.685760498046875,16.227081298828125
2011-10-17,92.82013702392578,11.952117919921875,19.60476303100586,7.55879020690918,23.828689575195312,10.563138008117676,20.6419734954834,10.327139854431152,25.2404842376709,15.895557403564453
2011-10-18,94.6343994140625,12.258866310119629,20.234375,7.917841911315918,24.514511108398438,10.658080101013184,20.796817779541016,10.400383949279785,25.42797088623047,16.21868324279785
2011-10-19,93.51495361328125,11.904070854187012,20.024503707885742,7.80640983581543,24.217321395874023,10.451690673828125,20.736228942871094,10.409538269042969,25.381093978881836,15.975295066833496
2011-10-20,93.92411041259766,12.014947891235352,20.180400848388672,7.924034595489502,24.42307472229004,10.406283378601074,20.85068130493164,10.467523574829102,25.35765266418457,16.055017471313477
2011-10-21,95.70752716064453,12.332779884338379,20.552175521850586,8.128325462341309,24.895532608032227,10.538373947143555,21.18731117248535,10.644523620605469,25.865436553955078,16.499828338623047
2011-10-24,96.88098907470703,12.628440856933594,20.821990966796875,8.307852745056152,25.36037254333496,10.703487396240234,21.03919792175293,10.59874439239502,26.25603675842285,16.743213653564453
2011-10-25,94.99723815917969,12.306915283203125,20.38727378845215,8.06022834777832,24.84218978881836,10.534244537353516,20.790084838867188,10.479727745056152,25.72481918334961,16.378137588500977
2011-10-26,95.96224975585938,12.528656959533691,20.827999114990234,8.20261287689209,25.0174503326416,10.579652786254883,20.998794555664062,10.522455215454102,26.068546295166016,16.315195083618164
2011-10-27,99.30513763427734,13.208683013916016,21.751420974731445,8.69167423248291,26.107152938842773,10.893365859985352,21.268098831176758,10.772698402404785,26.701324462890625,16.760005950927734
2011-10-28,99.28195190429688,13.30107593536377,21.898326873779297,8.697870254516602,26.107152938842773,10.930516242980957,21.214237213134766,10.684196472167969,26.724761962890625,16.629911422729492
2011-10-31,96.8886947631836,12.731926918029785,20.899953842163086,8.357382774353027,25.467050552368164,10.736504554748535,20.897808074951172,10.635366439819336,26.21697998046875,16.373933792114258
2011-11-01,94.18663787841797,12.391912460327148,20.225370407104492,7.961179256439209,24.69740867614746,10.43930721282959,20.534252166748047,10.412590980529785,25.717010498046875,16.021448135375977
2011-11-02,95.72294616699219,12.698659896850586,20.833988189697266,8.196420669555664,25.185100555419922,10.567268371582031,20.729496002197266,10.595694541931152,25.888877868652344,16.18511390686035
2011-11-03,97.46771240234375,12.957367897033691,21.382646560668945,8.3388090133667,25.802352905273438,10.81906795501709,20.985334396362305,10.723871231079102,26.17010498046875,16.39492416381836
2011-11-04,96.87325286865234,12.927801132202148,21.364660263061523,8.227376937866211,25.60421371459961,10.75301742553711,20.864145278930664,10.675042152404785,25.927942276000977,16.33197593688965
2011-11-07,97.47543334960938,13.038673400878906,21.481584548950195,8.270712852478027,25.665180206298828,10.81906795501709,21.03919792175293,10.733023643493652,26.232608795166016,16.43688201904297
2011-11-08,98.72610473632812,13.193897247314453,21.832368850708008,8.425477027893066,25.95475959777832,10.942901611328125,21.24789810180664,10.803217887878418,26.55289649963379,16.596342086791992
2011-11-09,95.08216094970703,12.550829887390137,20.866973876953125,7.9673686027526855,24.948883056640625,10.563138008117676,20.749692916870117,10.568230628967285,25.787311553955078,16.004663467407227
2011-11-10,95.97770690917969,12.70235824584961,21.229747772216797,8.00451374053955,25.25368881225586,10.596159934997559,20.95166778564453,10.638420104980469,26.15447998046875,16.155725479125977
2011-11-11,97.78423309326172,12.998022079467773,21.664480209350586,8.196420669555664,25.855684280395508,10.798426628112793,21.194040298461914,10.791009902954102,26.615392684936523,16.562774658203125
2011-11-14,96.85784149169922,12.861276626586914,21.379653930664062,8.029277801513672,25.695661544799805,10.715872764587402,21.01226234436035,10.662833213806152,26.435718536376953,16.441082000732422
2011-11-15,97.33647155761719,12.887149810791016,21.35567283630371,8.066418647766113,25.848072052001953,10.860345840454102,21.113248825073242,10.681142807006836,26.498214721679688,16.499828338623047
2011-11-16,95.79238891601562,12.58409595489502,21.034873962402344,7.868318557739258,25.467050552368164,10.699358940124512,20.924739837646484,10.552972793579102,25.990434646606445,16.18930435180664
2011-11-17,94.27153778076172,12.225606918334961,20.555152893066406,7.713552474975586,25.02507781982422,10.492964744567871,20.85068130493164,10.498042106628418,25.717010498046875,15.903950691223145
2011-11-18,94.17115020751953,12.292130470275879,20.432239532470703,7.738317489624023,25.086040496826172,10.406283378601074,20.911272048950195,10.571279525756836,25.662330627441406,15.895557403564453
2011-11-21,92.3801040649414,12.077775001525879,20.06647300720215,7.5464043617248535,24.506893157958984,10.22465705871582,20.57465171813965,10.440055847167969,25.170177459716797,15.647978782653809
2011-11-22,92.01725769042969,11.985377311706543,19.877588272094727,7.478307247161865,24.34686279296875,10.208146095275879,20.5948429107666,10.311884880065918,25.23267364501953,15.63958740234375
2011-11-23,89.98681640625,11.6675443649292,19.274965286254883,7.274016380310059,23.7829647064209,9.964598655700684,20.37266731262207,10.150138854980469,24.865507125854492,15.329066276550293
2011-11-25,89.81695556640625,11.60841178894043,19.137048721313477,7.292588233947754,23.744861602783203,9.910942077636719,20.446727752685547,10.202019691467285,24.77176284790039,15.245139122009277
2011-11-28,92.4186782836914,12.044516563415527,19.853605270385742,7.50925874710083,24.54500389099121,10.237043380737305,20.769887924194336,10.330191612243652,25.435781478881836,15.710927963256836
2011-11-29,92.68116760253906,12.066689491271973,20.138425827026367,7.472116947174072,24.5678653717041,10.183378219604492,20.985334396362305,10.443107604980469,25.545154571533203,15.765471458435059
2011-11-30,96.4949722290039,12.757791519165039,21.24773406982422,7.930225849151611,25.825212478637695,10.575520515441895,21.476808547973633,10.745231628417969,26.466962814331055,16.256444931030273
2011-12-01,96.47953796386719,12.67648983001709,21.130796432495117,7.886895179748535,25.74138069152832,10.633315086364746,21.443145751953125,10.714712142944336,26.506027221679688,16.269031524658203
2011-12-02,96.39458465576172,12.5656156539917,21.112815856933594,7.992128849029541,25.68804359436035,10.625056266784668,21.369094848632812,10.604849815368652,26.177919387817383,16.39492416381836
2011-12-05,97.4445571899414,12.71345043182373,21.3736572265625,8.153087615966797,25.962379455566406,10.744765281677246,21.49700355529785,10.687250137329102,26.22479248046875,16.545984268188477
2011-12-06,97.47543334960938,12.831709861755371,21.370655059814453,8.159278869628906,25.95475959777832,10.740639686584473,21.523927688598633,10.717764854431152,26.334157943725586,16.49143409729004
2011-12-07,97.83828735351562,12.84280014038086,21.166780471801758,8.258328437805176,25.947124481201172,10.75301742553711,21.577791213989258,10.702505111694336,26.529457092285156,16.596342086791992
2011-12-08,95.69207000732422,12.443657875061035,20.57614517211914,7.936417579650879,25.30703353881836,10.583780288696289,21.32868766784668,10.546869277954102,26.037307739257812,16.24385643005371
2011-12-09,97.3133316040039,12.602571487426758,21.043865203857422,8.10975456237793,25.88616943359375,10.748891830444336,21.55086898803711,10.681142807006836,26.420089721679688,16.512420654296875
2011-12-12,95.89279174804688,12.303217887878418,20.552175521850586,7.917841911315918,25.41371726989746,10.612675666809082,21.355621337890625,10.589591026306152,26.10761260986328,16.462060928344727
2011-12-13,94.99723815917969,12.096253395080566,20.36028480529785,7.80640983581543,25.078420639038086,10.513604164123535,21.308496475219727,10.629264831542969,26.060741424560547,16.13895034790039
2011-12-14,93.98590087890625,11.948421478271484,19.787647247314453,7.775459289550781,24.781227111816406,10.352620124816895,21.200775146484375,10.562128067016602,26.045116424560547,15.971100807189941
2011-12-15,94.3255844116211,12.029733657836914,19.703706741333008,7.7816481590271,24.95649528503418,10.327853202819824,21.416213989257812,10.690298080444336,26.334157943725586,15.996269226074219
2011-12-16,94.46542358398438,12.106024742126465,19.913551330566406,7.81279993057251,25.06235694885254,10.356460571289062,21.392438888549805,10.65882682800293,26.246177673339844,15.996269226074219
2011-12-19,93.45540618896484,11.890172004699707,19.564302444458008,7.638350963592529,24.80152702331543,10.256958961486816,21.304126739501953,10.578588485717773,26.246177673339844,15.81900405883789
2011-12-20,96.28340148925781,12.35908317565918,20.36818504333496,7.924949645996094,25.65304946899414,10.547171592712402,21.745695114135742,10.80385971069336,26.79608917236328,16.25373077392578
2011-12-21,96.46987915039062,12.377690315246582,20.593996047973633,7.968558311462402,25.660717010498047,10.373043060302734,21.976669311523438,10.964332580566406,26.968902587890625,16.3085994720459
2011-12-22,97.32449340820312,12.500500679016113,20.834867477416992,8.1367769241333,25.906208038330078,10.493274688720703,21.969881057739258,10.976675987243652,27.16530418395996,16.355024337768555
2011-12-23,98.19464874267578,12.619587898254395,20.95529556274414,8.192852020263672,26.151683807373047,10.59692096710205,22.126129150390625,11.047651290893555,27.338130950927734,16.536518096923828
2011-12-27,98.27230834960938,12.615862846374512,21.009485244750977,8.149239540100098,26.14402198791504,10.613505363464355,22.166879653930664,11.137141227722168,27.40097999572754,16.587158203125
2011-12-28,96.98262786865234,12.314423561096191,20.60904884338379,8.018402099609375,25.729768753051758,10.50571346282959,22.058195114135742,11.097026824951172,27.102458953857422,16.405675888061523
2011-12-29,97.98487091064453,12.47445011138916,20.822818756103516,8.143006324768066,26.05196189880371,10.58448314666748,22.17367172241211,11.183432579040527,27.298851013183594,16.574512481689453
2011-12-30,97.50320434570312,12.46700382232666,20.81378746032715,8.099395751953125,25.890871047973633,10.551313400268555,22.07177734375,11.103198051452637,27.25171661376953,16.46898078918457
2012-01-03,99.05701446533203,12.81310749053955,21.391862869262695,8.311226844787598,26.45853614807129,10.700565338134766,22.0513973236084,10.905696868896484,27.605224609375,16.608266830444336
2012-01-04,99.21237182617188,12.921027183532715,21.437021255493164,8.28630542755127,26.58127784729004,10.729584693908691,22.003843307495117,10.843977928161621,27.47167205810547,16.73911476135254
2012-01-05,99.47655487060547,12.95823860168457,21.334653854370117,8.398449897766113,26.588953018188477,10.7627592086792,21.99025535583496,10.865581512451172,27.55023765563965,16.878387451171875
2012-01-06,99.22019958496094,12.939635276794434,21.20819854736328,8.348608016967773,26.535253524780273,10.766904830932617,21.84759521484375,10.806951522827148,27.597370147705078,16.90370750427246
2012-01-09,99.46099090576172,12.965680122375488,21.310571670532227,8.392220497131348,26.734712600708008,10.750320434570312,21.881567001342773,10.822375297546387,27.644502639770508,16.878387451171875
2012-01-10,100.32337951660156,13.207584381103516,21.500255584716797,8.541746139526367,27.118284225463867,10.787635803222656,21.956295013427734,10.83780574798584,27.848751068115234,16.988126754760742
2012-01-11,100.37776184082031,13.3378324508667,21.211214065551758,8.641432762145996,27.202672958374023,10.82080078125,21.861175537109375,10.788432121276855,27.872316360473633,17.01345443725586
2012-01-12,100.61859893798828,13.523908615112305,21.012500762939453,8.67258071899414,27.44048500061035,10.8746976852417,21.854389190673828,10.773002624511719,27.95873260498047,17.06409454345703
2012-01-13,100.09806060791016,13.434595108032227,20.907127380371094,8.61028003692627,27.22568130493164,10.812509536743164,21.834009170532227,10.766831398010254,27.83305549621582,17.04299545288086
2012-01-17,100.48653411865234,13.509024620056152,21.054656982421875,8.541746139526367,27.36376953125,10.862256050109863,21.915525436401367,10.757573127746582,28.00587272644043,17.089414596557617
2012-01-18,101.59756469726562,13.661609649658203,21.400894165039062,8.67258071899414,27.609243392944336,11.019806861877441,21.96308708190918,10.754486083984375,28.162982940673828,17.3637638092041
2012-01-19,102.13362884521484,13.672768592834473,21.48821449279785,8.753579139709473,27.900754928588867,11.098577499389648,22.003843307495117,10.664998054504395,28.162982940673828,17.515703201293945
2012-01-20,102.51428985595703,13.613221168518066,21.49122428894043,8.809648513793945,27.73966407775879,11.11101245880127,22.010639190673828,10.680424690246582,28.162982940673828,17.37220001220703
2012-01-23,102.2501449584961,13.605780601501465,21.66283416748047,8.840800285339355,27.708974838256836,11.14832592010498,21.99025535583496,10.723627090454102,28.037294387817383,17.359546661376953
2012-01-24,102.13362884521484,13.605780601501465,21.5996150970459,8.828338623046875,27.73966407775879,11.140034675598145,21.867977142333984,10.637222290039062,28.045143127441406,17.41019630432129
2012-01-25,102.98819732666016,13.82163143157959,21.864564895629883,8.84703540802002,28.046533584594727,11.22709846496582,22.119335174560547,10.81312370300293,28.249393463134766,17.53680992126465
2012-01-26,102.45989990234375,13.81790542602539,21.566490173339844,8.77226734161377,27.992815017700195,11.152475357055664,22.037809371948242,10.850152969360352,28.123701095581055,17.50727081298828
2012-01-27,102.41329956054688,13.836514472961426,21.52132797241211,8.803421974182129,27.969806671142578,11.152475357055664,21.888355255126953,10.71745491027832,28.139427185058594,17.494604110717773
2012-01-30,102.06365966796875,13.82163143157959,21.418962478637695,8.72242546081543,27.87008285522461,11.185639381408691,21.745695114135742,10.649565696716309,28.100135803222656,17.443954467773438
2012-01-31,102.02484130859375,13.836514472961426,21.283472061157227,8.759807586669922,27.785694122314453,11.206372261047363,21.75928497314453,10.702025413513184,28.123701095581055,17.43973731994629
2012-02-01,102.91828918457031,13.974211692810059,21.367778778076172,8.896872520446777,28.08487319946289,11.318309783935547,21.915525436401367,10.739060401916504,28.39866065979004,17.498821258544922
2012-02-02,103.08142852783203,13.907219886779785,21.530357360839844,8.940486907958984,28.1002197265625,11.34732723236084,21.997047424316406,10.720544815063477,28.288673400878906,17.477725982666016
2012-02-03,104.5265121459961,14.09701919555664,21.90972900390625,9.183466911315918,28.583511352539062,11.492436408996582,22.064979553222656,10.74831771850586,28.45365333557129,17.836477279663086
2012-02-06,104.45658111572266,14.018868446350098,22.171667098999023,9.13985538482666,28.51446533203125,11.496583938598633,22.0513973236084,10.702025413513184,28.29654312133789,17.79848861694336
2012-02-07,104.72074890136719,14.003981590270996,22.28606605529785,9.133625030517578,28.483789443969727,11.525599479675293,22.07177734375,10.779175758361816,28.39866065979004,17.882905960083008
2012-02-08,105.0315170288086,14.018868446350098,22.21080207824707,9.202157974243164,28.545162200927734,11.59607982635498,22.078577041625977,10.791522026062012,28.39866065979004,17.92511558532715
2012-02-09,105.16357421875,14.033750534057617,22.213817596435547,9.164776802062988,28.621877670288086,11.70802116394043,22.20085334777832,10.760658264160156,28.249393463134766,17.954660415649414
2012-02-10,104.38667297363281,13.78813648223877,21.991008758544922,9.077553749084473,28.361045837402344,11.620955467224121,22.153305053710938,10.739060401916504,28.131559371948242,17.857585906982422
2012-02-13,105.16357421875,13.82535171508789,22.1656436920166,9.158544540405273,28.70625114440918,11.695582389831543,22.24840545654297,10.726713180541992,28.343679428100586,18.00108528137207
2012-02-14,105.0315170288086,13.646722793579102,22.204784393310547,9.071320533752441,28.606525421142578,11.716313362121582,22.30275535583496,10.729798316955566,28.461498260498047,17.97997283935547
2012-02-15,104.5420150756836,13.65788459777832,22.16865348815918,9.01524829864502,28.230640411376953,11.654126167297363,22.295961380004883,10.708200454711914,28.40650749206543,17.899782180786133
2012-02-16,105.69964599609375,13.89977741241455,22.457691192626953,9.158544540405273,28.491466522216797,11.824109077453613,22.438617706298828,10.822375297546387,28.56363296508789,17.97575569152832
2012-02-17,105.97938537597656,13.907219886779785,22.5419979095459,9.214618682861328,28.598857879638672,11.824109077453613,22.459003448486328,10.816205978393555,28.4693603515625,18.13192367553711
2012-02-21,106.02596282958984,13.989094734191895,22.69554328918457,9.208390235900879,28.69859504699707,11.873857498168945,22.32992935180664,10.776086807250977,28.26511573791504,18.068614959716797
2012-02-22,105.68412017822266,13.966767311096191,22.746732711791992,9.090014457702637,28.667909622192383,11.832399368286133,22.268787384033203,10.788432121276855,28.26511573791504,18.022186279296875
2012-02-23,106.15026092529297,13.981654167175293,22.861141204833984,9.171005249023438,28.759960174560547,11.878005027770996,22.384279251098633,10.779175758361816,28.288673400878906,18.11081886291504
2012-02-24,106.38331604003906,13.974211692810059,22.951467514038086,9.13985538482666,28.75229835510254,11.948479652404785,22.459003448486328,10.82546329498291,28.430076599121094,18.0897216796875
2012-02-27,106.56204986572266,13.977930068969727,22.87920570373535,9.208390235900879,28.775291442871094,11.969216346740723,22.459003448486328,10.822375297546387,28.485065460205078,18.195226669311523
2012-02-28,106.872802734375,14.022590637207031,22.803936004638672,9.233311653137207,28.736936569213867,12.0562744140625,22.533727645874023,10.769916534423828,28.595048904418945,18.296524047851562
2012-02-29,106.4532699584961,13.758366584777832,22.545001983642578,9.195931434631348,28.56049346923828,12.00238037109375,22.574485778808594,10.766831398010254,28.422222137451172,18.228992462158203
2012-03-01,107.00485229492188,13.910940170288086,22.76178741455078,9.295615196228027,28.660242080688477,12.07286548614502,22.540525436401367,10.794602394104004,28.571489334106445,18.380935668945312
2012-03-02,106.6785888671875,13.877452850341797,22.50284767150879,9.264463424682617,28.491466522216797,12.0562744140625,22.560901641845703,10.788432121276855,28.524356842041016,18.36827850341797
2012-03-05,106.2435073852539,13.654154777526855,22.358335494995117,9.227078437805176,28.29200553894043,11.952631950378418,22.662809371948242,10.81312370300293,28.461498260498047,18.351398468017578
2012-03-06,104.68966674804688,13.375043869018555,21.994020462036133,9.002787590026855,27.6552791595459,11.836545944213867,22.47259521484375,10.769916534423828,28.092283248901367,18.06439208984375
2012-03-07,105.41999053955078,13.40854549407959,22.177690505981445,9.114937782287598,27.93911361694336,11.923609733581543,22.506555557250977,10.776086807250977,28.21797752380371,18.27120590209961
2012-03-08,106.4687728881836,13.631832122802734,22.358335494995117,9.202157974243164,28.33802604675293,12.043840408325195,22.662809371948242,10.810033798217773,28.53220558166504,18.4569091796875
2012-03-09,106.88058471679688,13.635554313659668,22.337257385253906,9.276923179626465,28.399404525756836,12.097734451293945,22.73753547668457,10.853235244750977,28.65005111694336,18.562423706054688
2012-03-12,106.88836669921875,13.561128616333008,22.213817596435547,9.252004623413086,28.391733169555664,12.114320755004883,22.81905746459961,10.976675987243652,28.65005111694336,18.51177978515625
2012-03-13,108.81510162353516,13.784415245056152,22.48177719116211,9.60712718963623,28.982425689697266,12.354784965515137,22.988882064819336,11.01370620727539,29.058534622192383,18.798786163330078
2012-03-14,108.69852447509766,13.732311248779297,22.264999389648438,9.619588851928711,28.913387298583984,12.400388717651367,22.920955657958984,10.850152969360352,29.050697326660156,18.773468017578125
2012-03-15,109.32785034179688,13.832796096801758,22.30113983154297,9.78780746459961,29.25860023498535,12.433555603027344,22.961715698242188,10.840895652770996,29.09781837463379,18.83677101135254
2012-03-16,109.4792709350586,13.859314918518066,22.6079044342041,9.825308799743652,29.27169418334961,12.427730560302734,22.946691513061523,10.832174301147461,29.09465789794922,18.77623176574707
2012-03-19,109.90840148925781,13.94523811340332,22.71066665649414,9.875310897827148,29.27169418334961,12.519237518310547,22.960344314575195,10.757428169250488,29.086767196655273,18.87360382080078
2012-03-20,109.58845520019531,13.86678695678711,22.369131088256836,9.925309181213379,28.932588577270508,12.506760597229004,22.946691513061523,10.769885063171387,28.936763763427734,18.903249740600586
2012-03-21,109.40901184082031,13.86678695678711,22.10315704345703,9.881563186645508,28.91716194152832,12.502602577209473,22.98082733154297,10.74808120727539,28.920970916748047,18.928638458251953
2012-03-22,108.62088012695312,13.642648696899414,21.60445785522461,9.750306129455566,28.593469619750977,12.47348403930664,23.001319885253906,10.772997856140137,28.826215744018555,18.882068634033203
2012-03-23,108.97203826904297,13.78834056854248,21.8402042388916,9.831560134887695,28.639713287353516,12.47348403930664,23.05595588684082,10.77611255645752,28.913068771362305,18.903249740600586
2012-03-26,110.50144958496094,13.967650413513184,22.0034236907959,9.987812042236328,29.063602447509766,12.656490325927734,23.213045120239258,10.850859642028809,29.41836929321289,19.203824996948242
2012-03-27,110.15813446044922,13.937768936157227,21.782777786254883,9.894060134887695,28.97111701965332,12.652328491210938,23.199378967285156,10.903804779052734,29.473649978637695,19.1741886138916
2012-03-28,109.61193084716797,13.743508338928223,21.510757446289062,9.919060707092285,28.693655014038086,12.60657787322998,23.14473533630371,10.813484191894531,29.41046905517578,19.009077072143555
2012-03-29,109.42465209960938,13.762190818786621,21.510757446289062,9.819058418273926,28.70907974243164,12.581629753112793,23.137910842895508,10.857089042663574,29.473649978637695,19.004840850830078
2012-03-30,109.87715148925781,13.810755729675293,21.686065673828125,9.875310897827148,28.8400936126709,12.544191360473633,23.274503707885742,10.913153648376465,29.694705963134766,19.089519500732422
2012-04-02,110.68091583251953,14.005008697509766,21.897628784179688,9.950311660766602,29.02507209777832,12.67728328704834,23.458890914916992,10.969210624694824,29.797361373901367,19.140317916870117
2012-04-03,110.22837829589844,13.900404930114746,21.707223892211914,9.894060134887695,28.81697654724121,12.668970108032227,23.32914161682129,10.962982177734375,29.781572341918945,19.102230072021484
2012-04-04,109.13592529296875,13.706148147583008,21.429153442382812,9.737807273864746,28.608884811401367,12.519237518310547,23.254016876220703,10.947410583496094,29.623653411865234,18.92441177368164
2012-04-05,109.0813217163086,13.627701759338379,21.308258056640625,9.712803840637207,28.49327850341797,12.548348426818848,23.254016876220703,10.866433143615723,29.61576271057129,19.05565071105957
2012-04-09,107.85614776611328,13.429718017578125,21.039255142211914,9.562799453735352,28.030841827392578,12.461005210876465,23.042299270629883,10.810370445251465,29.244674682617188,18.882068634033203
2012-04-10,106.04582214355469,13.153278350830078,20.62518882751465,9.356544494628906,27.460527420043945,12.286319732666016,22.837411880493164,10.670220375061035,28.913068771362305,18.42060089111328
2012-04-11,106.90418243408203,13.295233726501465,20.631227493286133,9.506550788879395,27.76881217956543,12.357023239135742,22.95351219177246,10.695135116577148,29.01571273803711,18.67462158203125
2012-04-12,108.30095672607422,13.657588958740234,21.081579208374023,9.68155574798584,28.36226463317871,12.510917663574219,22.967185974121094,10.729397773742676,29.173625946044922,18.91170883178711
2012-04-13,107.01344299316406,13.496957778930664,20.76422119140625,9.456544876098633,28.00002670288086,12.315437316894531,22.967185974121094,10.692024230957031,28.881502151489258,18.860904693603516
2012-04-16,106.9432144165039,13.538046836853027,20.62518882751465,9.525298118591309,28.077098846435547,12.18649673461914,23.062793731689453,10.791685104370117,28.889387130737305,18.793155670166016
2012-04-17,108.5272445678711,13.721100807189941,20.960674285888672,9.650300979614258,28.53952407836914,12.452683448791504,23.294992446899414,10.847748756408691,29.31574249267578,18.99214744567871
2012-04-18,108.16051483154297,13.683738708496094,20.918365478515625,9.587800025939941,28.416202545166016,12.361183166503906,23.294992446899414,10.829057693481445,29.236778259277344,19.021778106689453
2012-04-19,107.46600341796875,13.635173797607422,20.891159057617188,9.544049263000488,28.1002140045166,12.223926544189453,23.219865798950195,10.801026344299316,29.284151077270508,18.869373321533203
2012-04-20,107.6455078125,13.627701759338379,20.842802047729492,9.494051933288574,28.339126586914062,12.178179740905762,23.431568145751953,10.9069242477417,29.442068099975586,18.899009704589844
2012-04-23,106.74032592773438,13.459603309631348,20.821640014648438,9.42529582977295,28.023143768310547,12.082515716552734,23.069616317749023,10.860201835632324,29.21310043334961,18.695791244506836
2012-04-24,107.14611053466797,13.459603309631348,20.975784301757812,9.531547546386719,28.393085479736328,12.057559967041016,23.07645034790039,10.934951782226562,29.31574249267578,18.632280349731445
2012-04-25,108.61305236816406,13.743508338928223,21.184335708618164,9.612798690795898,28.447038650512695,12.3986177444458,23.226699829101562,10.991011619567871,29.623653411865234,18.945579528808594
2012-04-26,109.3700180053711,13.728564262390137,21.408000946044922,9.694053649902344,28.616594314575195,12.494280815124512,23.43840217590332,11.053297996520996,29.61576271057129,19.182661056518555
2012-04-27,109.54947662353516,13.795807838439941,21.39893341064453,9.700301170349121,28.793869018554688,12.490121841430664,23.40425682067871,11.090673446655273,29.631561279296875,19.41974449157715
2012-04-30,109.14372253417969,13.698685646057129,21.531919479370117,9.644052505493164,28.52410888671875,12.402779579162598,23.34279441833496,11.106244087219238,29.61576271057129,19.309669494628906
2012-05-01,109.82257080078125,13.780872344970703,21.8402042388916,9.74405288696289,28.608884811401367,12.444368362426758,23.40425682067871,11.162306785583496,29.726308822631836,19.436677932739258
2012-05-02,109.49485778808594,13.713627815246582,21.48356056213379,9.66905689239502,28.616594314575195,12.452683448791504,23.424745559692383,11.096903800964355,29.671045303344727,19.54251480102539
2012-05-03,108.65989685058594,13.556729316711426,21.12691307067871,9.587800025939941,28.38538360595703,12.34870433807373,23.458890914916992,11.06264591217041,29.56049346923828,19.390106201171875
2012-05-04,106.90418243408203,13.328849792480469,20.64331817626953,9.437797546386719,27.976903915405273,12.090835571289062,23.274503707885742,11.078215599060059,29.173625946044922,19.013309478759766
2012-05-07,106.9822006225586,13.340059280395508,20.582866668701172,9.494051933288574,27.89984130859375,12.057559967041016,23.308643341064453,11.056416511535645,29.236778259277344,19.004840850830078
2012-05-08,106.55301666259766,13.276555061340332,20.516380310058594,9.431544303894043,27.830453872680664,12.015970230102539,23.254016876220703,11.075102806091309,29.244674682617188,18.77623176574707
2012-05-09,105.9209976196289,13.157010078430176,20.4166316986084,9.325292587280273,27.50676155090332,12.015970230102539,23.137910842895508,11.081329345703125,29.047285079956055,18.704269409179688
2012-05-10,106.13947296142578,13.115923881530762,20.504287719726562,9.36279296875,27.545307159423828,11.924467086791992,23.30181312561035,11.18410587310791,29.252567291259766,18.767765045166016
2012-05-11,105.81951904296875,13.078559875488281,20.353160858154297,9.256536483764648,27.491352081298828,11.932781219482422,23.240339279174805,11.190340042114258,29.220989227294922,18.72966194152832
2012-05-14,104.6490478515625,12.899246215820312,20.014652252197266,9.069035530090332,27.17535972595215,11.828804016113281,23.14473533630371,11.177882194519043,29.126249313354492,18.467174530029297
2012-05-15,104.04817962646484,12.704992294311523,19.68218231201172,9.019035339355469,27.03662872314453,11.7955322265625,23.11741828918457,11.100015640258789,28.95254135131836,18.437536239624023
2012-05-16,103.65025329589844,12.566774368286133,19.570350646972656,8.887781143188477,27.00579833984375,11.699869155883789,23.192546844482422,11.115591049194336,28.999910354614258,18.407901763916016
2012-05-17,102.11300659179688,12.290338516235352,19.44642448425293,8.706518173217773,26.427762985229492,11.5335054397583,23.028636932373047,11.053297996520996,28.73148536682129,17.92103385925293
2012-05-18,101.23900604248047,12.241775512695312,19.325532913208008,8.60651683807373,26.296733856201172,11.425360679626465,22.89204978942871,11.031501770019531,28.47882652282715,17.78556251525879
2012-05-21,102.97917938232422,12.600398063659668,19.769832611083984,8.687773704528809,26.882492065429688,11.708187103271484,22.98082733154297,11.04395866394043,28.755151748657227,18.09884262084961
2012-05-22,103.15866088867188,12.521950721740723,19.721473693847656,8.756525039672852,26.982681274414062,11.670756340026855,23.00815773010254,11.121822357177734,28.67620277404785,18.17082405090332
2012-05-23,103.2132568359375,12.671375274658203,19.794010162353516,8.787776947021484,27.129112243652344,11.683231353759766,22.946691513061523,11.06264591217041,28.54988670349121,18.268199920654297
2012-05-24,103.41614532470703,12.749824523925781,19.778894424438477,8.794027328491211,27.09829330444336,11.616683006286621,23.165225982666016,11.106244087219238,28.826215744018555,18.352861404418945
2012-05-25,103.08061218261719,12.697525024414062,19.685203552246094,8.762773513793945,26.913299560546875,11.591730117797852,23.14473533630371,11.143625259399414,28.755151748657227,18.323230743408203
2012-05-29,104.32910919189453,12.91793155670166,20.014652252197266,8.887781143188477,27.275554656982422,11.745617866516113,23.308643341064453,11.177882194519043,28.84990119934082,18.57724952697754
2012-05-30,102.8152847290039,12.68631649017334,19.401092529296875,8.681524276733398,26.820833206176758,11.670756340026855,23.11741828918457,11.109362602233887,28.684106826782227,18.285118103027344
2012-05-31,102.58898162841797,12.634021759033203,19.231836318969727,8.756525039672852,26.720630645751953,11.616683006286621,23.069616317749023,11.168540000915527,28.5419864654541,18.247020721435547
2012-06-01,100.00611114501953,12.365050315856934,18.751266479492188,8.431509017944336,25.980756759643555,11.313064575195312,22.64619255065918,11.121822357177734,28.03667449951172,17.67125129699707
2012-06-04,99.9593276977539,12.376259803771973,18.736148834228516,8.350258827209473,25.71100616455078,11.37961196899414,22.721317291259766,11.159194946289062,28.099838256835938,17.734758377075195
2012-06-05,100.71621704101562,12.49579906463623,18.896343231201172,8.48776626586914,25.788074493408203,11.450316429138184,22.69400405883789,11.199682235717773,28.257749557495117,17.832122802734375
2012-06-06,102.97917938232422,12.809598922729492,19.479673385620117,8.737776756286621,26.474008560180664,11.712347030639648,23.001319885253906,11.3554048538208,28.699886322021484,18.217391967773438
2012-06-07,103.04158782958984,12.83200740814209,19.491762161254883,8.731523513793945,26.620441436767578,11.6541166305542,23.083282470703125,11.442612648010254,28.715682983398438,18.217391967773438
2012-06-08,103.86093139648438,12.91793155670166,19.494789123535156,8.837778091430664,26.820833206176758,11.783055305480957,23.281330108642578,11.467527389526367,28.889387130737305,18.378267288208008
2012-06-11,102.54219055175781,12.678840637207031,19.228811264038086,8.675270080566406,26.474008560180664,11.616683006286621,23.172054290771484,11.458183288574219,28.636735916137695,18.09884262084961
2012-06-12,103.72045135498047,12.914191246032715,19.50082778930664,8.806527137756348,26.897905349731445,11.73314094543457,23.281330108642578,11.470645904541016,28.905176162719727,18.293590545654297
2012-06-13,103.05720520019531,12.716200828552246,19.252992630004883,8.775277137756348,26.62815284729004,11.662439346313477,23.2471866607666,11.473758697509766,28.873586654663086,18.02686882019043
2012-06-14,104.14964294433594,12.82080078125,19.555238723754883,8.881528854370117,26.836244583129883,11.720664024353027,23.568157196044922,11.551619529724121,29.307844161987305,18.268199920654297
2012-06-15,105.21481323242188,12.969155311584473,19.92909812927246,9.005877494812012,27.071643829345703,11.845508575439453,23.606672286987305,11.6088285446167,29.41819190979004,18.44748878479004
2012-06-18,105.41873931884766,13.03676700592041,19.74991226196289,8.955636978149414,27.13359832763672,11.93319034576416,23.66855812072754,11.652840614318848,29.61662483215332,18.57918357849121
2012-06-19,106.43843078613281,13.284656524658203,20.035400390625,9.10636043548584,27.497543334960938,12.025050163269043,23.647930145263672,11.627692222595215,29.886524200439453,18.749128341674805
2012-06-20,106.265869140625,13.20953369140625,19.956430435180664,9.125201225280762,27.350419998168945,12.045928955078125,23.524154663085938,11.514524459838867,29.8071346282959,18.72789192199707
2012-06-21,103.88140106201172,12.777609825134277,19.13945960998535,8.924237251281738,26.816104888916016,11.762001991271973,23.249101638793945,11.395075798034668,29.394365310668945,18.32002830505371
2012-06-22,104.68143463134766,12.845212936401367,19.26701545715332,9.005877494812012,26.909042358398438,11.891436576843262,23.31785774230957,11.39821720123291,29.703947067260742,18.4007568359375
2012-06-25,103.00293731689453,12.68371295928955,18.835765838623047,8.817472457885742,26.413440704345703,11.649269104003906,23.1734619140625,11.376212120056152,29.338794708251953,18.1160888671875
2012-06-26,103.52059173583984,12.725029945373535,19.03923988342285,8.861433029174805,26.45989990234375,11.695195198059082,23.22846221923828,11.391931533813477,29.426115036010742,18.34126853942871
2012-06-27,104.45399475097656,12.863997459411621,19.434064865112305,8.968195915222168,26.71544075012207,11.766176223754883,23.365991592407227,11.520816802978516,29.743650436401367,18.315776824951172
2012-06-28,104.15592956542969,12.867752075195312,19.56768798828125,8.961919784545898,26.69221305847168,11.670144081115723,23.469139099121094,11.561676979064941,29.608688354492188,18.213809967041016
2012-06-29,106.75215911865234,13.25461196899414,20.156877517700195,9.194286346435547,27.621450424194336,11.995823860168457,23.909238815307617,11.627692222595215,30.17228889465332,18.60042953491211
2012-07-02,107.07377624511719,13.187006950378418,20.16598892211914,9.250809669494629,27.381393432617188,12.062626838684082,24.0467586517334,11.699987411499023,30.267547607421875,18.655662536621094
2012-07-03,107.7796630859375,13.374798774719238,20.64887809753418,9.301047325134277,27.667909622192383,12.158662796020508,24.156776428222656,11.671704292297363,30.259592056274414,18.638668060302734
2012-07-05,107.29338073730469,13.356019020080566,20.378576278686523,9.162884712219238,27.63692855834961,12.158662796020508,24.0673828125,11.602542877197266,30.06911277770996,18.68540382385254
2012-07-06,106.27369689941406,13.2020263671875,20.132583618164062,9.087515830993652,27.26523208618164,11.979121208190918,24.039884567260742,11.577399253845215,29.870647430419922,18.596179962158203
2012-07-09,106.14037322998047,13.119391441345215,20.041467666625977,9.074959754943848,27.2497501373291,11.954070091247559,24.012372970581055,11.539673805236816,30.029403686523438,18.494211196899414
2012-07-10,105.21481323242188,12.924092292785645,19.728649139404297,9.005877494812012,26.80837059020996,11.820457458496094,24.039884567260742,11.558533668518066,29.886524200439453,18.38375473022461
2012-07-11,105.23050689697266,12.882770538330078,19.995908737182617,9.081242561340332,26.591552734375,11.766176223754883,24.00550079345703,11.618256568908691,29.862703323364258,18.277538299560547
2012-07-12,104.72065734863281,12.818925857543945,19.92909812927246,8.987035751342773,26.490886688232422,11.649269104003906,24.02613067626953,11.633975982666016,29.934152603149414,18.235061645507812
2012-07-13,106.47761535644531,13.0480375289917,20.278362274169922,9.23824691772461,27.0019588470459,11.803757667541504,24.2943115234375,11.737712860107422,30.267547607421875,18.532455444335938
2012-07-16,106.22663116455078,12.9992094039917,20.345169067382812,9.219405174255371,26.816104888916016,11.791232109069824,24.1705322265625,11.731427192687988,30.323116302490234,18.413494110107422
2012-07-17,106.95610809326172,13.164467811584473,20.600284576416016,9.26965045928955,26.93226432800293,11.837158203125,24.273683547973633,11.756571769714355,30.712068557739258,18.596179962158203
2012-07-18,107.74827575683594,13.243341445922852,20.77947425842285,9.225687026977539,27.435596466064453,12.041753768920898,24.280550003051758,11.794290542602539,30.759708404541016,18.693893432617188
2012-07-19,108.03067016601562,13.386068344116211,20.84324073791504,9.169163703918457,27.567243576049805,12.146135330200195,24.24616813659668,11.816301345825195,30.759708404541016,18.817110061645508
2012-07-20,107.04237365722656,13.30343246459961,20.891843795776367,9.030999183654785,27.226526260375977,12.00834846496582,24.094886779785156,11.84144401550293,30.362794876098633,18.587688446044922
2012-07-23,105.95996856689453,13.093101501464844,20.691394805908203,8.955636978149414,27.087133407592773,11.891436576843262,23.88859748840332,11.762861251831055,30.00559425354004,18.315776824951172
2012-07-24,105.05008697509766,12.890288352966309,20.3603572845459,8.93051815032959,26.785127639770508,11.770352363586426,23.812963485717773,11.659126281738281,29.672199249267578,18.192564010620117
2012-07-25,105.07362365722656,12.890288352966309,20.37553596496582,8.961919784545898,26.8780574798584,11.724421501159668,23.819841384887695,11.652840614318848,29.815092086791992,18.154327392578125
2012-07-26,106.80709075927734,12.9503812789917,20.955617904663086,9.100082397460938,27.28847312927246,11.903965950012207,24.211795806884766,11.835158348083496,30.100862503051758,18.44748878479004
2012-07-27,108.77582550048828,13.187006950378418,21.326141357421875,9.26965045928955,27.884733200073242,12.162835121154785,24.486845016479492,11.973472595214844,30.823198318481445,18.812868118286133
2012-07-30,108.77582550048828,13.175743103027344,21.386873245239258,9.250809669494629,27.807294845581055,12.167010307312012,24.610631942749023,12.01747989654541,30.664443969726562,18.740638732910156
2012-07-31,108.0150146484375,13.085589408874512,21.153024673461914,9.206844329833984,27.7298583984375,12.217122077941895,24.500598907470703,11.920034408569336,30.473922729492188,18.498464584350586
2012-08-01,107.92086029052734,13.08934497833252,21.256288528442383,9.162884712219238,27.54401206970215,12.175361633300781,24.37681770324707,11.828875541687012,30.48981285095215,18.42198944091797
2012-08-02,107.17574310302734,12.935352325439453,20.900955200195312,9.093801498413086,27.40462875366211,12.096031188964844,24.17741584777832,11.762861251831055,30.196094512939453,18.46872901916504
2012-08-03,109.30136108398438,13.19076156616211,21.39295196533203,9.307330131530762,28.00088119506836,12.334026336669922,24.58311653137207,11.901167869567871,30.553306579589844,18.83411407470703
2012-08-06,109.51309204101562,13.310946464538574,21.450658798217773,9.345010757446289,28.00088119506836,12.421710014343262,24.569364547729492,11.872883796691895,30.561235427856445,18.90208625793457
2012-08-07,110.06219482421875,13.464940071105957,21.772586822509766,9.38269329071045,28.287399291992188,12.505215644836426,24.438711166381836,11.750286102294922,30.48981285095215,19.080524444580078
2012-08-08,110.19552612304688,13.479968070983887,21.790809631347656,9.38269329071045,28.248680114746094,12.509390830993652,24.610631942749023,11.766003608703613,30.600955963134766,18.987064361572266
2012-08-09,110.28964233398438,13.555086135864258,21.93962287902832,9.376413345336914,28.271902084350586,12.55114459991455,24.507476806640625,11.766003608703613,30.585073471069336,18.97431182861328
2012-08-10,110.4700698852539,13.543815612792969,21.979103088378906,9.38269329071045,28.403547286987305,12.580374717712402,24.500598907470703,11.800585746765137,30.712068557739258,18.95731544494629
2012-08-13,110.4151611328125,13.468695640563965,21.8971004486084,9.388970375061035,28.341598510742188,12.617949485778809,24.493724822998047,11.788004875183105,30.632694244384766,18.9658145904541
2012-08-14,110.43084716796875,13.408604621887207,21.857620239257812,9.376413345336914,28.302885055541992,12.592900276184082,24.589994430541992,11.77543830871582,30.712068557739258,19.01255226135254
2012-08-15,110.55634307861328,13.431134223937988,21.854581832885742,9.407815933227539,28.364830017089844,12.59707260131836,24.60374641418457,11.718852996826172,30.783519744873047,19.07202911376953
2012-08-16,111.37214660644531,13.630207061767578,22.04896354675293,9.470617294311523,28.651351928710938,12.768265724182129,24.66564178466797,11.690561294555664,30.704126358032227,19.229228973388672
2012-08-17,111.5211181640625,13.611417770385742,22.03984832763672,9.502016067504883,28.790725708007812,12.83924674987793,24.686262130737305,11.659126281738281,30.545368194580078,19.301456451416016
2012-08-20,111.52896118164062,13.585124969482422,21.96391487121582,9.527138710021973,28.728782653808594,12.85177230834961,24.686262130737305,11.68112850189209,30.6088809967041,19.220735549926758
2012-08-21,111.19171142578125,13.603910446166992,21.894062042236328,9.558539390563965,28.666833877563477,12.768265724182129,24.53498077392578,11.5962553024292,30.50567054748535,19.195240020751953
2012-08-22,111.23878479003906,13.716588020324707,21.97606658935547,9.545979499816895,28.527448654174805,12.789141654968262,24.459348678588867,11.577399253845215,30.529499053955078,19.250473022460938
2012-08-23,110.32884979248047,13.487472534179688,21.73309326171875,9.451777458190918,28.295143127441406,12.684757232666016,24.266803741455078,11.4579439163208,30.48981285095215,19.118762969970703
2012-08-24,110.9955825805664,13.461180686950684,21.860666275024414,9.502016067504883,28.426773071289062,12.764093399047852,24.479970932006836,11.511385917663574,30.751781463623047,19.275970458984375
2012-08-27,111.01912689208984,13.382308959960938,21.869768142700195,9.49573802947998,28.341598510742188,12.776613235473633,24.514358520507812,11.536531448364258,30.783519744873047,19.246227264404297
2012-08-28,110.90931701660156,13.352264404296875,21.88495635986328,9.483177185058594,28.23319435119629,12.747385025024414,24.528108596801758,11.514524459838867,30.735885620117188,19.284460067749023
2012-08-29,110.9955825805664,13.382308959960938,21.73917007446289,9.502016067504883,28.225439071655273,12.772439002990723,24.47309684753418,11.495662689208984,30.83910369873047,19.3779296875
2012-08-30,110.19552612304688,13.262125015258789,21.50835609436035,9.451777458190918,27.985395431518555,12.630478858947754,24.37681770324707,11.439081192016602,30.735885620117188,19.271705627441406
2012-08-31,110.7210922241211,13.389820098876953,21.72399139404297,9.520859718322754,28.155757904052734,12.73068618774414,24.38370132446289,11.426509857177734,30.831140518188477,19.35243797302246
2012-09-04,110.61909484863281,13.217049598693848,21.556957244873047,9.520859718322754,27.861499786376953,12.73068618774414,24.528108596801758,11.470514297485352,30.894641876220703,19.305707931518555
2012-09-05,110.52493286132812,13.277142524719238,21.47496223449707,9.520859718322754,27.7840633392334,12.718160629272461,24.486845016479492,11.4202241897583,30.902585983276367,19.33544158935547
2012-09-06,112.76830291748047,13.611417770385742,21.927467346191406,9.74694538116455,28.411291122436523,13.002083778381348,24.789409637451172,11.549104690551758,31.394742965698242,19.7688045501709
2012-09-07,113.20746612548828,13.878091812133789,22.307109832763672,9.847427368164062,28.651351928710938,12.981209754943848,24.589994430541992,11.511385917663574,31.378864288330078,19.87502098083496
2012-09-10,112.5643310546875,13.855563163757324,22.209917068481445,9.765790939331055,28.465496063232422,12.843420028686523,24.562488555908203,11.498809814453125,31.26772117614746,19.845279693603516
2012-09-11,112.87805938720703,13.90438175201416,22.446807861328125,9.847427368164062,28.620365142822266,12.876827239990234,24.486845016479492,11.470514297485352,31.28360366821289,19.83677864074707
2012-09-12,113.25457000732422,13.885600090026855,22.58347511291504,9.885112762451172,28.736522674560547,12.947807312011719,24.3561954498291,11.404502868652344,31.299484252929688,19.93449592590332
2012-09-13,114.98011016845703,14.227388381958008,22.95096206665039,10.142600059509277,29.06175422668457,13.123170852661133,24.789409637451172,11.564820289611816,31.617008209228516,20.18941879272461
2012-09-14,115.49003601074219,14.403921127319336,23.25465965270996,10.224247932434082,29.23984718322754,13.185799598693848,24.60374641418457,11.486235618591309,31.489999771118164,20.27013397216797
2012-09-17,115.09780883789062,14.18232250213623,23.078514099121094,10.130040168762207,29.100465774536133,13.198328018188477,24.672515869140625,11.413935661315918,31.672563552856445,20.193666458129883
2012-09-18,115.00371551513672,14.144762992858887,22.914512634277344,10.079801559448242,29.108217239379883,13.206676483154297,24.810039520263672,11.379356384277344,31.77576446533203,20.095949172973633
2012-09-19,115.06645965576172,14.223634719848633,22.692808151245117,10.073516845703125,29.177919387817383,13.219202995300293,24.878803253173828,11.391931533813477,31.807519912719727,20.30413246154785
2012-09-20,115.07426452636719,14.201094627380371,22.756587982177734,10.017001152038574,28.899141311645508,13.194149017333984,25.016338348388672,11.439081192016602,31.942466735839844,20.278642654418945
2012-09-21,115.02621459960938,14.139557838439941,22.782215118408203,9.982942581176758,28.813413619995117,13.210920333862305,24.902069091796875,11.445757865905762,32.061309814453125,20.264142990112305
2012-09-24,114.85271453857422,14.098027229309082,22.666292190551758,9.989251136779785,28.813413619995117,13.127069473266602,24.98517417907715,11.553760528564453,32.14906692504883,20.208715438842773
2012-09-25,113.63050079345703,13.871492385864258,22.419191360473633,9.837896347045898,28.4315185546875,12.942594528198242,24.812047958374023,11.528352737426758,32.12514877319336,19.969966888427734
2012-09-26,112.99169158935547,13.803529739379883,22.205638885498047,9.7748384475708,28.322412490844727,12.850358009338379,24.812047958374023,11.553760528564453,31.957624435424805,19.83353042602539
2012-09-27,114.05628204345703,13.973433494567871,22.50765609741211,9.863125801086426,28.587387084960938,13.018062591552734,24.895139694213867,11.506115913391113,32.14109802246094,20.033916473388672
2012-09-28,113.52793884277344,13.894146919250488,22.400880813598633,9.831587791442871,28.470489501953125,12.925823211669922,24.812047958374023,11.560114860534668,32.00547790527344,19.94864845275879
2012-10-01,113.8276138305664,13.939451217651367,22.513751983642578,9.875736236572266,28.60298728942871,12.896476745605469,24.971317291259766,11.506115913391113,32.19695281982422,19.93586540222168
2012-10-02,113.94583129882812,13.863943099975586,22.55341148376465,9.894654273986816,28.55620765686035,12.913244247436523,24.992095947265625,11.5664701461792,32.34053421020508,19.897483825683594
2012-10-03,114.41106414794922,13.799755096435547,22.27581214904785,9.982942581176758,28.70430564880371,12.980326652526855,25.068267822265625,11.623650550842285,32.61176681518555,20.05523681640625
2012-10-04,115.23115539550781,13.97720718383789,22.498506546020508,10.134294509887695,28.86795997619629,13.018062591552734,25.185989379882812,11.690359115600586,32.811195373535156,20.238561630249023
2012-10-05,115.23906707763672,14.045167922973633,22.44664192199707,10.127989768981934,28.961488723754883,12.950977325439453,25.282939910888672,11.671300888061523,32.84312057495117,20.298248291015625
2012-10-08,114.84481811523438,14.018733978271484,22.483251571655273,10.121681213378906,28.891353607177734,12.816819190979004,25.206764221191406,11.690359115600586,32.81917953491211,20.25988006591797
2012-10-09,113.70931243896484,13.8865966796875,22.513751983642578,10.058621406555176,28.55620765686035,12.653306007385254,24.964387893676758,11.668121337890625,32.42030334472656,19.93586540222168
2012-10-10,112.98384094238281,13.735573768615723,22.092769622802734,10.052315711975098,28.29123878479004,12.602992057800293,24.860515594482422,11.649065971374512,32.18098449707031,19.812213897705078
2012-10-11,113.04689025878906,13.792204856872559,22.257503509521484,10.109073638916016,28.376970291137695,12.55268383026123,24.80512046813965,11.661770820617676,32.204925537109375,19.722681045532227
2012-10-12,112.67633056640625,13.731791496276855,22.13547706604004,9.970335006713867,28.40812873840332,12.544294357299805,24.825889587402344,11.595061302185059,32.15705871582031,19.71842384338379
2012-10-15,113.61466979980469,13.848840713500977,22.248355865478516,10.083842277526855,28.60298728942871,12.607185363769531,24.992095947265625,11.64271354675293,32.619747161865234,19.914539337158203
2012-10-16,114.76598358154297,14.181087493896484,22.602230072021484,10.146907806396484,28.906930923461914,12.779080390930176,25.05442237854004,11.687185287475586,32.97075271606445,20.093608856201172
2012-10-17,115.28640747070312,14.298130989074707,22.885944366455078,10.279343605041504,29.078399658203125,12.71199893951416,25.16522216796875,11.830138206481934,32.97075271606445,20.208715438842773
2012-10-18,114.98678588867188,14.301904678344727,22.882890701293945,10.298263549804688,29.164121627807617,12.565261840820312,25.026721954345703,11.884142875671387,32.978729248046875,20.221506118774414
2012-10-19,113.07062530517578,14.003634452819824,22.522905349731445,10.159525871276855,28.67313003540039,12.28016185760498,24.728954315185547,11.788843154907227,32.388397216796875,19.859119415283203
2012-10-22,113.08638000488281,14.06782341003418,22.4100284576416,10.159525871276855,28.595182418823242,12.36401653289795,24.7427978515625,11.757070541381836,32.41233825683594,19.7951602935791
2012-10-23,111.5171127319336,13.6449556350708,21.88837432861328,9.989251136779785,28.306814193725586,12.229850769042969,24.410402297973633,11.649065971374512,31.98155403137207,19.637418746948242
2012-10-24,111.20169067382812,13.637405395507812,21.720592498779297,9.989251136779785,28.127559661865234,12.158576965332031,24.410402297973633,11.56329345703125,32.03738784790039,19.5606689453125
2012-10-25,111.52499389648438,13.60720157623291,21.924978256225586,10.014477729797363,28.283435821533203,12.133421897888184,24.56275177001953,11.620475769042969,32.29266357421875,19.513774871826172
2012-10-26,111.4619140625,13.633630752563477,21.952436447143555,9.964025497436523,28.306814193725586,12.154382705688477,24.47964859008789,11.620475769042969,32.165035247802734,19.577726364135742
2012-10-31,111.4619140625,13.60342788696289,21.946331024169922,10.027092933654785,28.439308166503906,12.104070663452148,24.507356643676758,11.722131729125977,31.933679580688477,19.641685485839844
2012-11-01,112.62899780273438,13.867719650268555,22.040904998779297,10.153215408325195,28.945913314819336,12.301126480102539,24.521196365356445,11.598236083984375,32.19695281982422,19.867643356323242
2012-11-02,111.62751770019531,13.618521690368652,21.677873611450195,10.0901460647583,28.70430564880371,12.141801834106445,24.375782012939453,11.518816947937012,32.02143478393555,19.854848861694336
2012-11-05,111.8561782836914,13.712910652160645,21.842615127563477,10.071232795715332,28.86017417907715,12.208890914916992,24.3342227935791,11.331392288208008,32.03738784790039,19.906009674072266
2012-11-06,112.73152160644531,13.856388092041016,22.19342803955078,10.184741973876953,29.171924591064453,12.26339340209961,24.514272689819336,11.337743759155273,32.06930160522461,20.012601852416992
2012-11-07,110.17660522460938,13.637405395507812,21.613815307617188,9.844204902648926,28.4860782623291,11.957332611083984,24.223426818847656,11.099488258361816,31.534814834594727,19.778106689453125
2012-11-08,108.85181427001953,13.452400207519531,21.22333526611328,9.762222290039062,28.189912796020508,11.785435676574707,23.960281372070312,11.080431938171387,31.159875869750977,19.458349227905273
2012-11-09,108.94646453857422,13.425972938537598,21.21723175048828,9.7748384475708,28.26784896850586,11.839937210083008,23.960281372070312,11.013718605041504,31.247617721557617,19.364547729492188
2012-11-12,109.03318786621094,13.425972938537598,21.259937286376953,9.793752670288086,28.345779418945312,11.823168754577637,23.960281372070312,10.921590805053711,31.407167434692383,19.38160514831543
2012-11-13,108.65470123291016,13.40332317352295,21.171472549438477,9.724384307861328,28.26784896850586,11.7644681930542,23.946428298950195,10.962891578674316,31.28751564025879,19.437030792236328
2012-11-14,107.18797302246094,13.17678451538086,20.915218353271484,9.554112434387207,27.60538101196289,11.647079467773438,23.683277130126953,10.886651039123535,30.912574768066406,19.14711570739746
2012-11-15,107.00662231445312,13.131478309631348,20.942676544189453,9.573034286499023,27.60538101196289,11.579999923706055,23.676361083984375,10.823111534118652,30.82482147216797,19.134326934814453
2012-11-16,107.5349349975586,13.161676406860352,21.025043487548828,9.636094093322754,27.68332862854004,11.596763610839844,23.828704833984375,10.915239334106445,31.056163787841797,19.262229919433594
2012-11-19,109.71136474609375,13.535463333129883,21.51009750366211,9.818979263305664,28.205503463745117,11.91540241241455,24.216501235961914,10.92476749420166,31.383249282836914,19.675785064697266
2012-11-20,109.75862884521484,13.546792984008789,21.42467498779297,9.869429588317871,28.2288818359375,11.865095138549805,24.306522369384766,10.905712127685547,31.558748245239258,19.77384376525879
2012-11-21,109.96368408203125,13.56944465637207,21.540599822998047,9.869429588317871,28.26784896850586,11.902824401855469,24.34115219116211,10.858060836791992,31.534814834594727,19.842056274414062
2012-11-23,111.4619140625,13.743123054504395,21.84566307067871,9.989251136779785,28.6341609954834,12.095687866210938,24.70124626159668,10.829469680786133,31.925708770751953,20.106395721435547
2012-11-26,111.22534942626953,13.754449844360352,21.632122039794922,9.951412200927734,28.65752601623535,12.15019416809082,24.521196365356445,10.966069221496582,31.782115936279297,20.012601852416992
2012-11-27,110.6575927734375,13.694034576416016,21.452131271362305,9.863125801086426,28.595182418823242,12.095687866210938,24.500425338745117,10.99465560913086,31.590652465820312,19.931594848632812
2012-11-28,111.54866027832031,13.750669479370117,21.64737319946289,9.900961875915527,28.8367977142334,12.166959762573242,24.73586654663086,11.039130210876465,31.837942123413086,20.191669464111328
2012-11-29,112.0691146850586,13.845057487487793,21.696189880371094,9.951412200927734,29.000465393066406,12.22565746307373,24.867446899414062,11.102667808532715,32.061309814453125,20.24709129333496
2012-11-30,112.09276580810547,13.856388092041016,21.677873611450195,9.938798904418945,28.938112258911133,12.213078498840332,24.95747184753418,11.220208168029785,32.10120391845703,20.264142990112305
2012-12-03,111.54080963134766,13.599651336669922,21.558902740478516,9.900961875915527,28.62635612487793,12.196311950683594,24.860515594482422,11.150315284729004,32.029422760009766,20.157548904418945
2012-12-04,111.38304901123047,13.626082420349121,21.479585647583008,9.875736236572266,28.7354679107666,12.175348281860352,24.812047958374023,11.093134880065918,32.10120391845703,20.072290420532227
2012-12-05,111.58024597167969,13.463727951049805,21.629066467285156,9.995556831359863,29.039424896240234,12.053760528564453,24.853595733642578,11.261504173278809,32.204925537109375,20.012601852416992
2012-12-06,111.9587173461914,13.497710227966309,21.699237823486328,10.027092933654785,29.03163719177246,12.12503719329834,24.881303787231445,11.255152702331543,32.18895721435547,20.140499114990234
2012-12-07,112.29780578613281,13.610979080200195,21.83041000366211,10.109073638916016,29.218687057495117,12.062146186828613,25.05442237854004,11.264681816101074,32.29266357421875,20.217243194580078
2012-12-10,112.34508514404297,13.697816848754883,21.80600929260254,10.083842277526855,29.366769790649414,12.091493606567383,25.026721954345703,11.26785659790039,32.42829895019531,20.102128982543945
2012-12-11,113.11003112792969,13.807304382324219,21.93412971496582,10.134294509887695,29.42910385131836,12.255005836486816,25.040571212768555,11.293270111083984,32.771324157714844,20.16608428955078
2012-12-12,113.16519165039062,13.773326873779297,22.013450622558594,10.17844009399414,29.475873947143555,12.234044075012207,24.98517417907715,11.27420711517334,32.723453521728516,20.191669464111328
2012-12-13,112.4713134765625,13.735573768615723,21.809062957763672,10.127989768981934,29.38235092163086,12.145999908447266,24.943620681762695,11.229735374450684,32.444244384765625,20.05949592590332
2012-12-14,112.05335998535156,13.837514877319336,21.726686477661133,10.0901460647583,29.320003509521484,12.028603553771973,24.902069091796875,11.185260772705078,32.31662368774414,19.974227905273438
2012-12-17,113.37026977539062,13.97720718383789,21.924978256225586,10.298263549804688,29.592782974243164,12.175348281860352,24.95747184753418,11.356810569763184,32.57189178466797,20.332355499267578
2012-12-18,114.63191986083984,14.143329620361328,22.327674865722656,10.449614524841309,29.97468376159668,12.355630874633789,24.950536727905273,11.436223983764648,32.82715606689453,20.571107864379883
2012-12-19,113.78030395507812,14.082926750183105,22.175134658813477,10.386549949645996,29.810998916625977,12.292740821838379,24.70124626159668,11.350449562072754,32.476139068603516,20.426145553588867
2012-12-20,114.43473052978516,14.218846321105957,22.32461166381836,10.531598091125488,29.96688461303711,12.313704490661621,24.83974838256836,11.385394096374512,32.52402877807617,20.468786239624023
2012-12-21,113.3960189819336,14.093148231506348,22.098024368286133,10.407214164733887,29.778461456298828,12.207438468933105,24.628267288208008,11.343634605407715,32.250518798828125,20.286853790283203
2012-12-24,113.04658508300781,14.16551685333252,21.929386138916016,10.388178825378418,29.692100524902344,12.173707962036133,24.551237106323242,11.295445442199707,32.12218475341797,20.304018020629883
2012-12-26,112.57013702392578,14.253125190734863,21.831270217895508,10.388178825378418,29.590038299560547,12.106240272521973,24.341161727905273,11.199066162109375,32.00990676879883,20.093772888183594
2012-12-27,112.41924285888672,14.203608512878418,21.791404724121094,10.350104331970215,29.542940139770508,12.093587875366211,24.38317108154297,11.179793357849121,31.961772918701172,20.119516372680664
2012-12-28,111.20417785644531,14.024592399597168,21.411190032958984,10.267607688903809,29.22104835510254,11.958657264709473,24.124073028564453,11.067352294921875,31.648971557617188,19.956466674804688
2012-12-31,113.0942611694336,14.298837661743164,21.898725509643555,10.400873184204102,29.754913330078125,12.16527271270752,24.439199447631836,11.218338012695312,31.985843658447266,20.355510711669922
2013-01-02,115.99288940429688,14.656872749328613,22.383180618286133,10.705470085144043,30.469348907470703,12.570082664489746,25.069435119628906,11.423949241638184,32.61945724487305,20.780288696289062
2013-01-03,115.73082733154297,14.55022144317627,22.37704849243164,10.692779541015625,30.485044479370117,12.489962577819824,25.00641441345215,11.423949241638184,32.659576416015625,20.83177947998047
2013-01-04,116.23907470703125,14.729241371154785,22.625404357910156,10.819697380065918,30.712717056274414,12.439363479614258,25.076433181762695,11.48177719116211,32.80393981933594,20.909013748168945
2013-01-07,115.92141723632812,14.698777198791504,22.450634002685547,10.794315338134766,30.579248428344727,12.422492027282715,24.908374786376953,11.369336128234863,32.908203125,20.8575382232666
2013-01-08,115.58784484863281,14.72162914276123,22.37704849243164,10.762589454650879,30.34372329711914,12.37611198425293,24.838348388671875,11.333988189697266,32.91621398925781,20.79745101928711
2013-01-09,115.88170623779297,14.816852569580078,22.340248107910156,10.749894142150879,30.649900436401367,12.397194862365723,24.89436149597168,11.311505317687988,33.27713394165039,20.83177947998047
2013-01-10,116.80290985107422,14.881598472595215,22.542625427246094,10.883156776428223,30.799083709716797,12.46044635772705,25.04142189025879,11.359695434570312,33.50973129272461,20.951929092407227
2013-01-11,116.79498291015625,14.858757019042969,22.570215225219727,10.85777473449707,30.689163208007812,12.477312088012695,25.15345573425293,11.37254810333252,33.501712799072266,20.969087600708008
2013-01-14,116.715576171875,14.862563133239746,22.57328987121582,10.826043128967285,30.806928634643555,12.397194862365723,25.230485916137695,11.350057601928711,33.53379440307617,21.020584106445312
2013-01-15,116.79498291015625,14.877795219421387,22.674457550048828,10.870463371276855,30.893287658691406,12.3170747756958,25.307525634765625,11.382187843322754,33.49368667602539,21.1750545501709
2013-01-16,116.77910614013672,14.771140098571777,22.77564239501953,10.876810073852539,30.767675399780273,12.359244346618652,25.272510528564453,11.327569961547852,33.42151641845703,21.127853393554688
2013-01-17,117.53350830078125,14.885416984558105,22.91976547241211,10.870463371276855,31.09741973876953,12.409847259521484,25.440576553344727,11.37254810333252,33.71828079223633,21.350975036621094
2013-01-18,117.79561614990234,14.984442710876465,23.146656036376953,10.883156776428223,31.348634719848633,12.392977714538574,25.54560089111328,11.462499618530273,33.83055114746094,21.37671661376953
2013-01-22,118.43094635009766,15.129190444946289,23.367427825927734,10.984687805175781,31.47425651550293,12.426708221435547,25.552614212036133,11.558876037597656,33.92680358886719,21.4324951171875
2013-01-23,118.62149810791016,15.045392990112305,23.287700653076172,10.978344917297363,31.482099533081055,12.557430267333984,25.54560089111328,11.529962539672852,33.8867073059082,21.44965934753418
2013-01-24,118.65331268310547,15.091096878051758,23.355161666870117,11.035457611083984,31.6705379486084,12.342376708984375,25.61564064025879,11.581364631652832,34.10326385498047,21.61271858215332
2013-01-25,119.32032775878906,15.14442253112793,23.575927734375,11.086224555969238,31.77259063720703,12.355026245117188,25.741680145263672,11.639195442199707,34.367919921875,21.840116500854492
2013-01-28,119.17743682861328,14.999686241149902,23.53607177734375,11.041800498962402,31.7961483001709,12.397194862365723,25.762697219848633,11.63276481628418,34.247615814208984,21.737138748168945
2013-01-29,119.6459732055664,15.083478927612305,23.916275024414062,11.086224555969238,31.86680030822754,12.4140625,25.90275001525879,11.713077545166016,34.616573333740234,21.65132713317871
2013-01-30,119.17743682861328,14.999686241149902,23.796693801879883,11.035457611083984,31.576322555541992,12.37611198425293,25.853723526000977,11.72271728515625,34.512306213378906,21.61271858215332
2013-01-31,118.88358306884766,14.862563133239746,23.716968536376953,11.029111862182617,31.46640968322754,12.397194862365723,25.818714141845703,11.751633644104004,34.41604995727539,21.509737014770508
2013-02-01,120.10659790039062,15.045392990112305,23.93773651123047,11.175065994262695,31.77259063720703,12.536345481872559,26.028797149658203,11.783756256103516,34.68875503540039,21.634159088134766
2013-02-04,118.75652313232422,14.90064811706543,23.710840225219727,11.048151016235352,31.4978084564209,12.371893882751465,25.78370475769043,11.703439712524414,34.303768157958984,21.368135452270508
2013-02-05,119.9556655883789,14.976828575134277,23.916275024414062,11.15602970123291,31.78829574584961,12.515263557434082,26.091812133789062,11.735565185546875,34.68073654174805,21.595552444458008
2013-02-06,120.04302978515625,14.992067337036133,23.931604385375977,11.175065994262695,31.7961483001709,12.511046409606934,26.1268310546875,11.770907402038574,34.672706604003906,21.64274024963379
2013-02-07,119.8842544555664,14.912074089050293,23.870277404785156,11.143338203430176,31.756887435913086,12.511046409606934,26.26688575744629,11.786969184875488,34.54438400268555,21.595552444458008
2013-02-08,120.55132293701172,14.999686241149902,24.094112396240234,11.168721199035645,31.882503509521484,12.620680809020996,26.245872497558594,11.786969184875488,34.801029205322266,21.762889862060547
2013-02-11,120.52748107910156,14.980636596679688,23.974529266357422,11.219490051269531,31.85895347595215,12.645983695983887,26.245872497558594,11.815881729125977,34.72886657714844,21.689939498901367
2013-02-12,120.72594451904297,14.988249778747559,24.038930892944336,11.308332443237305,32.00025939941406,12.603812217712402,26.21786880493164,11.86728286743164,34.68875503540039,21.77574920654297
2013-02-13,120.82919311523438,15.04157829284668,24.12478256225586,11.282947540283203,32.17298889160156,12.599597930908203,26.245872497558594,11.86728286743164,34.66469955444336,21.822961807250977
2013-02-14,120.94046783447266,14.992067337036133,24.333271026611328,11.321020126342773,32.2200927734375,12.565862655639648,26.301908493041992,11.770907402038574,34.73686218261719,21.831544876098633
2013-02-15,120.79747772216797,14.988249778747559,24.054262161254883,11.270251274108887,32.23579788208008,12.557430267333984,26.336910247802734,11.79660701751709,34.817073822021484,21.85729217529297
2013-02-19,121.70280456542969,14.92350959777832,24.333271026611328,11.378134727478027,32.47132110595703,12.641765594482422,26.603008270263672,11.899410247802734,35.03364562988281,21.93880271911621
2013-02-20,120.18599700927734,14.504520416259766,23.82429313659668,11.206796646118164,32.04736328125,12.468878746032715,26.553993225097656,11.876923561096191,34.80906677246094,21.6041259765625
2013-02-21,119.45537567138672,14.37120246887207,23.65871238708496,11.117955207824707,31.81184959411621,12.36767864227295,26.63802146911621,11.825517654418945,34.64865493774414,21.423921585083008
2013-02-22,120.62275695800781,14.561652183532715,23.907085418701172,11.257561683654785,32.063079833984375,12.519477844238281,26.792078018188477,11.94438362121582,34.801029205322266,21.544055938720703
2013-02-25,118.32766723632812,14.226460456848145,23.281574249267578,10.952963829040527,31.403594970703125,12.342376708984375,26.427946090698242,11.838371276855469,34.41604995727539,21.209375381469727
2013-02-26,119.1377182006836,14.378820419311523,23.51154327392578,11.010072708129883,31.592008590698242,12.4140625,26.49098014831543,11.87370491027832,34.504276275634766,21.419618606567383
2013-02-27,120.63866424560547,14.634020805358887,23.870277404785156,11.181411743164062,32.18868637084961,12.519477844238281,26.687036514282227,11.982934951782227,34.8812370300293,21.74571990966797
2013-02-28,120.40040588378906,14.660683631896973,23.82122230529785,11.162376403808594,32.16514587402344,12.49417781829834,26.67302894592285,12.024700164794922,34.84917449951172,21.852991104125977
2013-03-01,120.79747772216797,14.66830825805664,23.851886749267578,11.194104194641113,32.11017990112305,12.515263557434082,26.76407241821289,12.047189712524414,35.11384963989258,21.90447998046875
2013-03-04,121.44075012207031,14.687346458435059,23.799758911132812,11.289292335510254,32.04736328125,12.553215980529785,26.967147827148438,12.169267654418945,35.306339263916016,22.09756851196289
2013-03-05,122.52872467041016,14.786386489868164,23.95306396484375,11.384480476379395,32.50271987915039,12.72610092163086,27.058177947998047,12.2335205078125,35.61110305786133,22.32068634033203
2013-03-06,122.69544982910156,14.915884971618652,23.980663299560547,11.460631370544434,32.50271987915039,12.717666625976562,26.995149612426758,12.227093696594238,35.68329620361328,22.30352020263672
2013-03-07,122.9178695678711,14.957780838012695,24.103315353393555,11.543127059936523,32.526275634765625,12.747182846069336,26.995149612426758,12.172478675842285,35.65923309326172,22.34214973449707
2013-03-08,123.44200897216797,15.079672813415527,24.219820022583008,11.574857711791992,32.83245849609375,12.772481918334961,27.04418182373047,12.198182106018066,35.7234001159668,22.57813262939453
2013-03-11,123.91055297851562,15.163469314575195,24.232088088989258,11.6636962890625,32.942378997802734,12.802002906799316,27.072193145751953,12.227093696594238,35.907867431640625,22.633914947509766
2013-03-12,123.6325454711914,15.174896240234375,24.259693145751953,11.600240707397461,32.75397872924805,12.755616188049316,27.04418182373047,12.194963455200195,36.06827163696289,22.569555282592773
2013-03-13,123.80724334716797,15.136809349060059,24.204498291015625,11.631967544555664,32.91095733642578,12.747182846069336,27.11419677734375,12.249578475952148,36.07630157470703,22.693988800048828
2013-03-14,124.4664077758789,15.228218078613281,24.535642623901367,11.708122253417969,33.067989349365234,12.839949607849121,27.205236434936523,12.275279998779297,36.1083869934082,22.71973419189453
2013-03-15,124.30211639404297,15.241222381591797,24.516239166259766,11.747601509094238,33.09321975708008,12.786602020263672,27.086301803588867,12.35596752166748,36.03105926513672,22.632795333862305
2013-03-18,123.6161117553711,15.134133338928223,24.31911277770996,11.63298511505127,32.888206481933594,12.790838241577148,27.001863479614258,12.287919044494629,35.79745101928711,22.460657119750977
2013-03-19,123.32897186279297,15.069106101989746,24.051166534423828,11.56931209564209,32.856666564941406,12.77389907836914,27.2270565032959,12.32032585144043,35.821617126464844,22.301424026489258
2013-03-20,124.1904296875,15.183855056762695,24.186689376831055,11.645721435546875,32.8961181640625,12.83741283416748,27.487428665161133,12.41106128692627,36.11967849731445,22.55963706970215
2013-03-21,123.12950134277344,14.92378044128418,24.063493728637695,11.505640983581543,32.5649299621582,12.693456649780273,27.40298843383789,12.349492073059082,35.918296813964844,22.37027359008789
2013-03-22,124.11864471435547,14.94289493560791,24.254446029663086,11.575679779052734,32.8172492980957,12.77389907836914,27.656335830688477,12.368927955627441,36.19215774536133,22.645709991455078
2013-03-25,123.60015869140625,14.828165054321289,24.162057876586914,11.543843269348145,32.5255012512207,12.744263648986816,27.635210037231445,12.343008041381836,36.08742904663086,22.606977462768555
2013-03-26,124.58928680419922,14.931431770324707,24.417678833007812,11.620250701904297,32.69108963012695,12.82470703125,27.895587921142578,12.459668159484863,36.506317138671875,22.718868255615234
2013-03-27,124.58928680419922,14.927603721618652,24.497760772705078,11.562946319580078,32.69108963012695,12.790838241577148,27.874467849731445,12.517998695373535,36.69158935546875,22.727479934692383
2013-03-28,124.97213745117188,14.984979629516602,24.426921844482422,11.594779014587402,32.92763137817383,12.816242218017578,27.987062454223633,12.670292854309082,37.013790130615234,22.809249877929688
2013-04-01,124.47761535644531,14.854933738708496,24.37764549255371,11.537476539611816,32.5255012512207,12.731563568115234,27.97299575805664,12.641135215759277,37.11045455932617,22.63709831237793
2013-04-02,125.09184265136719,14.70959758758545,24.23904037475586,11.60751724243164,32.42298889160156,12.782366752624512,28.275602340698242,12.683259010314941,37.65016555786133,22.826467514038086
2013-04-03,123.82357025146484,14.58720588684082,23.786298751831055,11.416499137878418,32.225868225097656,12.68075180053711,27.965974807739258,12.647615432739258,37.424617767333984,22.615583419799805
2013-04-04,124.32599639892578,14.713422775268555,23.7554988861084,11.518378257751465,32.36780548095703,12.684985160827637,28.113744735717773,12.767513275146484,37.593780517578125,22.744691848754883
2013-04-05,123.7676773071289,14.652230262756348,23.807863235473633,11.480171203613281,32.30473709106445,12.587605476379395,27.909664154052734,12.82259750366211,37.38432312011719,22.632795333862305
2013-04-08,124.60520935058594,14.69812297821045,23.96800994873047,11.594779014587402,32.49395751953125,12.642647743225098,28.226341247558594,12.919812202453613,37.41655731201172,22.891016006469727
2013-04-09,125.0359878540039,14.870238304138184,24.17129135131836,11.626616477966309,32.59645462036133,12.731563568115234,28.198200225830078,12.88093090057373,37.537376403808594,22.830768585205078
2013-04-10,126.56747436523438,14.973496437072754,24.300649642944336,11.78580093383789,33.03013610839844,12.955960273742676,28.409299850463867,12.984622955322266,38.165687561035156,23.09759521484375
2013-04-11,126.98229217529297,15.038518905639648,24.40536117553711,11.811273574829102,33.116878509521484,12.913623809814453,28.543020248413086,13.013792037963867,38.5362434387207,23.291255950927734
2013-04-12,126.67120361328125,14.816690444946289,24.023454666137695,11.760331153869629,32.92763137817383,12.858579635620117,28.64857292175293,13.068875312805176,38.608734130859375,23.416061401367188
2013-04-15,123.73577117919922,14.269765853881836,23.044031143188477,11.512004852294922,31.926246643066406,12.646879196166992,28.19114875793457,12.88093090057373,37.90792465209961,22.800636291503906
2013-04-16,125.56243896484375,14.529840469360352,23.3273868560791,11.690290451049805,32.359920501708984,12.803537368774414,28.718948364257812,13.036470413208008,38.45568084716797,23.127716064453125
2013-04-17,123.72774505615234,14.315659523010254,22.816120147705078,11.473806381225586,31.823749542236328,12.541028022766113,28.47264862060547,12.961941719055176,38.27845764160156,22.891016006469727
2013-04-18,122.95402526855469,14.273587226867676,23.01015281677246,11.352828979492188,31.68180274963379,12.409780502319336,28.416345596313477,13.004068374633789,37.811256408691406,22.64141082763672
2013-04-19,124.02294158935547,14.441872596740723,22.963947296142578,11.512004852294922,31.83949851989746,12.426715850830078,28.859682083129883,13.198498725891113,38.34290313720703,22.91253089904785
2013-04-22,124.57332611083984,14.57956314086914,23.210351943969727,11.52474308013916,31.878931045532227,12.524096488952637,28.930055618286133,13.182292938232422,38.57652282714844,23.011520385742188
2013-04-23,125.85755157470703,14.705775260925293,23.478307723999023,11.734861373901367,32.107601165771484,12.659584045410156,29.155248641967773,13.21469497680664,38.81816482543945,23.243915557861328
2013-04-24,125.93736267089844,14.927603721618652,23.792461395263672,11.804901123046875,32.438758850097656,12.68075180053711,28.690792083740234,13.25682544708252,38.14958953857422,23.261127471923828
2013-04-25,126.4478530883789,15.092060089111328,23.810941696166992,11.874942779541016,32.6043586730957,12.723092079162598,28.78228187561035,13.260066032409668,38.30261993408203,23.45909309387207
2013-04-26,126.22453308105469,14.877882957458496,23.77090072631836,11.824004173278809,32.509735107421875,12.718862533569336,28.775243759155273,13.279509544372559,38.29458236694336,23.355815887451172
2013-04-29,127.07003021240234,15.103533744812012,24.011138916015625,11.874942779541016,32.675323486328125,12.900918006896973,28.866727828979492,13.389686584472656,38.41539764404297,23.43758201599121
2013-04-30,127.37311553955078,15.126482009887695,24.10660743713379,11.906776428222656,32.683204650878906,13.040639877319336,28.810434341430664,13.425334930419922,38.125423431396484,23.502126693725586
2013-05-01,126.25643157958984,14.858757972717285,23.730867385864258,11.773061752319336,32.25742721557617,12.926326751708984,28.78228187561035,13.292471885681152,37.72266387939453,23.37732696533203
2013-05-02,127.42898559570312,14.965850830078125,24.041929244995117,11.874942779541016,32.6595458984375,13.091448783874512,28.887845993041992,13.276268005371094,38.141536712646484,23.60542106628418
2013-05-03,128.72125244140625,15.229747772216797,24.476200103759766,12.002287864685059,33.21937942504883,13.2142333984375,29.014514923095703,13.250345230102539,38.3992805480957,23.90237045288086
2013-05-06,129.04830932617188,15.271819114685059,24.642520904541016,12.129633903503418,33.4322624206543,13.277749061584473,28.803394317626953,13.065638542175293,38.14958953857422,23.979833602905273
2013-05-07,129.70237731933594,15.417160987854004,24.833465576171875,12.193304061889648,33.73979187011719,13.269275665283203,29.02155113220215,13.192015647888184,38.270408630371094,24.182106018066406
2013-05-08,130.2926788330078,15.551026344299316,24.873512268066406,12.29517936706543,33.95269012451172,13.375130653381348,29.056734085083008,13.075356483459473,38.383174896240234,24.199317932128906
2013-05-09,129.9257354736328,15.531895637512207,24.85194969177246,12.206036567687988,33.95269012451172,13.33702278137207,28.85265350341797,12.877690315246582,38.4315185546875,24.24235725402832
2013-05-10,130.34849548339844,15.51660442352295,24.722593307495117,12.256976127624512,34.05519104003906,13.375130653381348,28.965255737304688,12.906852722167969,38.810123443603516,24.431716918945312
2013-05-13,130.4522247314453,15.405685424804688,24.719518661499023,12.29517936706543,33.921142578125,13.341255187988281,29.014514923095703,12.838800430297852,39.13232421875,24.436017990112305
2013-05-14,131.8002471923828,15.59691333770752,25.07063102722168,12.505301475524902,34.33904266357422,13.383597373962402,29.35934066772461,12.926295280456543,39.52702331542969,24.685632705688477
2013-05-15,132.51022338867188,15.684882164001465,24.99979591369629,12.619908332824707,34.48097610473633,13.425934791564941,29.64786720275879,13.049434661865234,39.736473083496094,24.81904411315918
2013-05-16,131.8880157470703,15.612205505371094,24.876588821411133,12.537138938903809,34.307498931884766,13.497913360595703,29.471921920776367,12.942495346069336,39.32564926147461,24.530702590942383
2013-05-17,133.16433715820312,15.780498504638672,25.292381286621094,12.702682495117188,34.827911376953125,13.63339614868164,29.514141082763672,13.065638542175293,39.551185607910156,24.76740264892578
2013-05-20,133.1562957763672,15.795792579650879,25.64965057373047,12.728157043457031,34.930423736572266,13.63339614868164,29.2115478515625,13.000825881958008,39.277320861816406,24.694242477416992
2013-05-21,133.34776306152344,15.7766695022583,25.5972957611084,12.759990692138672,34.97772216796875,13.591060638427734,29.23969841003418,13.026747703552246,39.704254150390625,24.806127548217773
2013-05-22,132.35867309570312,15.562495231628418,25.301620483398438,12.626277923583984,34.670204162597656,13.442867279052734,29.19043731689453,12.806395530700684,39.704254150390625,24.56943702697754
2013-05-23,131.97576904296875,15.570148468017578,25.313941955566406,12.549872398376465,34.575592041015625,13.438637733459473,29.07080841064453,12.718904495239258,39.68812942504883,24.517786026000977
2013-05-24,131.86410522460938,15.51660442352295,25.166105270385742,12.562605857849121,34.46519088745117,13.417468070983887,29.345256805419922,12.582799911499023,39.56730270385742,24.444629669189453
2013-05-28,132.6537628173828,15.658110618591309,25.43098258972168,12.689949035644531,34.646568298339844,13.480975151062012,29.394506454467773,12.436983108520508,39.97005844116211,24.68132209777832
2013-05-29,131.79229736328125,15.608386993408203,25.375547409057617,12.689949035644531,34.449432373046875,13.447103500366211,28.8315372467041,12.252278327941895,39.34174346923828,24.427417755126953
2013-05-30,132.2789306640625,15.658110618591309,25.317018508911133,12.842766761779785,34.65444564819336,13.531782150268555,28.718948364257812,12.284679412841797,39.6236686706543,24.427417755126953
2013-05-31,130.3804168701172,15.413333892822266,24.79343605041504,12.632647514343262,34.323265075683594,13.404762268066406,28.184118270874023,12.210147857666016,38.753726959228516,24.1519775390625
2013-06-03,131.09832763671875,15.489825248718262,25.03366470336914,12.645380020141602,34.488853454589844,13.47250747680664,28.493751525878906,12.236071586608887,38.96316146850586,24.25957489013672
2013-06-04,130.46817016601562,15.470704078674316,24.8365535736084,12.530770301818848,34.29960632324219,13.41323184967041,28.50078582763672,12.193943977355957,38.721492767333984,24.173494338989258
2013-06-05,128.6414337158203,15.126482009887695,24.547040939331055,12.327017784118652,33.67670822143555,13.281981468200684,28.15596580505371,12.087010383605957,38.15762710571289,23.773269653320312
2013-06-06,129.80609130859375,15.225926399230957,24.731842041015625,12.498932838439941,33.88959503173828,13.311616897583008,28.275602340698242,12.229591369628906,38.713443756103516,24.02287483215332
2013-06-07,131.457275390625,15.367432594299316,25.04290771484375,12.715417861938477,34.528282165527344,13.434404373168945,28.627460479736328,12.30412769317627,39.06789016723633,24.46183204650879
2013-06-10,131.457275390625,15.44010066986084,24.972078323364258,12.721787452697754,34.42577362060547,13.46403980255127,28.627460479736328,12.300883293151855,39.1242561340332,24.3886775970459
2013-06-11,130.1012420654297,15.225926399230957,24.593238830566406,12.511666297912598,34.110374450683594,13.32431697845459,28.557098388671875,12.219865798950195,38.96316146850586,24.147680282592773
2013-06-12,129.0243377685547,15.149429321289062,24.442317962646484,12.377951622009277,33.87382507324219,13.235404014587402,28.416345596313477,12.099969863891602,38.568443298339844,23.880849838256836
2013-06-13,130.98667907714844,15.428634643554688,24.85194969177246,12.613541603088379,34.370582580566406,13.38782787322998,28.711904525756836,12.297643661499023,39.1645393371582,24.328428268432617
2013-06-14,130.1649169921875,15.317720413208008,24.611722946166992,12.447996139526367,34.14192199707031,13.286213874816895,28.64152717590332,12.313840866088867,39.10010528564453,24.25096321105957
2013-06-17,131.17015075683594,15.44775676727295,24.965913772583008,12.568971633911133,34.410003662109375,13.408998489379883,28.894874572753906,12.352728843688965,39.188716888427734,24.384376525878906
2013-06-18,132.20704650878906,15.51660442352295,25.107587814331055,12.65174674987793,34.81215286254883,13.514848709106445,29.00042724609375,12.436983108520508,39.51897048950195,24.633981704711914
2013-06-19,130.3804168701172,15.398029327392578,24.876588821411133,12.479832649230957,34.283843994140625,13.35819149017334,28.423385620117188,12.151819229125977,38.890663146972656,24.3542537689209
2013-06-20,127.14987182617188,15.00027084350586,24.14973258972168,12.212407112121582,33.50324249267578,13.061814308166504,27.564836502075195,11.808328628540039,37.891815185546875,23.71731185913086
2013-06-21,127.5579605102539,14.949395179748535,24.191194534301758,12.22327709197998,33.52383804321289,12.983088493347168,27.928909301757812,11.96252727508545,38.26565170288086,23.763078689575195
2013-06-24,125.9461441040039,14.710453033447266,23.832218170166016,12.005913734436035,32.961143493652344,12.825637817382812,27.815584182739258,11.952706336975098,37.941993713378906,23.547212600708008
2013-06-25,127.15701293945312,14.79909610748291,24.138591766357422,12.22966480255127,33.33363723754883,12.932024955749512,27.85808563232422,12.10984992980957,38.13617706298828,23.758756637573242
2013-06-26,128.41598510742188,14.868464469909668,24.28713607788086,12.351133346557617,33.658573150634766,13.008620262145996,28.148500442504883,12.263714790344238,38.68640899658203,24.056659698486328
2013-06-27,129.16981506347656,14.86075210571289,24.33356285095215,12.510955810546875,33.99143981933594,13.07244873046875,28.275991439819336,12.289909362792969,38.82398223876953,24.263896942138672
2013-06-28,128.64051818847656,14.779824256896973,24.231428146362305,12.434244155883789,33.793296813964844,13.017129898071289,28.098909378051758,12.319371223449707,38.52458953857422,24.350250244140625
2013-07-01,129.39431762695312,14.864609718322754,24.404733657836914,12.4725980758667,34.134098052978516,13.085214614868164,28.304317474365234,12.16550350189209,38.62977600097656,24.51862144470215
2013-07-02,129.2740020751953,14.818365097045898,24.45733642578125,12.48538589477539,33.769535064697266,13.106489181518555,28.339736938476562,12.162229537963867,38.54885482788086,24.561805725097656
2013-07-03,129.3302001953125,14.822213172912598,24.441862106323242,12.447028160095215,33.78538131713867,13.183087348937988,28.283069610595703,12.1163911819458,38.49221420288086,24.674055099487305
2013-07-05,130.72549438476562,14.922419548034668,24.74515151977539,12.6707763671875,34.31637954711914,13.268199920654297,28.353891372680664,12.080381393432617,39.0181884765625,24.941736221313477
2013-07-08,131.4712371826172,15.007205963134766,24.90608024597168,12.766671180725098,34.411460876464844,13.259684562683105,28.637231826782227,12.253894805908203,39.23665237426758,25.174880981445312
2013-07-09,132.41748046875,15.238449096679688,25.159835815429688,12.875350952148438,34.8948974609375,13.310750007629395,28.84972381591797,12.34228515625,39.34993362426758,25.27417755126953
2013-07-10,132.46560668945312,15.234590530395508,25.005098342895508,12.798638343811035,34.88698959350586,13.35330581665039,28.8851318359375,12.41103744506836,39.6088752746582,25.300081253051758
2013-07-11,134.26991271972656,15.481243133544922,25.206260681152344,12.920104026794434,35.441749572753906,13.578835487365723,29.338462829589844,12.610740661621094,40.11865997314453,25.662748336791992
2013-07-12,134.32598876953125,15.427289962768555,25.348617553710938,13.009602546691895,35.22777557373047,13.587347984313965,29.34554100036621,12.650025367736816,40.36141586303711,25.783639907836914
2013-07-15,134.83920288085938,15.465832710266113,25.32695198059082,13.067142486572266,35.35457992553711,13.625648498535156,29.38805389404297,12.856276512145996,40.40187072753906,25.718875885009766
2013-07-16,134.3340606689453,15.350214004516602,25.17222023010254,13.015995979309082,35.16436767578125,13.634157180786133,29.281801223754883,12.787527084350586,40.16719436645508,25.58071517944336
2013-07-17,134.67880249023438,15.49280071258545,25.28362464904785,13.073537826538086,35.26740646362305,13.64692211151123,29.338462829589844,12.780980110168457,40.27238082885742,25.593664169311523
2013-07-18,135.41661071777344,15.500509262084961,25.5528621673584,13.246146202087402,35.62404251098633,13.612879753112793,29.437631607055664,12.892288208007812,40.38568115234375,25.740455627441406
2013-07-19,135.6571502685547,15.600711822509766,25.908754348754883,13.252537727355957,35.98859405517578,13.38309097290039,29.60761833190918,12.895561218261719,40.91972732543945,25.718875885009766
2013-07-22,135.9217529296875,15.616131782531738,25.825199127197266,13.342035293579102,36.01237106323242,13.421391487121582,29.543882369995117,12.882467269897461,41.122013092041016,25.701601028442383
2013-07-23,135.633056640625,15.662376403808594,25.8685245513916,13.290891647338867,35.98859405517578,13.366069793701172,29.487205505371094,12.915200233459473,40.976375579833984,25.667062759399414
2013-07-24,135.13595581054688,15.515926361083984,25.58071517944336,13.194994926452637,35.71122741699219,13.455434799194336,29.295963287353516,12.718777656555176,40.91162872314453,25.58071517944336
2013-07-25,135.46470642089844,15.662376403808594,25.750919342041016,13.207786560058594,35.727054595947266,13.46394157409668,29.45179557800293,12.83663272857666,41.113929748535156,25.615257263183594
2013-07-26,135.60899353027344,15.604568481445312,25.685930252075195,13.194994926452637,35.60818862915039,13.502242088317871,29.416378021240234,12.882467269897461,41.38093948364258,25.697288513183594
2013-07-29,135.19200134277344,15.693202018737793,25.472400665283203,13.099106788635254,35.513092041015625,13.480963706970215,29.352645874023438,12.905379295349121,41.25957489013672,25.563440322875977
2013-07-30,135.19200134277344,15.654671669006348,25.422883987426758,13.092710494995117,35.663665771484375,13.549049377441406,29.32429313659668,12.947943687438965,41.267677307128906,25.498685836791992
2013-07-31,135.2882537841797,15.600711822509766,25.50644874572754,13.099106788635254,35.79047393798828,13.502242088317871,29.317214965820312,12.853004455566406,41.28386306762695,25.632526397705078
2013-08-01,136.85191345214844,15.716328620910645,25.92112922668457,13.310067176818848,36.40071487426758,13.64692211151123,29.55803680419922,12.961036682128906,41.54279327392578,26.029727935791016
2013-08-02,137.08453369140625,15.804975509643555,25.80662727355957,13.303679466247559,36.4720344543457,13.706498146057129,29.572219848632812,12.944673538208008,41.55897521972656,26.215377807617188
2013-08-05,136.88406372070312,15.762577056884766,25.74472999572754,13.278106689453125,36.32938766479492,13.736286163330078,29.59345245361328,12.859552383422852,41.50233840942383,26.15924644470215
2013-08-06,136.1062469482422,15.616131782531738,25.586904525756836,13.156639099121094,36.05992126464844,13.663947105407715,29.55803680419922,12.794075965881348,41.30812454223633,26.05130958557129
2013-08-07,135.66517639160156,15.623844146728516,25.49715805053711,13.067142486572266,36.00444793701172,13.629900932312012,29.416378021240234,12.853004455566406,41.34050750732422,25.822484970092773
2013-08-08,136.16233825683594,15.855072975158691,25.636423110961914,13.099106788635254,36.1708869934082,13.672455787658691,29.572219848632812,12.902109146118164,41.34050750732422,25.99518585205078
2013-08-09,135.76937866210938,15.947571754455566,25.559053421020508,13.054352760314941,36.051998138427734,13.6043701171875,29.444713592529297,12.813715934753418,41.19484329223633,25.939054489135742
2013-08-12,135.60899353027344,15.92444133758545,25.45073890686035,13.00321102142334,36.09954833984375,13.693734169006348,29.359703063964844,12.744966506958008,41.0249137878418,25.90452003479004
2013-08-13,136.00997924804688,15.982246398925781,25.49715805053711,13.067142486572266,36.258056640625,13.78735065460205,29.38096046447754,12.676216125488281,41.17866897583008,25.90452003479004
2013-08-14,135.31231689453125,15.947571754455566,25.379562377929688,13.015995979309082,36.00444793701172,13.774580955505371,29.175554275512695,12.59437370300293,40.854984283447266,25.61956787109375
2013-08-15,133.41986083984375,15.831947326660156,25.24030113220215,12.82420825958252,35.60026168823242,13.55330753326416,28.70806884765625,12.433955192565918,40.16719436645508,25.17055892944336
2013-08-16,132.97882080078125,15.708616256713867,25.138181686401367,12.798638343811035,35.64780807495117,13.540538787841797,28.538063049316406,12.289909362792969,39.9810905456543,25.079893112182617
2013-08-19,132.1287841796875,15.585291862487793,24.73895835876465,12.63242244720459,35.45761489868164,13.497984886169434,28.410573959350586,12.185141563415527,40.05392074584961,24.97195816040039
2013-08-20,132.77838134765625,15.673940658569336,24.890609741210938,12.753884315490723,35.5210075378418,13.519261360168457,28.417648315429688,12.299726486206055,40.16719436645508,25.22669219970703
2013-08-21,131.96038818359375,15.554469108581543,24.754426956176758,12.664383888244629,35.27533721923828,13.489479064941406,28.19807243347168,12.158952713012695,39.92445755004883,25.010814666748047
2013-08-22,133.16322326660156,15.739457130432129,25.122699737548828,12.811423301696777,35.75876998901367,13.549049377441406,28.318485260009766,12.227704048156738,40.18339538574219,25.261220932006836
2013-08-23,133.61231994628906,15.866633415222168,25.302186965942383,12.82420825958252,35.76670455932617,13.64692211151123,28.481403350830078,12.329192161560059,40.28856658935547,25.265544891357422
2013-08-26,133.11514282226562,15.866633415222168,25.258861541748047,12.74109935760498,35.68743896484375,13.58309268951416,28.148500442504883,12.23752498626709,40.345218658447266,25.213729858398438
2013-08-27,130.97409057617188,15.589144706726074,25.10103988647461,12.434244155883789,34.966251373291016,13.344796180725098,27.9997501373291,12.230978012084961,39.689796447753906,24.803577423095703
2013-08-28,131.43914794921875,15.558314323425293,25.518823623657227,12.45341968536377,34.99794387817383,13.35330581665039,27.787246704101562,12.273536682128906,39.85972213745117,24.93741798400879
2013-08-29,131.64761352539062,15.60842227935791,25.25267219543457,12.48538589477539,35.10096740722656,13.425643920898438,27.900583267211914,12.20151138305664,39.9810905456543,25.058303833007812
2013-08-30,131.2306671142578,15.581433296203613,25.24339485168457,12.427845001220703,34.902835845947266,13.361814498901367,27.985578536987305,12.211336135864258,39.82734680175781,24.90287971496582
2013-09-03,131.8240966796875,15.673940658569336,25.429080963134766,12.530136108398438,35.124755859375,13.374581336975098,27.964330673217773,12.070558547973633,40.0862922668457,25.079893112182617
2013-09-04,132.9146728515625,15.820388793945312,25.565242767333984,12.626029968261719,35.48139953613281,13.502242088317871,28.141407012939453,12.070558547973633,40.547508239746094,25.343252182006836
2013-09-05,133.08303833007812,15.847362518310547,25.651884078979492,12.65799617767334,35.56856918334961,13.510751724243164,28.098909378051758,12.021455764770508,40.60415267944336,25.351892471313477
2013-09-06,133.14720153808594,15.828092575073242,25.6487979888916,12.65799617767334,35.552711486816406,13.519261360168457,28.169734954833984,12.106575012207031,40.62033462524414,25.321657180786133
2013-09-09,134.4222412109375,16.067035675048828,25.936609268188477,12.805027961730957,35.99652099609375,13.680965423583984,28.368072509765625,12.149131774902344,40.87118911743164,25.546175003051758
2013-09-10,135.41661071777344,16.209632873535156,25.945890426635742,12.958462715148926,36.519596099853516,13.766070365905762,28.396398544311523,12.244070053100586,41.13011169433594,25.792266845703125
2013-09-11,135.84156799316406,16.30983543395996,26.143959045410156,12.971248626708984,36.67017364501953,13.702239036560059,28.6018123626709,12.122940063476562,41.40522003173828,25.982227325439453
2013-09-12,135.48072814941406,16.140262603759766,25.98921775817871,12.875350952148438,36.519596099853516,13.715007781982422,28.608898162841797,12.090205192565918,41.34050750732422,25.92179298400879
2013-09-13,135.7854766845703,16.248172760009766,25.979934692382812,12.91370677947998,36.622615814208984,13.727776527404785,28.842647552490234,12.181869506835938,41.43759536743164,25.99518585205078
2013-09-16,136.57135009765625,16.42930793762207,25.973743438720703,13.054352760314941,37.098148345947266,13.706498146057129,29.104713439941406,12.214608192443848,41.809810638427734,26.11176300048828
2013-09-17,137.1807861328125,16.383056640625,26.091337203979492,13.11828327178955,37.25664138793945,13.774580955505371,29.20389175415039,12.286632537841797,41.8341064453125,26.262866973876953
2013-09-18,138.7685089111328,16.760744094848633,26.407007217407227,13.233358383178711,37.7242317199707,13.949054718017578,29.550966262817383,12.65329647064209,42.093021392822266,26.565093994140625
2013-09-19,138.53599548339844,16.70292854309082,26.342016220092773,13.182210922241211,37.851036071777344,13.957563400268555,29.416378021240234,12.59437370300293,41.955467224121094,26.55644989013672
2013-09-20,137.56736755371094,16.507726669311523,26.12841796875,13.11225700378418,37.388450622558594,13.85836124420166,29.210386276245117,12.404321670532227,41.87665939331055,26.396238327026367
2013-09-23,136.9307861328125,16.38378143310547,26.000944137573242,12.926128387451172,37.269039154052734,13.901118278503418,29.08207130432129,12.553057670593262,41.58414840698242,26.192726135253906
2013-09-24,136.6085205078125,16.37603759765625,26.025819778442383,12.842695236206055,37.404380798339844,13.841257095336914,28.946651458740234,12.546446800231934,41.37290573120117,26.262008666992188
2013-09-25,136.21365356445312,16.41864013671875,26.01959800720215,12.913296699523926,37.2371826171875,13.819881439208984,28.704294204711914,12.460511207580566,41.04788589477539,26.101789474487305
2013-09-26,136.73736572265625,16.52709197998047,26.066238403320312,12.913296699523926,37.404380798339844,13.871190071105957,28.853973388671875,12.443987846374512,41.19414520263672,26.348608016967773
2013-09-27,136.10885620117188,16.329553604125977,25.97607421875,12.868365287780762,37.165531158447266,13.785670280456543,28.675790786743164,12.364663124084473,41.19414520263672,26.35293960571289
2013-09-30,135.3837127685547,16.271461486816406,25.777097702026367,12.778512954711914,36.95056915283203,13.700152397155762,28.36928367614746,12.351444244384766,41.10477828979492,26.25334930419922
2013-10-01,136.45533752441406,16.341176986694336,25.941879272460938,12.868365287780762,37.18144989013672,13.819881439208984,28.54035186767578,12.387799263000488,41.62477493286133,26.46552085876465
2013-10-02,136.32643127441406,16.38378143310547,26.000944137573242,12.861949920654297,37.00628662109375,13.824155807495117,28.4761962890625,12.401019096374512,41.52726364135742,26.456857681274414
2013-10-03,135.0693817138672,16.24434471130371,25.773984909057617,12.765674591064453,36.600242614746094,13.704424858093262,28.33363914489746,12.25559139251709,41.16163635253906,26.15808868408203
2013-10-04,136.09275817871094,16.480609893798828,26.035144805908203,12.868365287780762,36.839088439941406,13.760016441345215,28.376401901245117,12.278726577758789,41.61664581298828,26.404895782470703
2013-10-07,134.91635131835938,16.279205322265625,25.820619583129883,12.720746994018555,36.584327697753906,13.700152397155762,28.28374481201172,12.219237327575684,41.15352249145508,26.032503128051758
2013-10-08,133.34500122070312,16.019702911376953,25.543916702270508,12.560294151306152,36.17031478881836,13.482077598571777,28.28374481201172,12.305168151855469,40.56039047241211,25.621150970458984
2013-10-09,133.44166564941406,16.042932510375977,25.453754425048828,12.605224609375,36.15437316894531,13.533390998840332,28.30512809753418,12.354747772216797,40.487266540527344,25.50423812866211
2013-10-10,136.31837463378906,16.38378143310547,25.92633056640625,12.96463394165039,37.08591079711914,13.760016441345215,28.832603454589844,12.539837837219238,41.42977523803711,26.097463607788086
2013-10-11,137.19667053222656,16.480609893798828,26.206144332885742,13.035238265991211,37.26105880737305,13.875467300415039,28.918128967285156,12.59932804107666,41.62477493286133,26.3226261138916
2013-10-14,137.7447052001953,16.538711547851562,26.383363723754883,13.099418640136719,37.404380798339844,13.922502517700195,29.039310455322266,12.529921531677246,41.92539596557617,26.430875778198242
2013-10-15,136.74545288085938,16.43800163269043,26.286983489990234,13.003145217895508,37.03017807006836,13.836982727050781,28.775577545166016,12.354747772216797,41.65728759765625,26.17972755432129
2013-10-16,138.65521240234375,16.60455894470215,26.68183135986328,13.27912712097168,37.2769889831543,13.969534873962402,29.203250885009766,12.467124938964844,42.510406494140625,26.504486083984375
2013-10-17,139.58192443847656,16.821460723876953,26.73779296875,13.394651412963867,37.56362533569336,13.973814010620117,29.531137466430664,12.668743133544922,42.86790466308594,26.699344635009766
2013-10-18,140.52467346191406,16.871814727783203,27.03004264831543,13.42032527923584,37.96967315673828,14.21326732635498,29.573915481567383,12.701794624328613,42.697269439697266,26.863882064819336
2013-10-21,140.53273010253906,16.8679256439209,26.90878677368164,13.394651412963867,38.06521224975586,14.290230751037598,29.509754180908203,12.675349235534668,42.477909088134766,26.933168411254883
2013-10-22,141.34664916992188,17.111948013305664,27.058019638061523,13.42032527923584,38.31999206542969,14.285955429077148,29.880414962768555,12.837301254272461,42.87602615356445,27.11503791809082
2013-10-23,140.6697540283203,16.9996337890625,26.635194778442383,13.3112211227417,38.335899353027344,14.217548370361328,29.937427520751953,12.84721851348877,42.79478073120117,26.94182586669922
2013-10-24,141.13711547851562,17.084835052490234,26.762662887573242,13.330470085144043,38.622535705566406,14.251752853393555,29.880414962768555,12.82077693939209,42.79478073120117,27.21028709411621
2013-10-25,141.78175354003906,17.13518714904785,26.92432975769043,13.388235092163086,38.82157516479492,14.324442863464355,29.951684951782227,12.956291198730469,42.85167694091797,27.41380500793457
2013-10-28,142.0073699951172,17.049978256225586,26.946102142333984,13.356145858764648,38.765846252441406,14.371476173400879,30.343719482421875,12.929845809936523,42.99790954589844,27.361848831176758
2013-10-29,142.7648468017578,17.084835052490234,27.135746002197266,13.394651412963867,38.87730407714844,14.465546607971191,30.60746192932129,12.946374893188477,43.282291412353516,27.522058486938477
2013-10-30,142.05572509765625,16.980260848999023,26.95231056213379,13.34330940246582,38.702152252197266,14.435614585876465,30.343719482421875,12.863743782043457,43.046661376953125,27.3878231048584
2013-10-31,141.65281677246094,16.95315170288086,26.859045028686523,13.202109336853027,38.71010971069336,14.388579368591309,30.18690299987793,12.817475318908691,42.87602615356445,27.457111358642578
2013-11-01,141.99124145507812,16.914417266845703,26.762662887573242,13.234199523925781,38.988765716552734,14.392854690551758,30.30095863342285,12.910017013549805,43.16041564941406,27.522058486938477
2013-11-04,142.4909210205078,16.984128952026367,27.095338821411133,13.240618705749512,39.1320915222168,14.448441505432129,30.329477310180664,12.936455726623535,43.192901611328125,27.617324829101562
2013-11-05,142.0395965576172,16.910541534423828,26.849721908569336,13.17001724243164,39.0922737121582,14.409957885742188,30.386486053466797,12.843913078308105,43.046661376953125,27.617324829101562
2013-11-06,142.7648468017578,17.0267391204834,26.93055534362793,13.234199523925781,39.2037353515625,14.555343627929688,30.714370727539062,13.019085884094238,42.949153900146484,27.548044204711914
2013-11-07,140.95980834960938,16.802095413208008,26.513938903808594,13.086579322814941,38.78972244262695,14.36719799041748,30.26531410217285,12.896796226501465,42.56727600097656,26.97646713256836
2013-11-08,142.86155700683594,17.11582374572754,26.90878677368164,13.388235092163086,39.31521224975586,14.495482444763184,30.415000915527344,12.873658180236816,43.192901611328125,27.405153274536133
2013-11-11,142.8856658935547,17.108074188232422,26.958539962768555,13.394651412963867,39.28335952758789,14.512578010559082,30.32233428955078,12.870353698730469,43.29853439331055,27.448440551757812
2013-11-12,142.59564208984375,17.053850173950195,26.709814071655273,13.266290664672852,39.29928207397461,14.551069259643555,30.372251510620117,12.761285781860352,43.274166107177734,27.400821685791016
2013-11-13,143.73988342285156,17.146812438964844,26.9429874420166,13.381814002990723,39.53017044067383,14.675063133239746,30.62884521484375,12.824078559875488,43.517913818359375,27.833826065063477
2013-11-14,144.45703125,17.290115356445312,27.104656219482422,13.49734115600586,39.68143844604492,14.636581420898438,30.849809646606445,12.936455726623535,43.883544921875,28.028682708740234
2013-11-15,145.0855712890625,17.402450561523438,27.25389862060547,13.561528205871582,39.81679153442383,14.66651439666748,30.885446548461914,13.012481689453125,44.135433197021484,28.123945236206055
2013-11-18,144.57794189453125,17.293991088867188,27.04557991027832,13.555106163024902,39.8804817199707,14.610932350158691,30.79279136657715,12.995953559875488,43.940425872802734,27.903112411499023
2013-11-19,144.2636260986328,17.239763259887695,27.092220306396484,13.574360847473145,39.5938720703125,14.559619903564453,30.678739547729492,12.90009880065918,43.98917007446289,27.7818603515625
2013-11-20,143.81239318847656,17.1003360748291,27.02692985534668,13.53585433959961,39.41870880126953,14.512578010559082,30.55044174194336,12.757972717285156,44.11917495727539,27.638965606689453
2013-11-21,144.9727020263672,17.239763259887695,27.28498649597168,13.728399276733398,39.7371826171875,14.636581420898438,30.60746192932129,12.787720680236816,44.297935485839844,27.924760818481445
2013-11-22,145.697998046875,17.32884979248047,27.43111228942871,13.792581558227539,40.087501525878906,14.606650352478027,30.7642765045166,12.777811050415039,44.89107131958008,28.080644607543945
2013-11-25,145.55296325683594,17.220399856567383,27.182390213012695,13.8118314743042,39.999908447265625,14.606650352478027,30.714370727539062,12.728232383728027,45.06980514526367,28.106626510620117
2013-11-26,145.59320068359375,17.17778968811035,27.113977432250977,13.798992156982422,40.079532623291016,14.657960891723633,30.68586540222168,12.602630615234375,44.9398193359375,28.271169662475586
2013-11-27,145.94776916503906,17.189409255981445,26.93055534362793,13.83751106262207,40.238765716552734,14.773417472839355,30.70724105834961,12.57619571685791,44.92355728149414,28.379419326782227
2013-11-29,145.85105895996094,17.17392349243164,26.874591827392578,13.786157608032227,40.1273078918457,14.83327579498291,30.657344818115234,12.569581985473633,44.899173736572266,28.405397415161133
2013-12-02,145.4723663330078,17.131317138671875,26.893251419067383,13.77974796295166,39.96010208129883,14.786245346069336,30.493408203125,12.516702651977539,44.91543197631836,28.271169662475586
2013-12-03,144.8438262939453,16.929906845092773,26.958539962768555,13.638545036315918,39.61774444580078,14.820453643798828,30.643102645874023,12.57949447631836,44.525421142578125,28.002704620361328
2013-12-04,144.82769775390625,17.01124382019043,26.87148666381836,13.670633316040039,39.45851516723633,14.83327579498291,30.571823120117188,12.635686874389648,44.37105178833008,27.93775177001953
2013-12-05,144.19105529785156,16.914417266845703,26.781314849853516,13.542272567749023,39.474449157714844,14.786245346069336,30.293832778930664,12.533227920532227,44.28980255126953,27.96805763244629
2013-12-06,145.802734375,17.146812438964844,26.865259170532227,13.728399276733398,40.079532623291016,14.888863563537598,30.70724105834961,12.705097198486328,44.86668014526367,28.201885223388672
2013-12-09,146.1733856201172,17.23589515686035,26.902570724487305,13.786157608032227,40.183040618896484,14.935897827148438,30.814170837402344,12.629076957702637,44.956077575683594,28.18023681640625
2013-12-10,145.64962768554688,17.286251068115234,26.821735382080078,13.734810829162598,40.09546661376953,14.905967712402344,30.55044174194336,12.503482818603516,44.77730178833008,28.19755744934082
2013-12-11,144.01382446289062,16.991870880126953,26.442428588867188,13.548689842224121,39.466487884521484,14.769140243530273,30.60032844543457,12.401019096374512,44.00543212890625,27.93775177001953
2013-12-12,143.53839111328125,16.957019805908203,26.554359436035156,13.548689842224121,39.50627517700195,14.670790672302246,30.179784774780273,12.417545318603516,43.68855285644531,27.85114860534668
2013-12-13,143.5223388671875,17.038358688354492,26.467302322387695,13.561528205871582,39.625709533691406,14.62375545501709,30.1298885345459,12.397714614868164,43.72105026245117,27.920434951782227
2013-12-16,144.41671752929688,17.108074188232422,26.69738006591797,13.644959449768066,39.999908447265625,14.769140243530273,30.122764587402344,12.463815689086914,43.80229949951172,28.102293014526367
2013-12-17,143.95745849609375,17.220399856567383,26.5450382232666,13.555106163024902,39.9839973449707,14.764862060546875,29.98020362854004,12.440679550170898,43.591033935546875,28.028682708740234
2013-12-18,146.41517639160156,17.429561614990234,26.946102142333984,13.86959457397461,40.652793884277344,14.8803129196167,30.479164123535156,12.605937004089355,44.67167663574219,28.444366455078125
2013-12-19,146.24588012695312,17.456666946411133,27.023820877075195,13.850335121154785,40.692588806152344,14.905967712402344,30.4221248626709,12.51339340209961,44.57417678833008,28.427047729492188
2013-12-20,147.0966339111328,17.512020111083984,27.071609497070312,13.934816360473633,41.01987075805664,15.022418022155762,30.56003761291504,12.63733196258545,44.79853820800781,28.545299530029297
2013-12-23,147.8824920654297,17.597766876220703,27.0997314453125,13.999299049377441,41.17992401123047,15.220083236694336,30.53130340576172,12.587218284606934,44.96986389160156,28.671369552612305
2013-12-24,148.20654296875,17.78874969482422,27.249649047851562,14.025089263916016,41.37199020385742,15.263057708740234,30.57438850402832,12.63733196258545,44.888267517089844,28.732242584228516
2013-12-26,148.9600830078125,17.886186599731445,27.443317413330078,14.057331085205078,41.66006851196289,15.301729202270508,30.696483612060547,12.580535888671875,45.22278594970703,28.945266723632812
2013-12-27,148.95196533203125,17.940757751464844,27.577627182006836,14.050884246826172,41.612060546875,15.288841247558594,30.768301010131836,12.63064956665039,45.18199157714844,28.810497283935547
2013-12-30,148.92764282226562,17.95244026184082,27.38084602355957,14.025089263916016,41.572044372558594,15.25875186920166,30.84731101989746,12.660715103149414,45.25542068481445,28.940916061401367
2013-12-31,149.6324920654297,18.014808654785156,27.64634132385254,14.096023559570312,41.82012176513672,15.357589721679688,30.868852615356445,12.684103012084961,45.230934143066406,29.05394744873047
2014-01-02,148.19839477539062,17.87059211730957,27.25278091430664,14.018646240234375,41.23594284057617,15.207189559936523,30.488201141357422,12.490344047546387,44.978031158447266,28.919178009033203
2014-01-03,148.17416381835938,17.82772445678711,27.15282440185547,14.115368843078613,41.347991943359375,15.13414192199707,30.430749893188477,12.450254440307617,45.084075927734375,28.840927124023438
2014-01-06,147.74476623535156,17.73027992248535,27.190324783325195,14.128264427185059,41.107913970947266,15.10836124420166,30.315834045410156,12.47030258178711,44.89643478393555,28.662681579589844
2014-01-07,148.6522216796875,17.699098587036133,27.396459579467773,14.134716033935547,41.36397933959961,15.245868682861328,30.48102378845215,12.580535888671875,45.369632720947266,28.836584091186523
2014-01-08,148.6846160888672,17.80433464050293,27.205930709838867,14.179850578308105,41.291954040527344,15.245868682861328,30.251190185546875,12.513727188110352,45.769405364990234,28.758325576782227
2014-01-09,148.78182983398438,17.73417854309082,27.121593475341797,14.231439590454102,41.49201965332031,15.1470365524292,30.409208297729492,12.587218284606934,46.11207580566406,28.75397300720215
2014-01-10,149.18685913085938,17.78874969482422,27.143457412719727,14.205644607543945,41.5560417175293,15.177109718322754,30.452302932739258,12.767611503601074,46.29154586791992,28.840927124023438
2014-01-13,147.20196533203125,17.547088623046875,26.603076934814453,13.992847442626953,41.0518913269043,15.013821601867676,30.279930114746094,12.63733196258545,45.9162483215332,28.26272201538086
2014-01-14,148.8061065673828,17.792646408081055,26.949796676635742,14.108916282653809,41.4840087890625,15.267353057861328,30.437942504882812,12.654029846191406,46.49551773071289,28.50617027282715
2014-01-15,149.60818481445312,17.901777267456055,26.8717098236084,14.276581764221191,41.78013229370117,15.452125549316406,30.445114135742188,12.63064956665039,46.454734802246094,28.57573127746582
2014-01-16,149.41371154785156,17.944644927978516,26.909181594848633,14.186297416687012,41.67607879638672,15.447827339172363,30.452302932739258,12.717499732971191,46.568939208984375,28.423574447631836
2014-01-17,148.78182983398438,17.901777267456055,26.86546516418457,14.141164779663086,41.46800994873047,15.36188793182373,30.215282440185547,12.71415901184082,46.519996643066406,28.29749298095703
2014-01-21,149.21932983398438,18.010910034179688,27.087236404418945,14.154065132141113,41.508018493652344,15.43923282623291,30.330211639404297,12.854462623596191,46.78921890258789,28.271408081054688
2014-01-22,149.3164825439453,17.835519790649414,27.212173461914062,14.160506248474121,41.63607406616211,15.422042846679688,30.330211639404297,12.867827415466309,46.830013275146484,28.34531593322754
2014-01-23,148.0931396484375,17.570472717285156,26.90294647216797,13.928364753723145,41.13992691040039,15.39197063446045,30.06446647644043,12.831083297729492,46.503658294677734,28.145343780517578
2014-01-24,144.9334716796875,17.098859786987305,26.340709686279297,13.61240291595459,39.85954284667969,15.095466613769531,29.79154396057129,12.687438011169434,45.41042709350586,27.606246948242188
2014-01-27,144.22047424316406,17.028709411621094,26.24700927734375,13.528573989868164,39.89956283569336,14.953665733337402,29.66944694519043,12.717499732971191,45.04328918457031,27.497560501098633
2014-01-28,145.079345703125,17.126144409179688,26.446903228759766,13.70911979675293,40.27567672729492,14.863430976867676,29.899272918701172,12.76427173614502,45.647029876708984,27.688852310180664
2014-01-29,143.68580627441406,17.19631004333496,26.300094604492188,13.547913551330566,39.84355163574219,14.747405052185059,29.374980926513672,12.757589340209961,45.230934143066406,27.245407104492188
2014-01-30,145.20892333984375,17.278162002563477,26.384443283081055,13.741364479064941,40.23566818237305,14.927878379821777,29.41806983947754,12.954686164855957,46.05496597290039,27.701894760131836
2014-01-31,144.35818481445312,17.165122985839844,26.04397201538086,13.580154418945312,40.03561019897461,14.962259292602539,29.27442741394043,13.061578750610352,45.65518569946289,27.310626983642578
2014-02-03,141.109375,16.763671875,25.578567504882812,13.238398551940918,38.92329025268555,14.648578643798828,28.642398834228516,12.958023071289062,44.75775146484375,26.59329605102539
2014-02-04,142.09776306152344,16.91177749633789,25.840946197509766,13.367366790771484,39.17134475708008,14.704439163208008,28.79322052001953,12.881189346313477,45.19831085205078,26.919355392456055
2014-02-05,141.91958618164062,16.931264877319336,25.587942123413086,13.354469299316406,39.15535354614258,14.717331886291504,28.814769744873047,12.824402809143066,44.94538116455078,26.95414161682129
2014-02-06,143.7910919189453,17.18461799621582,25.969013214111328,13.560809135437012,39.699493408203125,14.880619049072266,29.12359619140625,12.917937278747559,45.19831085205078,27.523651123046875
2014-02-07,145.57350158691406,17.42237091064453,26.2501277923584,13.728469848632812,40.38770294189453,15.082579612731934,29.396530151367188,12.988092422485352,45.973350524902344,27.862749099731445
2014-02-10,145.8408203125,17.508113861083984,26.12205696105957,13.741364479064941,40.13163375854492,15.11265754699707,29.511436462402344,13.084965705871582,46.3568229675293,27.845369338989258
2014-02-11,147.4368896484375,17.710792541503906,26.462533950805664,13.883225440979004,40.579750061035156,15.2974271774292,29.85618019104004,13.208565711975098,46.985015869140625,28.04969596862793
2014-02-12,147.5098876953125,17.679611206054688,26.40005874633789,13.883225440979004,40.811824798583984,15.357589721679688,29.726892471313477,13.225265502929688,46.985015869140625,28.07577896118164
2014-02-13,148.27134704589844,17.831619262695312,26.524995803833008,13.934816360473633,40.843833923339844,15.469310760498047,29.877716064453125,13.368907928466797,47.31953048706055,28.1627197265625
2014-02-14,149.0896453857422,17.975830078125,26.8717098236084,13.9541597366333,41.107913970947266,15.499387741088867,30.05008888244629,13.455766677856445,47.4908561706543,28.332273483276367
2014-02-18,149.26792907714844,17.98752212524414,26.993513107299805,13.97995376586914,41.0759162902832,15.507984161376953,29.877716064453125,13.502538681030273,47.93142318725586,28.367055892944336
2014-02-19,148.27952575683594,17.862804412841797,27.02789306640625,13.786507606506348,40.69179153442383,15.456418991088867,29.813087463378906,13.425703048706055,47.6376953125,28.136638641357422
2014-02-20,149.15444946289062,18.049882888793945,27.205930709838867,13.825196266174316,41.0759162902832,15.507984161376953,29.942365646362305,13.529257774353027,48.070106506347656,28.28880500793457
2014-02-21,148.98435974121094,18.003116607666016,26.990400314331055,13.85098648071289,41.12392044067383,15.447827339172363,29.877716064453125,13.5459623336792,47.98037338256836,28.34531593322754
2014-02-24,149.8107452392578,17.940757751464844,27.396459579467773,13.9541597366333,41.436004638671875,15.507984161376953,29.98546600341797,13.512557029724121,48.33935546875,28.462705612182617
2014-02-25,149.7539825439453,18.007009506225586,27.383968353271484,13.87033462524414,41.29996109008789,15.465012550354004,30.100358963012695,13.495851516723633,48.21696853637695,28.662681579589844
2014-02-26,149.76211547851562,18.143428802490234,27.212173461914062,13.85098648071289,41.3399772644043,15.47790813446045,30.07164192199707,13.45242691040039,48.21696853637695,28.823537826538086
2014-02-27,150.54803466796875,18.287639617919922,27.240285873413086,13.921918869018555,41.58004379272461,15.602521896362305,30.20810890197754,13.419017791748047,48.494346618652344,28.940916061401367
2014-02-28,150.9287872314453,18.350000381469727,27.37771987915039,13.992847442626953,41.66006851196289,15.619709014892578,30.416379928588867,13.512557029724121,48.494346618652344,29.05829620361328
2014-03-03,149.86744689941406,18.307132720947266,27.202804565429688,13.883225440979004,41.37998580932617,15.452125549316406,30.251190185546875,13.378937721252441,48.1353759765625,28.784414291381836
2014-03-04,151.97393798828125,18.595550537109375,27.499540328979492,14.166950225830078,41.98017120361328,15.654077529907227,30.66057777404785,13.475808143615723,49.04914093017578,29.14525032043457
2014-03-05,152.11166381835938,18.638427734375,27.2434139251709,14.315268516540527,42.03618240356445,15.67556381225586,30.56003761291504,13.385611534118652,48.926761627197266,29.266965866088867
2014-03-06,152.4600372314453,18.708581924438477,27.440181732177734,14.360401153564453,42.276241302490234,15.69704818725586,30.552841186523438,13.318802833557129,48.62489700317383,29.340869903564453
2014-03-07,152.5248565673828,18.62672996520996,27.49329376220703,14.424887657165527,42.41229248046875,15.649785995483398,30.639039993286133,13.35888957977295,48.502506256103516,29.29740333557129
2014-03-10,152.44381713867188,18.611141204833984,27.537023544311523,14.43133544921875,42.22823715209961,15.624006271362305,30.66775894165039,13.325485229492188,48.706485748291016,29.219152450561523
2014-03-11,151.6903533935547,18.420164108276367,27.224666595458984,14.334609985351562,41.92414474487305,15.589630126953125,30.65338897705078,13.288739204406738,48.60856628417969,29.049602508544922
2014-03-12,151.7308349609375,18.412363052368164,27.22777557373047,14.308815002441406,41.844120025634766,15.615416526794434,30.718036651611328,13.455766677856445,48.60042953491211,29.006128311157227
2014-03-13,150.029541015625,18.279848098754883,26.9560489654541,14.147605895996094,41.251956939697266,15.404855728149414,30.567211151123047,13.596070289611816,47.93956756591797,28.653987884521484
2014-03-14,149.60818481445312,18.279848098754883,26.98103141784668,14.057331085205078,41.09189987182617,15.310321807861328,30.581586837768555,13.659540176391602,47.67851257324219,28.627901077270508
2014-03-17,150.96119689941406,18.427963256835938,27.124711990356445,14.205644607543945,41.59605026245117,15.490795135498047,30.76114273071289,13.749733924865723,48.143550872802734,28.81918716430664
2014-03-18,152.03871154785156,18.53318977355957,27.35272979736328,14.276581764221191,41.82012176513672,15.692754745483398,30.825769424438477,13.729694366455078,48.657527923583984,28.945266723632812
2014-03-19,151.22854614257812,18.36949348449707,27.146581649780273,14.27012825012207,41.38798904418945,15.62829875946045,30.588748931884766,13.512557029724121,48.51067352294922,28.75397300720215
2014-03-20,152.11166381835938,18.615041732788086,27.25278091430664,14.495817184448242,41.508018493652344,15.748615264892578,30.696483612060547,13.542617797851562,48.51067352294922,28.8278865814209
2014-03-21,151.52163696289062,18.53677749633789,27.327165603637695,14.497763633728027,41.512062072753906,15.66964054107666,30.679166793823242,13.645355224609375,47.63060760498047,28.643842697143555
2014-03-24,150.8950653076172,18.391992568969727,27.270681381225586,14.491291046142578,41.37541198730469,15.656698226928711,30.650283813476562,13.682414054870605,47.09846115112305,28.35601043701172
2014-03-25,151.61119079589844,18.493736267089844,27.515504837036133,14.478343963623047,41.75315856933594,15.751638412475586,30.87407112121582,13.739668846130371,47.51597595214844,28.185928344726562
2014-03-26,150.52078247070312,18.227638244628906,27.38680648803711,14.329489707946777,41.32719421386719,15.561747550964355,30.801877975463867,13.682414054870605,47.5323600769043,27.959150314331055
2014-03-27,150.203369140625,18.176759719848633,27.609670639038086,14.251813888549805,41.270931243896484,15.505653381347656,30.78022003173828,13.793563842773438,47.42593765258789,27.823957443237305
2014-03-28,150.94395446777344,18.301984786987305,27.9549503326416,14.31006145477295,41.576351165771484,15.56607437133789,30.859642028808594,13.8137788772583,47.245819091796875,28.033288955688477
2014-03-31,152.18081665039062,18.501554489135742,27.9549503326416,14.458929061889648,42.05857849121094,15.686903953552246,31.08340835571289,13.965352058410645,47.88439178466797,28.225181579589844
2014-04-01,153.1898193359375,18.603307723999023,28.121309280395508,14.484816551208496,42.35594177246094,15.872475624084473,31.032878875732422,13.867671012878418,48.18730163574219,28.617679595947266
2014-04-02,153.70257568359375,18.740270614624023,28.221744537353516,14.517171859741211,42.65332794189453,15.881105422973633,31.068967819213867,13.84746265411377,48.40015411376953,28.809568405151367
2014-04-03,153.4991455078125,18.763748168945312,28.40380859375,14.491291046142578,42.717620849609375,15.803426742553711,31.105056762695312,13.891251564025879,48.29372787475586,28.670007705688477
2014-04-04,151.68443298339844,18.525039672851562,28.300222396850586,14.348902702331543,42.22734451293945,15.501341819763184,31.00400733947754,13.965352058410645,47.491432189941406,28.194652557373047
2014-04-07,150.00808715820312,18.255033493041992,27.826250076293945,14.1288480758667,41.624568939208984,15.380501747131348,31.032878875732422,13.941779136657715,47.01659393310547,27.6451473236084
2014-04-08,150.62652587890625,18.325464248657227,28.10561180114746,14.148259162902832,41.624568939208984,15.518607139587402,31.191694259643555,14.140510559082031,46.631805419921875,27.924257278442383
2014-04-09,152.24591064453125,18.603307723999023,28.23430824279785,14.271232604980469,42.15502166748047,15.725746154785156,31.328842163085938,14.11019515991211,47.63060760498047,28.225181579589844
2014-04-10,149.04788208007812,18.231544494628906,27.84194564819336,13.941153526306152,41.319156646728516,15.363240242004395,31.01844596862793,14.056302070617676,46.042381286621094,27.523029327392578
2014-04-11,147.70513916015625,18.01241111755371,27.763473510742188,13.772871017456055,40.90925598144531,15.190624237060547,30.859642028808594,14.042830467224121,45.60845947265625,27.14362335205078
2014-04-14,148.86883544921875,18.157190322875977,28.143281936645508,13.882896423339844,41.14234161376953,15.341669082641602,31.105056762695312,14.127035140991211,45.86225891113281,27.357316970825195
2014-04-15,149.89414978027344,18.26676368713379,28.519943237304688,14.012343406677246,41.43168258666992,15.419344902038574,31.18447494506836,14.322400093078613,46.353458404541016,27.392202377319336
2014-04-16,151.46473693847656,18.53677749633789,28.862085342407227,14.122370719909668,42.066612243652344,15.570390701293945,31.487659454345703,14.426828384399414,46.58269119262695,27.77597999572754
2014-04-17,151.6763153076172,18.59548568725586,29.125749588012695,14.148259162902832,42.3961296081543,15.548810005187988,31.494871139526367,14.24830150604248,46.574501037597656,27.810869216918945
2014-04-21,152.20518493652344,18.599393844604492,29.32349395751953,14.135309219360352,42.51669692993164,15.609230995178223,31.50931739807129,14.231459617614746,47.13119888305664,27.885007858276367
2014-04-22,152.89694213867188,18.66591453552246,29.276416778564453,14.232396125793457,42.54080581665039,15.673968315124512,31.494871139526367,14.251667022705078,47.64697265625,28.12486457824707
2014-04-23,152.53884887695312,18.66982650756836,29.430221557617188,14.264760971069336,42.70155715942383,15.505653381347656,31.4443416595459,14.258402824401855,47.40956115722656,27.994041442871094
2014-04-24,152.84808349609375,18.587642669677734,29.43964385986328,14.258289337158203,42.621177673339844,15.626489639282227,31.567066192626953,14.356084823608398,47.33586883544922,28.146671295166016
2014-04-25,151.5949249267578,18.45460319519043,29.263872146606445,14.141793251037598,42.2032356262207,15.427980422973633,31.610374450683594,14.521135330200195,46.983848571777344,27.666955947875977
2014-04-28,152.0750274658203,18.376333236694336,29.3140926361084,14.057646751403809,42.22734451293945,15.57470417022705,31.971298217773438,14.591872215270996,47.26218795776367,27.597171783447266
2014-04-29,152.78298950195312,18.505470275878906,29.449060440063477,14.19356918334961,42.33987808227539,15.682592391967773,31.83414077758789,14.531241416931152,47.5405387878418,27.72364616394043
2014-04-30,153.23870849609375,18.654170989990234,29.423948287963867,14.212983131408691,42.621177673339844,15.730064392089844,31.935211181640625,14.554823875427246,47.58148193359375,27.84139633178711
2014-05-01,153.2549591064453,18.53677749633789,29.358034133911133,14.238866806030273,42.51669692993164,15.74732494354248,31.906335830688477,14.615452766418457,47.68788528442383,27.950424194335938
2014-05-02,153.03529357910156,18.607213973999023,29.417673110961914,14.232396125793457,42.4524040222168,15.70416259765625,31.906335830688477,14.315661430358887,47.278564453125,28.02019691467285
2014-05-05,153.3282012939453,18.708959579467773,29.555768966674805,14.174153327941895,42.54080581665039,15.786165237426758,31.83414077758789,14.44366455078125,47.58966064453125,28.04636573791504
2014-05-06,151.99363708496094,18.61504364013672,29.599729537963867,13.9735107421875,42.21931457519531,15.609230995178223,31.63202667236328,14.372930526733398,47.17213439941406,27.6451473236084
2014-05-07,152.88877868652344,18.759822845458984,29.857120513916016,14.161201477050781,42.580989837646484,15.617857933044434,31.935211181640625,14.605358123779297,47.303123474121094,27.610258102416992
2014-05-08,152.7259979248047,18.685476303100586,29.430221557617188,14.200037956237793,42.57294845581055,15.6610107421875,31.978534698486328,14.447033882141113,47.04934310913086,27.688758850097656
2014-05-09,152.95384216308594,18.685476303100586,29.40198516845703,14.19356918334961,42.6051025390625,15.678274154663086,32.130104064941406,14.234830856323242,47.33586883544922,27.84139633178711
2014-05-12,154.44300842285156,18.924184799194336,29.609140396118164,14.335956573486328,43.24003982543945,15.889739036560059,32.15898513793945,14.103462219238281,47.81889343261719,28.190292358398438
2014-05-13,154.58139038085938,18.939838409423828,29.719003677368164,14.323010444641113,43.3123779296875,15.898374557495117,32.22395324707031,14.137139320373535,47.8925666809082,28.111778259277344
2014-05-14,153.84901428222656,18.94375228881836,29.73155975341797,14.219450950622559,42.99089050292969,15.82500171661377,32.05070877075195,14.207880973815918,47.925315856933594,27.79779052734375
2014-05-15,152.49815368652344,18.677654266357422,29.392559051513672,14.057646751403809,42.61314392089844,15.730064392089844,31.76917839050293,14.15061092376709,47.44232177734375,27.597171783447266
2014-05-16,153.02716064453125,18.744178771972656,29.317222595214844,14.07706356048584,42.66939926147461,15.829316139221191,31.964069366455078,14.194400787353516,47.606040954589844,27.802146911621094
2014-05-19,153.5886993408203,18.822439193725586,29.408254623413086,14.148259162902832,42.838199615478516,15.932889938354492,31.89912986755371,13.975460052490234,47.900760650634766,27.928621292114258
2014-05-20,152.62026977539062,18.7206974029541,29.32349395751953,14.06412410736084,42.26755142211914,15.84226131439209,31.783615112304688,13.975460052490234,47.597843170166016,27.675668716430664
2014-05-21,153.90597534179688,18.80678939819336,29.64052963256836,14.154735565185547,42.68547821044922,15.950153350830078,31.964069366455078,13.985562324523926,47.99900817871094,28.01148223876953
2014-05-22,154.2802734375,18.849838256835938,29.612281799316406,14.219450950622559,42.76585006713867,15.980362892150879,31.913549423217773,14.100090980529785,48.28553009033203,28.15975570678711
2014-05-23,154.8988037109375,19.010272979736328,29.552642822265625,14.264760971069336,43.03912353515625,16.1141414642334,31.964069366455078,14.066402435302734,48.310115814208984,28.382177352905273
2014-05-27,155.850830078125,19.010272979736328,29.634252548217773,14.387730598449707,43.264156341552734,16.252243041992188,32.05070877075195,14.177566528320312,48.572078704833984,28.530445098876953
2014-05-28,155.73696899414062,19.01810073852539,29.684473037719727,14.361841201782227,43.29629898071289,16.209089279174805,32.007389068603516,14.26176929473877,48.43290328979492,28.49992561340332
2014-05-29,156.54254150390625,19.209848403930664,29.938716888427734,14.394200325012207,43.47312927246094,16.304027557373047,32.26003646850586,14.302192687988281,48.81768798828125,28.617679595947266
2014-05-30,156.79481506347656,19.20594024658203,29.9167537689209,14.426562309265137,43.44099044799805,16.3212890625,32.51270294189453,14.396509170532227,48.948665618896484,28.643842697143555
2014-06-02,156.97386169433594,19.28420066833496,29.87908363342285,14.465397834777832,43.625831604003906,16.295398712158203,32.43329620361328,14.393136978149414,49.014156341552734,28.73979949951172
2014-06-03,156.8924560546875,19.24114990234375,29.982664108276367,14.484816551208496,43.57761764526367,16.269498825073242,32.31778335571289,14.447033882141113,49.104217529296875,28.68745231628418
2014-06-04,157.20982360839844,19.2724609375,29.966970443725586,14.523652076721191,43.56956100463867,16.29970932006836,32.43329620361328,14.440300941467285,49.2433967590332,28.827011108398438
2014-06-05,158.23519897460938,19.362459182739258,30.13960838317871,14.65955924987793,44.0116081237793,16.407602310180664,32.5632209777832,14.561563491821289,49.30070114135742,29.014543533325195
2014-06-06,158.99197387695312,19.456377029418945,30.387598037719727,14.7566499710083,44.45364761352539,16.480966567993164,32.64985275268555,14.511033058166504,49.2515869140625,29.18462562561035
2014-06-09,159.1547088623047,19.40550994873047,30.434667587280273,14.82137680053711,44.67870330810547,16.532745361328125,32.59932327270508,14.413352966308594,48.99778747558594,29.19334602355957
2014-06-10,159.17105102539062,19.432899475097656,30.38445472717285,14.814896583557129,44.57421112060547,16.541385650634766,32.59932327270508,14.379668235778809,49.16151809692383,29.13665771484375
2014-06-11,158.61769104003906,19.323328018188477,30.500593185424805,14.717814445495605,44.24469757080078,16.502540588378906,32.51270294189453,14.197772979736328,49.104217529296875,29.049428939819336
2014-06-12,157.49462890625,19.158971786499023,30.601024627685547,14.627204895019531,43.649932861328125,16.36012840270996,32.28170394897461,14.241561889648438,48.858612060546875,28.678733825683594
2014-06-13,157.97479248046875,19.233327865600586,30.89295196533203,14.63367748260498,43.80263900756836,16.455068588256836,32.27448654174805,14.332502365112305,48.81768798828125,28.691823959350586
2014-06-16,158.1049346923828,19.190282821655273,31.078155517578125,14.562479972839355,43.754417419433594,16.455068588256836,32.3972053527832,14.430191040039062,48.91592025756836,28.75723648071289
2014-06-17,158.54443359375,19.22941017150879,31.05617904663086,14.711343765258789,43.87497329711914,16.49390411376953,32.3972053527832,14.409979820251465,48.891353607177734,28.870630264282227
2014-06-18,159.70806884765625,19.436811447143555,31.291587829589844,14.795480728149414,44.12413787841797,16.580217361450195,32.77977752685547,14.736712455749512,49.284332275390625,29.08867835998535
2014-06-19,159.88706970214844,19.397676467895508,31.514442443847656,14.776065826416016,44.23665237426758,16.550016403198242,32.967472076416016,14.857975959777832,49.448055267333984,29.01889991760254
2014-06-20,160.2117156982422,19.516019821166992,31.827909469604492,14.83454704284668,44.42235565185547,16.513595581054688,32.866451263427734,14.767611503601074,49.86386489868164,28.910398483276367
2014-06-23,160.1626739501953,19.54353904724121,31.941417694091797,14.867036819458008,44.16400146484375,16.561283111572266,32.684730529785156,14.716654777526855,49.674861907958984,28.945404052734375
2014-06-24,159.19781494140625,19.35875129699707,31.26974868774414,14.76956844329834,43.71992111206055,16.474573135375977,32.568450927734375,14.760819435119629,49.707725524902344,28.875398635864258
2014-06-25,159.9173583984375,19.512086868286133,31.50624656677246,14.782562255859375,43.760292053222656,16.53960418701172,32.517581939697266,14.81517219543457,50.25008773803711,29.12040138244629
2014-06-26,159.80288696289062,19.508155822753906,31.54093360900879,14.730578422546387,43.72799301147461,16.52226448059082,32.40127182006836,14.859335899353027,50.315826416015625,29.142274856567383
2014-06-27,160.1136016845703,19.449180603027344,31.54093360900879,14.789060592651367,43.83296203613281,16.62198257446289,32.459434509277344,14.917095184326172,50.184349060058594,29.2122745513916
2014-06-30,160.03182983398438,19.516019821166992,31.56616973876953,14.776063919067383,43.64727020263672,16.626319885253906,32.43035888671875,15.035988807678223,49.98711395263672,29.19915771484375
2014-07-01,161.10296630859375,19.563186645507812,31.585092544555664,14.867036819458008,43.91370391845703,16.79540252685547,32.50303268432617,14.886514663696289,50.61986541748047,29.509782791137695
2014-07-02,161.2664794921875,19.586788177490234,31.537776947021484,14.854040145874023,43.841026306152344,16.812732696533203,32.59025573730469,14.597756385803223,51.00609588623047,29.553537368774414
2014-07-03,162.05966186523438,19.712596893310547,31.657615661621094,14.971002578735352,44.204368591308594,16.886436462402344,32.7719612121582,14.438077926635742,51.2115364074707,29.781036376953125
2014-07-07,161.4954071044922,19.54747200012207,31.414798736572266,14.906023979187012,43.88947296142578,16.903785705566406,32.82283401489258,14.506032943725586,50.8253173828125,29.597278594970703
2014-07-08,160.45700073242188,19.496362686157227,31.364337921142578,14.776063919067383,43.59074401855469,16.752037048339844,32.757423400878906,14.604546546936035,50.348697662353516,29.308528900146484
2014-07-09,161.17657470703125,19.563186645507812,31.572465896606445,14.815051078796387,43.66341018676758,16.83441925048828,32.90277862548828,14.563783645629883,50.56235885620117,29.66289520263672
2014-07-10,160.53878784179688,19.47670555114746,31.26974868774414,14.717588424682617,43.405059814453125,16.78672218322754,32.85190963745117,14.662301063537598,50.52949142456055,29.38727569580078
2014-07-11,160.75953674316406,19.512086868286133,31.03006935119629,14.743575096130371,43.655330657958984,16.873437881469727,32.895511627197266,14.550195693969727,50.63631820678711,29.483535766601562
2014-07-14,161.5690460205078,19.50029754638672,31.29811668395996,14.83454704284668,43.90561294555664,16.994821548461914,33.01179504394531,14.3837251663208,50.8006706237793,29.5666561126709
2014-07-15,161.2664794921875,19.46097183227539,31.162519454956055,14.938508033752441,43.92984390258789,16.964479446411133,32.72108459472656,14.458464622497559,50.36513137817383,29.466032028198242
2014-07-16,161.86338806152344,19.59465217590332,31.635540008544922,14.91252326965332,44.11553955078125,17.12055015563965,32.728355407714844,14.506032943725586,50.20079040527344,29.540403366088867
2014-07-17,160.02366638183594,19.512086868286133,31.124675750732422,14.717588424682617,43.42926788330078,16.899444580078125,32.52484130859375,14.373538970947266,49.65020751953125,29.260414123535156
2014-07-18,161.65896606445312,19.633960723876953,31.216127395629883,14.886523246765137,43.79258728027344,17.103208541870117,32.85190963745117,14.51961898803711,50.463748931884766,29.531658172607422
2014-07-21,161.35635375976562,19.578922271728516,31.263429641723633,14.847540855407715,43.76836013793945,17.081531524658203,32.699283599853516,14.506032943725586,50.25830078125,29.39603614807129
2014-07-22,162.05966186523438,19.606443405151367,31.487321853637695,14.893026351928711,43.92984390258789,17.22459602355957,32.64113235473633,14.47545337677002,50.6938362121582,29.518537521362305
2014-07-23,162.41934204101562,19.689008712768555,31.689159393310547,14.925516128540039,43.75222396850586,17.254945755004883,32.5975341796875,14.489046096801758,51.10470962524414,29.496654510498047
2014-07-24,162.4275665283203,19.665422439575195,31.717531204223633,14.958003997802734,43.54228973388672,17.2419376373291,32.684730529785156,14.533203125,50.99788284301758,29.562273025512695
2014-07-25,161.66717529296875,19.7007999420166,31.484174728393555,14.873536109924316,43.42926788330078,17.22026252746582,32.55392837524414,14.41770076751709,50.80887985229492,29.234149932861328
2014-07-28,161.73251342773438,19.751909255981445,31.40849494934082,14.880030632019043,43.211273193359375,17.250612258911133,32.386749267578125,14.618130683898926,50.858192443847656,29.291030883789062
2014-07-29,161.0375518798828,19.610376358032227,31.329666137695312,14.802063941955566,42.67033004760742,17.215927124023438,32.241390228271484,14.482244491577148,50.89927673339844,29.20789909362793
2014-07-30,161.0620574951172,19.508155822753906,31.143598556518555,14.867036819458008,42.710693359375,17.233272552490234,31.899776458740234,14.237650871276855,51.10470962524414,29.36977767944336
2014-07-31,157.8814239501953,19.126794815063477,30.471900939941406,14.561638832092285,41.84679412841797,16.908117294311523,31.35467529296875,14.01343822479248,50.05286407470703,28.827268600463867
2014-08-01,157.39891052246094,19.14251708984375,30.225936889648438,14.438175201416016,41.80641174316406,16.81707191467285,31.594532012939453,14.067788124084473,50.09395217895508,28.722272872924805
2014-08-04,158.5355224609375,19.37055778503418,30.7336368560791,14.555142402648926,41.95174789428711,16.93846321105957,31.69628143310547,13.993050575256348,50.3076057434082,29.002286911010742
2014-08-05,156.99830627441406,19.170040130615234,30.061954498291016,14.405688285827637,41.70147705078125,16.778051376342773,31.558185577392578,13.823186874389648,49.82278060913086,28.8010196685791
2014-08-06,157.04737854003906,19.31157875061035,30.150264739990234,14.46417236328125,41.491554260253906,16.726032257080078,31.827104568481445,13.646533966064453,49.79811477661133,28.739770889282227
2014-08-07,156.19705200195312,19.14251708984375,29.961040496826172,14.399191856384277,41.53190612792969,16.656658172607422,31.565441131591797,13.802810668945312,49.157161712646484,28.59101676940918
2014-08-08,158.0040283203125,19.34303855895996,30.46245574951172,14.542149543762207,42.12131881713867,16.765047073364258,31.885244369506836,14.077977180480957,49.7406005859375,29.03289794921875
2014-08-11,158.46194458007812,19.323373794555664,30.465600967407227,14.555142402648926,42.29084396362305,16.847415924072266,32.11055374145508,14.02702522277832,49.71595764160156,29.164154052734375
2014-08-12,158.2411346435547,19.386272430419922,30.241722106933594,14.587632179260254,42.19396209716797,16.838754653930664,32.08875274658203,14.016833305358887,49.674861907958984,29.089773178100586
2014-08-13,159.31227111816406,19.492431640625,30.339468002319336,14.652602195739746,42.605751037597656,17.003496170043945,32.183231353759766,14.081375122070312,50.27474594116211,29.194786071777344
2014-08-14,160.06451416015625,19.492431640625,30.166032791137695,14.743575096130371,42.79143524169922,17.03384780883789,32.31407165527344,14.203679084777832,50.866397857666016,29.422283172607422
2014-08-15,160.03182983398438,19.5513973236084,30.389921188354492,14.672099113464355,42.702613830566406,17.03384780883789,32.35768508911133,14.258030891418457,50.91571044921875,29.36540985107422
2014-08-18,161.37278747558594,19.744050979614258,30.471900939941406,14.83454704284668,43.348533630371094,17.194246292114258,32.54664611816406,14.220664978027344,51.31014633178711,29.63666343688965
2014-08-19,162.21499633789062,19.80301856994629,30.70526885986328,14.8605318069458,43.4534797668457,17.302640914916992,32.63385772705078,14.400720596313477,51.647056579589844,29.85979461669922
2014-08-20,162.64837646484375,19.830533981323242,30.771495819091797,14.899527549743652,43.91370391845703,17.302640914916992,32.612060546875,14.431285858154297,51.63883590698242,29.99979019165039
2014-08-21,163.12258911132812,19.80301856994629,30.79672622680664,15.074966430664062,43.87333679199219,17.385007858276367,32.670196533203125,14.465262413024902,51.71281433105469,29.97354507446289
2014-08-22,162.86912536621094,19.72438621520996,30.59174919128418,15.02297592163086,43.71992111206055,17.389341354370117,32.59025573730469,14.421097755432129,51.76211166381836,30.03042221069336
2014-08-25,163.6948699951172,19.79909324645996,30.862951278686523,15.152939796447754,43.88947296142578,17.40669059753418,32.7719612121582,14.51961898803711,52.15654373168945,30.1179141998291
2014-08-26,163.8012237548828,19.818740844726562,31.02061653137207,15.185437202453613,43.74413299560547,17.415359497070312,32.750160217285156,14.346360206604004,52.345550537109375,30.12229347229004
2014-08-27,163.7357940673828,19.818740844726562,30.957544326782227,15.152939796447754,43.71992111206055,17.41101837158203,32.76470184326172,14.502632141113281,52.30447006225586,30.15291404724121
2014-08-28,163.6458740234375,19.8344669342041,30.963855743408203,15.107447624206543,43.655330657958984,17.385007858276367,32.77922058105469,14.607941627502441,52.288047790527344,30.113554000854492
2014-08-29,164.1118927001953,19.865924835205078,31.137304306030273,15.178932189941406,43.61497497558594,17.46304702758789,32.801029205322266,14.703064918518066,52.477027893066406,30.109155654907227
2014-09-02,164.0301513671875,19.79909324645996,30.74309539794922,15.237405776977539,43.760292053222656,17.467388153076172,32.815574645996094,14.570574760437012,52.45237731933594,30.16604232788086
2014-09-03,163.94020080566406,19.830533981323242,30.825101852416992,15.211419105529785,43.70378875732422,17.37200355529785,32.837371826171875,14.641915321350098,52.6906852722168,30.087282180786133
2014-09-04,163.7030792236328,19.830533981323242,30.408830642700195,15.224414825439453,43.71992111206055,17.36333465576172,32.939117431640625,14.635120391845703,52.42772674560547,30.201053619384766
2014-09-05,164.4390106201172,19.917030334472656,30.61380958557129,15.243902206420898,43.86526107788086,17.467388153076172,33.12810134887695,14.818567276000977,52.73179244995117,30.301654815673828
2014-09-08,164.0138397216797,19.838397979736328,30.137636184692383,15.250410079956055,43.824886322021484,17.49340057373047,32.880977630615234,14.730252265930176,52.7400016784668,30.174795150756836
2014-09-09,162.97543334960938,19.677213668823242,30.005207061767578,15.094454765319824,43.68763732910156,17.36767578125,32.801029205322266,14.560388565063477,52.600303649902344,29.87291717529297
2014-09-10,163.58863830566406,19.677213668823242,29.932668685913086,15.172432899475098,43.71992111206055,17.471717834472656,32.96092224121094,14.49583625793457,52.9700813293457,29.977920532226562
2014-09-11,163.77670288085938,19.649690628051758,29.95159912109375,15.211419105529785,43.73606872558594,17.510740280151367,32.975467681884766,14.618130683898926,52.822174072265625,29.99104881286621
2014-09-12,162.8200225830078,19.559263229370117,29.503799438476562,15.198423385620117,43.59074401855469,17.43703842163086,32.742881774902344,14.35655689239502,52.43595504760742,29.903539657592773
2014-09-15,162.69735717773438,19.586788177490234,29.711915969848633,15.191929817199707,43.57460403442383,17.33298110961914,32.90277862548828,14.400720596313477,52.29624938964844,29.781036376953125
2014-09-16,163.92385864257812,19.677213668823242,30.071414947509766,15.256904602050781,43.816802978515625,17.46304702758789,33.14990234375,14.584162712097168,53.01118087768555,29.934160232543945
2014-09-17,164.14466857910156,19.79515266418457,29.907455444335938,15.321881294250488,43.98636245727539,17.497730255126953,33.07721710205078,14.556989669799805,53.052249908447266,29.921035766601562
2014-09-18,165.01950073242188,19.928829193115234,29.7529296875,15.471333503723145,44.19628143310547,17.601778030395508,33.142642974853516,14.451677322387695,53.44669723510742,30.052289962768555
2014-09-19,164.87083435058594,19.922502517700195,29.728517532348633,15.430883407592773,44.1533088684082,17.564334869384766,33.22820281982422,14.581926345825195,53.505245208740234,30.06501579284668
2014-09-22,163.59754943847656,19.91460609436035,29.29110336303711,15.326484680175781,43.65845489501953,17.44676971435547,33.16968536376953,14.472238540649414,53.21662139892578,29.643604278564453
2014-09-23,162.66107177734375,19.811906814575195,29.20552635192871,15.222091674804688,43.30152893066406,17.4075870513916,32.87712860107422,14.431103706359863,52.90324020385742,29.389007568359375
2014-09-24,163.9343719482422,20.017303466796875,29.230873107910156,15.306907653808594,43.528682708740234,17.52079963684082,33.30134582519531,14.379691123962402,53.82688522338867,29.722612380981445
2014-09-25,161.2891845703125,19.71316909790039,28.783952713012695,15.052448272705078,42.84727096557617,17.13764190673828,32.86249923706055,14.293992042541504,52.94447708129883,29.288040161132812
2014-09-26,162.5707244873047,19.906707763671875,29.154802322387695,15.195993423461914,43.2447624206543,17.324861526489258,32.98684310913086,14.314558982849121,53.10941696166992,29.590932846069336
2014-09-29,162.27499389648438,19.82375717163086,29.088239669799805,15.143793106079102,43.179847717285156,17.320512771606445,32.97951889038086,14.407111167907715,52.993961334228516,29.437297821044922
2014-09-30,161.8478240966797,19.58678436279297,28.723724365234375,15.117692947387695,43.11497116088867,17.372753143310547,32.9941520690918,14.427677154541016,52.70530700683594,29.274883270263672
2014-10-01,159.65443420410156,19.124656677246094,28.137338638305664,14.93500804901123,42.303768157958984,17.102806091308594,32.78936004638672,14.5099458694458,52.15278244018555,28.884193420410156
2014-10-02,159.67910766601562,19.077259063720703,27.99152374267578,14.974154472351074,42.25510025024414,17.094097137451172,32.84786605834961,14.489384651184082,52.045570373535156,29.015884399414062
2014-10-03,161.43704223632812,19.13256072998047,27.947147369384766,15.18946647644043,42.831031799316406,17.233428955078125,33.23551940917969,14.581926345825195,53.11766815185547,29.389007568359375
2014-10-06,161.2481231689453,19.128604888916016,27.978851318359375,15.143793106079102,42.70124816894531,17.23777961730957,33.25015640258789,14.581926345825195,52.87024688720703,29.230985641479492
2014-10-07,158.759033203125,18.79288101196289,27.614336013793945,14.889335632324219,41.662925720214844,16.967824935913086,33.05266189575195,14.561359405517578,52.029083251953125,28.796401977539062
2014-10-08,161.53561401367188,19.037769317626953,27.883752822875977,15.16988754272461,42.409217834472656,17.290029525756836,33.535404205322266,14.890430450439453,53.356807708740234,29.24853515625
2014-10-09,158.33189392089844,18.57169532775879,26.859954833984375,14.850186347961426,41.42768478393555,17.00265884399414,33.19895935058594,14.647063255310059,52.251747131347656,28.585697174072266
2014-10-10,156.52459716796875,18.287311553955078,26.482755661010742,14.732739448547363,40.81928634643555,16.567251205444336,33.35987091064453,14.715611457824707,51.93012237548828,28.335479736328125
2014-10-13,153.95338439941406,17.817289352416992,25.664974212646484,14.602251052856445,40.186561584472656,16.38439178466797,32.89907455444336,14.701906204223633,50.70134353637695,27.76042938232422
2014-10-14,154.19163513183594,17.872587203979492,25.341663360595703,14.660962104797363,40.74627685546875,16.41050148010254,32.884437561035156,14.835593223571777,50.321990966796875,27.962358474731445
2014-10-15,153.14837646484375,17.995033264160156,25.535018920898438,14.38040542602539,40.64892578125,16.297306060791016,32.48948287963867,14.640202522277832,49.90965270996094,27.729698181152344
2014-10-16,153.0169219970703,18.172771453857422,25.991453170776367,14.38040542602539,40.9490852355957,16.201519012451172,32.24811553955078,14.653915405273438,49.65400695800781,27.76042938232422
2014-10-17,154.82411193847656,18.41370964050293,26.21333885192871,14.563095092773438,41.76026916503906,16.393091201782227,32.64307403564453,14.73961067199707,50.44569778442383,28.067705154418945
2014-10-20,156.3274383544922,18.694141387939453,26.441547393798828,14.647920608520508,41.88194274902344,16.510650634765625,33.11117935180664,14.94527816772461,51.05595397949219,28.458391189575195
2014-10-21,159.4244384765625,19.097015380859375,27.246660232543945,14.921951293945312,42.814815521240234,16.832849502563477,33.25015640258789,14.996697425842285,52.40843200683594,29.011497497558594
2014-10-22,158.29083251953125,18.942975997924805,26.729995727539062,14.784934043884277,42.25510025024414,16.754474639892578,33.32329177856445,15.089242935180664,52.14453125,28.761276245117188
2014-10-23,160.13087463378906,18.92717170715332,27.227630615234375,14.928483963012695,43.18797302246094,16.94170570373535,33.30134582519531,15.116674423217773,53.03517532348633,29.151966094970703
2014-10-24,161.3631591796875,19.069360733032227,27.13254165649414,15.072023391723633,43.56923294067383,17.08974266052246,33.57929992675781,15.26406192779541,53.77739715576172,29.125619888305664
2014-10-27,161.14134216308594,18.670446395874023,26.562002182006836,15.091597557067871,43.553009033203125,17.107158660888672,33.65974807739258,15.22978687286377,53.83513259887695,29.182701110839844
2014-10-28,162.98963928222656,18.8560791015625,27.167404174804688,15.254716873168945,44.32365036010742,17.34227180480957,33.79139709472656,15.336045265197754,54.2309684753418,29.498750686645508
2014-10-29,162.7432861328125,18.6230411529541,27.25615692138672,15.29386043548584,44.16950988769531,17.324861526489258,33.73288345336914,15.246927261352539,54.25571060180664,29.410961151123047
2014-10-30,163.7864990234375,18.76523780822754,27.15789794921875,15.378684997558594,44.34797286987305,17.381467819213867,33.94499969482422,15.58284854888916,55.25358200073242,29.604101181030273
2014-10-31,165.65945434570312,19.11676025390625,27.709426879882812,15.55484676361084,44.786033630371094,17.651416778564453,34.164424896240234,15.586277961730957,55.47623825073242,29.89381980895996
2014-11-03,165.7498016357422,18.982463836669922,27.27201271057129,15.613574028015137,44.72924041748047,17.725435256958008,34.29607009887695,15.689114570617676,55.542198181152344,29.89381980895996
2014-11-04,165.17474365234375,18.78498077392578,26.71097183227539,15.620099067687988,44.70490264892578,17.721088409423828,34.47891616821289,15.606849670410156,55.550453186035156,29.533859252929688
2014-11-05,166.21807861328125,18.9666690826416,27.18009376525879,15.724496841430664,44.98070526123047,17.76897621154785,34.72029495239258,15.959912300109863,55.49272918701172,29.652395248413086
2014-11-06,166.88343811035156,19.120712280273438,27.52241325378418,15.750594139099121,45.451202392578125,17.760271072387695,34.793434143066406,15.689114570617676,55.830848693847656,29.9025936126709
2014-11-07,167.03955078125,19.211545944213867,27.826705932617188,15.757108688354492,45.51609420776367,17.78204345703125,34.91777420043945,15.85364818572998,55.2783088684082,29.854299545288086
2014-11-10,167.56532287597656,19.262895584106445,27.576295852661133,15.84194278717041,45.74323654174805,17.829940795898438,35.07137680053711,15.932489395141602,55.83908462524414,29.836753845214844
2014-11-11,167.7296142578125,19.357690811157227,27.658714294433594,15.789730072021484,45.686458587646484,17.838653564453125,35.005550384521484,15.87421703338623,56.045265197753906,29.964065551757812
2014-11-12,167.5488739013672,19.40509033203125,27.414634704589844,15.757108688354492,45.7513427734375,17.895244598388672,35.005550384521484,15.596563339233398,55.962806701660156,30.104516983032227
2014-11-13,167.73780822753906,19.40904426574707,27.050127029418945,15.750594139099121,45.62155532836914,17.991029739379883,35.1298942565918,15.469730377197266,55.92156982421875,30.293272018432617
2014-11-14,167.7788543701172,19.468278884887695,27.325891494750977,15.698393821716309,45.6783447265625,18.117307662963867,34.932411193847656,15.404608726501465,55.45975112915039,30.411800384521484
2014-11-17,167.88565063476562,19.464340209960938,27.183252334594727,15.698393821716309,45.613433837890625,18.082469940185547,35.16645431518555,15.606849670410156,55.73189926147461,30.376689910888672
2014-11-18,168.85501098632812,19.69737434387207,27.2054500579834,15.750594139099121,45.95414352416992,18.143430709838867,35.2981071472168,15.651408195495605,56.63080596923828,30.433759689331055
2014-11-19,168.58392333984375,19.66972541809082,27.348085403442383,15.717962265014648,45.816246032714844,18.025869369506836,35.444393157958984,15.637700080871582,56.31742477416992,30.561065673828125
2014-11-20,168.8796844482422,19.77242088317871,27.690401077270508,15.717962265014648,45.93791961669922,18.117307662963867,35.290802001953125,15.603416442871094,56.07826232910156,30.69273567199707
2014-11-21,169.78334045410156,20.013349533081055,28.0517578125,15.796273231506348,46.384071350097656,18.143430709838867,35.43708038330078,15.665116310119629,56.34214401245117,30.76736068725586
2014-11-24,170.25973510742188,19.922502517700195,27.836214065551758,15.900653839111328,46.5057487487793,18.239219665527344,35.41514205932617,15.534859657287598,56.63080596923828,31.052701950073242
2014-11-25,170.1365203857422,19.851417541503906,27.38294792175293,15.887602806091309,46.64365768432617,18.247928619384766,35.444393157958984,15.534859657287598,56.70502853393555,31.149272918701172
2014-11-26,170.5718994140625,19.86720848083496,27.037450790405273,15.907184600830078,46.554420471191406,18.413387298583984,35.605308532714844,15.603416442871094,57.05138397216797,31.14488410949707
2014-11-28,170.21041870117188,19.416942596435547,25.300458908081055,15.920222282409668,46.16505813598633,18.50046157836914,36.058780670166016,15.767955780029297,57.40599060058594,31.522411346435547
2014-12-01,169.02757263183594,19.215505599975586,25.38921356201172,15.80931282043457,45.57288360595703,18.29146385192871,35.82474136352539,15.79880428314209,57.26579666137695,31.175621032714844
2014-12-02,170.12005615234375,19.330047607421875,25.664974212646484,15.95937728881836,45.962249755859375,18.295820236206055,35.94907760620117,15.905064582824707,57.900814056396484,31.29413604736328
2014-12-03,170.77728271484375,19.61442756652832,25.97877311706543,16.031156539916992,46.57875442504883,18.361133575439453,35.69307327270508,15.860502243041992,57.99151611328125,31.34680938720703
2014-12-04,170.5883026123047,19.673669815063477,25.75372886657715,16.050729751586914,46.343528747558594,18.361133575439453,35.66383361816406,15.846790313720703,57.91731643676758,31.32925033569336
2014-12-05,170.86767578125,19.65787696838379,25.44625473022461,16.194265365600586,46.448970794677734,18.339357376098633,35.72964096069336,15.723394393920898,58.37912368774414,31.399503707885742
2014-12-08,169.7257537841797,19.345842361450195,24.416118621826172,16.272560119628906,45.93791961669922,18.152137756347656,35.65651321411133,15.850224494934082,58.58529281616211,31.14488410949707
2014-12-09,169.61077880859375,19.397186279296875,24.682382583618164,16.233417510986328,45.94602966308594,18.147781372070312,35.539485931396484,15.929060935974121,58.3378791809082,31.087820053100586
2014-12-10,166.8916778564453,18.99827003479004,23.921646118164062,16.02463150024414,45.06991958618164,17.873476028442383,35.20302963256836,15.730254173278809,57.438961029052734,30.6751766204834
2014-12-11,167.73780822753906,19.014062881469727,23.90580177307129,16.063772201538086,45.28896713256836,17.951852798461914,35.495601654052734,15.887929916381836,57.603904724121094,30.92540168762207
2014-12-12,165.02694702148438,18.484800338745117,23.462038040161133,15.750594139099121,44.46965789794922,17.68625831604004,35.042118072509766,15.737103462219238,56.721519470214844,30.727861404418945
2014-12-15,163.8932342529297,18.386058807373047,23.252836227416992,15.60705280303955,44.32365036010742,17.577390670776367,34.808067321777344,15.603416442871094,56.20197677612305,30.543506622314453
2014-12-16,162.5789031982422,18.243865966796875,23.458871841430664,15.456981658935547,44.364200592041016,17.34227180480957,34.6764030456543,15.589706420898438,55.550453186035156,30.07379913330078
2014-12-17,165.76632690429688,18.741535186767578,24.43197250366211,15.80931282043457,44.77791213989258,17.668840408325195,35.18109130859375,15.867359161376953,56.58955001831055,30.648847579956055
2014-12-18,169.86546325683594,19.168107986450195,24.901079177856445,16.17469596862793,45.905479431152344,18.173908233642578,35.8539924621582,16.17929458618164,58.139957427978516,31.15367889404297
2014-12-19,170.5881805419922,19.40420150756836,25.69683265686035,16.18518829345703,46.16325378417969,18.194040298461914,35.81714630126953,16.20591926574707,58.28068161010742,31.238740921020508
2014-12-22,171.37289428710938,19.416122436523438,25.43531036376953,16.296676635742188,46.60376739501953,18.41287612915039,36.163394927978516,16.247419357299805,57.72608947753906,31.54288101196289
2014-12-23,171.60421752929688,19.567153930664062,25.744667053222656,16.388490676879883,46.77507400512695,18.461013793945312,36.41386795043945,16.28891944885254,56.40171432495117,31.71919822692871
2014-12-24,171.62071228027344,19.499597549438477,25.556499481201172,16.362255096435547,46.824005126953125,18.443510055541992,36.37703323364258,16.58980369567871,56.81558609008789,31.666309356689453
2014-12-26,172.17417907714844,19.567153930664062,25.55011558532715,16.362255096435547,46.824005126953125,18.52229118347168,36.43596267700195,16.790390014648438,57.22117233276367,31.83820915222168
2014-12-29,172.40542602539062,19.567153930664062,25.642608642578125,16.421276092529297,46.89742660522461,18.430389404296875,36.32546615600586,16.98405647277832,57.419837951660156,32.08064270019531
2014-12-30,171.48025512695312,19.499597549438477,25.43849754333496,16.401607513427734,46.62006759643555,18.29907989501953,36.163394927978516,16.63129997253418,57.1715087890625,31.930774688720703
2014-12-31,169.77870178222656,19.30881690979004,25.247129440307617,16.21797752380371,46.15509033203125,18.09775161743164,35.72138977050781,16.33042335510254,56.6003532409668,31.802949905395508
2015-01-02,169.68785095214844,19.336633682250977,25.36513328552246,16.21797752380371,46.09798812866211,18.06273651123047,35.618255615234375,16.406511306762695,56.80730056762695,31.573734283447266
2015-01-05,166.6233367919922,18.84377670288086,24.315826416015625,15.876969337463379,45.02118682861328,17.78700828552246,35.3677864074707,16.20591926574707,56.517581939697266,30.96985626220703
2015-01-06,165.05392456054688,18.67683982849121,23.9586181640625,15.63431167602539,44.46649169921875,17.572542190551758,35.32358932495117,16.21629524230957,56.327232360839844,30.661298751831055
2015-01-07,167.11068725585938,18.887500762939453,24.009645462036133,15.798259735107422,44.80094528198242,17.721345901489258,35.92767333984375,16.375381469726562,57.651588439941406,31.146160125732422
2015-01-08,170.07606506347656,19.336633682250977,24.54865264892578,16.034353256225586,45.69826126098633,18.110891342163086,36.47279357910156,16.489505767822266,58.6365966796875,31.613393783569336
2015-01-09,168.71316528320312,19.237266540527344,24.354103088378906,15.817937850952148,45.20880126953125,18.053985595703125,36.178131103515625,16.385759353637695,58.11511993408203,31.24755096435547
2015-01-12,167.39149475097656,19.193544387817383,23.65243911743164,15.686785697937012,44.898841857910156,17.84389877319336,36.06761932373047,16.34771156311035,58.13994598388672,31.080055236816406
2015-01-13,166.92068481445312,18.978906631469727,23.464269638061523,15.63431167602539,44.80910110473633,17.830774307250977,36.06026077270508,16.392669677734375,57.88336944580078,31.080055236816406
2015-01-14,165.91299438476562,18.75632667541504,23.537622451782227,15.411334991455078,44.56437683105469,17.730104446411133,35.94975280761719,16.534469604492188,57.792320251464844,30.70537757873535
2015-01-15,164.39308166503906,18.72056007385254,23.237815856933594,15.221159934997559,44.35227966308594,17.502519607543945,36.00870132446289,16.66588592529297,57.1715087890625,30.30867576599121
2015-01-16,166.54898071289062,19.018661499023438,23.993703842163086,15.404783248901367,44.64595031738281,17.673208236694336,36.29598617553711,16.814590454101562,58.24755859375,30.709796905517578
2015-01-20,166.90415954589844,19.05046272277832,24.022403717041016,15.339200019836426,44.964088439941406,17.822019577026367,36.44333267211914,16.856094360351562,58.24755859375,30.53347396850586
2015-01-21,167.7467498779297,19.237266540527344,24.510374069213867,15.378545761108398,45.33118438720703,17.8526554107666,36.620140075683594,17.01863670349121,58.36345672607422,30.731834411621094
2015-01-22,170.2412872314453,19.47972297668457,24.625198364257812,15.758916854858398,46.05718994140625,18.145893096923828,36.988468170166016,16.946016311645508,59.058738708496094,31.309255599975586
2015-01-23,169.30792236328125,19.177640914916992,24.449783325195312,15.588406562805176,45.67378234863281,18.141517639160156,36.57593536376953,16.99443244934082,58.71937561035156,31.265182495117188
2015-01-26,169.70436096191406,19.2611083984375,24.800615310668945,15.66710376739502,45.73089599609375,18.06711196899414,36.57593536376953,16.98405647277832,59.025634765625,31.428264617919922
2015-01-27,167.46583557128906,19.12995147705078,24.784666061401367,15.496594429016113,45.12725067138672,17.546287536621094,36.15602493286133,17.008258819580078,58.60348129272461,31.177021026611328
2015-01-28,165.31822204589844,18.784154891967773,23.808719635009766,15.214603424072266,44.735687255859375,17.515647888183594,35.73611068725586,16.863018035888672,57.75920486450195,30.771493911743164
2015-01-29,166.8463592529297,19.03058624267578,23.88845443725586,15.339200019836426,45.249595642089844,17.681961059570312,36.0234375,17.087804794311523,58.24755859375,31.190244674682617
2015-01-30,164.74832153320312,18.955068588256836,24.09576416015625,15.090002059936523,44.515438079833984,17.463123321533203,35.375152587890625,16.710844039916992,57.337059020996094,30.850847244262695
2015-02-02,166.78855895996094,19.125974655151367,24.832502365112305,15.332647323608398,45.17619705200195,17.642574310302734,35.79506301879883,16.783462524414062,57.65985870361328,31.1285457611084
2015-02-03,169.20050048828125,19.547285079956055,25.5118408203125,15.588406562805176,45.910369873046875,17.84389877319336,36.11183547973633,16.84571647644043,58.04892349243164,31.78972816467285
2015-02-04,168.55625915527344,19.420101165771484,25.09084701538086,15.54905891418457,45.55960464477539,17.87891387939453,36.12656021118164,16.64167022705078,57.320491790771484,32.001304626464844
2015-02-05,170.2578125,19.889108657836914,25.45123863220215,15.706457138061523,45.95116424560547,18.04523468017578,36.31073760986328,16.793853759765625,58.288936614990234,32.19966506958008
2015-02-06,169.78700256347656,19.841405868530273,25.457630157470703,15.83105754852295,45.84510040283203,17.988332748413086,36.1486701965332,16.102174758911133,57.75920486450195,32.151180267333984
2015-02-09,169.02703857421875,19.817567825317383,25.483142852783203,15.752357482910156,45.72274398803711,17.96207618713379,35.876102447509766,15.960373878479004,57.08045196533203,32.027740478515625
2015-02-10,170.8276824951172,19.964630126953125,25.47038459777832,15.876969337463379,45.975624084472656,18.22905731201172,36.29598617553711,16.28891944885254,58.04064178466797,32.42005920410156
2015-02-11,170.92689514160156,19.932828903198242,25.291784286499023,15.876969337463379,45.9919319152832,18.29907989501953,36.46543884277344,15.93616771697998,58.09857940673828,32.42885971069336
2015-02-12,172.5706329345703,20.274646759033203,25.623470306396484,16.034353256225586,46.424293518066406,18.548551559448242,36.63487243652344,15.863541603088379,58.30549621582031,32.81235885620117
2015-02-13,173.281005859375,20.445556640625,26.165674209594727,16.021236419677734,46.63637924194336,18.666725158691406,36.46543884277344,15.621456146240234,58.53725814819336,33.01070785522461
2015-02-17,173.5535888671875,20.46940040588379,26.24540901184082,16.073699951171875,46.7016487121582,18.675477981567383,36.47279357910156,15.607619285583496,58.959407806396484,32.93577194213867
2015-02-18,173.57012939453125,20.525041580200195,25.932838439941406,15.975336074829102,46.96267318725586,18.692989349365234,36.67170715332031,15.977672576904297,59.025634765625,32.91814041137695
2015-02-19,173.4462127685547,20.580692291259766,25.8116455078125,15.909746170043945,47.044246673583984,18.758642196655273,36.43596267700195,15.797832489013672,59.124961853027344,33.01951599121094
2015-02-20,174.4869842529297,20.640310287475586,25.68726348876953,16.027793884277344,47.443965911865234,18.854928970336914,36.539093017578125,15.801292419433594,59.74576187133789,33.25313949584961
2015-02-23,174.46221923828125,20.61647605895996,25.582014083862305,15.988448143005371,47.240028381347656,18.868061065673828,36.64223098754883,15.908506393432617,60.01891326904297,33.222293853759766
2015-02-24,174.95785522460938,20.70391082763672,25.652183532714844,16.067142486572266,47.42765426635742,18.92495346069336,36.76747131347656,16.026081085205078,59.944427490234375,33.38096618652344
2015-02-25,174.8091583251953,20.644285202026367,25.792510986328125,16.067142486572266,47.32977294921875,18.806785583496094,36.64223098754883,15.763248443603516,59.91957092285156,33.63662338256836
2015-02-26,174.60264587402344,20.513124465942383,25.31410789489746,16.027793884277344,47.11766815185547,18.92495346069336,36.69380569458008,15.659502983093262,60.08512496948242,33.53085708618164
2015-02-27,174.00791931152344,20.465429306030273,25.20247459411621,15.968768119812012,46.89742660522461,18.859302520751953,36.84113693237305,15.6422119140625,59.7954216003418,33.486751556396484
2015-03-02,175.10643005371094,20.600566864013672,25.027063369750977,16.086816787719727,47.32977294921875,19.008115768432617,36.907432556152344,15.341326713562012,60.33344650268555,33.887882232666016
2015-03-03,174.3878631591797,20.48927879333496,25.119552612304688,16.040908813476562,47.027950286865234,18.881179809570312,36.76747131347656,15.434708595275879,59.78717041015625,33.795318603515625
2015-03-04,173.65272521972656,20.417724609375,25.08446502685547,15.942540168762207,46.66085433959961,18.806785583496094,36.5096321105957,15.348247528076172,60.07687759399414,33.6190071105957
2015-03-05,173.84268188476562,20.33028793334961,24.934566497802734,16.00812339782715,46.69350051879883,18.78489875793457,36.63487243652344,15.469285011291504,60.29206085205078,33.64103317260742
2015-03-06,171.39768981933594,20.0560359954834,24.48805046081543,15.890074729919434,46.05718994140625,18.55292510986328,35.92029571533203,15.00586223602295,59.10839080810547,33.239925384521484
2015-03-09,172.10806274414062,20.0838623046875,24.312641143798828,15.962225914001465,46.48955154418945,18.640460968017578,36.11919021606445,15.033527374267578,59.47261047363281,33.429447174072266
2015-03-10,169.31614685058594,19.777812957763672,23.974565505981445,15.621194839477539,45.63301086425781,18.259689331054688,35.60352325439453,15.00586223602295,58.81040954589844,32.90933609008789
2015-03-11,168.91970825195312,19.753969192504883,24.04473876953125,15.71957015991211,45.584068298339844,18.141517639160156,35.33095169067383,14.90903377532959,58.777305603027344,32.72859573364258
2015-03-12,171.0673065185547,20.00039291381836,23.891637802124023,16.060583114624023,46.17141342163086,18.259689331054688,35.846622467041016,15.192625045776367,59.555397033691406,33.394203186035156
2015-03-13,170.0182647705078,19.809614181518555,23.802339553833008,15.949101448059082,45.74720764160156,18.159027099609375,35.56668472290039,15.036993026733398,59.439491271972656,33.129730224609375
2015-03-16,172.289794921875,19.777812957763672,24.124469757080078,16.145835876464844,46.5058708190918,18.373483657836914,36.0013313293457,15.296371459960938,60.755615234375,33.51762390136719
2015-03-17,171.77767944335938,19.5592098236084,24.03197479248047,16.10650062561035,46.3182373046875,18.37786293029785,35.743492126464844,15.272160530090332,60.58177185058594,33.33247756958008
2015-03-18,173.84268188476562,19.8573055267334,24.730445861816406,16.198305130004883,46.86479949951172,18.627334594726562,35.9865837097168,15.683708190917969,61.36811447143555,33.62783432006836
2015-03-19,173.04974365234375,19.515493392944336,24.338153839111328,16.047473907470703,46.54665756225586,18.574813842773438,35.824527740478516,15.538457870483398,61.72405242919922,33.57933807373047
2015-03-20,174.5771484375,19.64116859436035,24.696189880371094,16.26534652709961,46.8097038269043,18.694787979125977,36.27366256713867,15.678227424621582,62.17060470581055,33.95303726196289
2015-03-23,174.2370147705078,19.64116859436035,24.6094970703125,16.17319679260254,46.41633987426758,18.694787979125977,36.33298110961914,15.68868350982666,61.99633026123047,33.89555740356445
2015-03-24,173.25799560546875,19.577329635620117,24.445722579956055,16.04154396057129,46.26064682006836,18.633256912231445,36.12543869018555,15.514404296875,61.4567756652832,33.71863555908203
2015-03-25,170.71908569335938,19.35790252685547,24.763620376586914,15.784830093383789,45.473934173583984,18.15425682067871,36.036502838134766,15.333151817321777,60.33618927001953,33.170230865478516
2015-03-26,170.31253051757812,19.40178871154785,24.734722137451172,15.771666526794434,45.35100555419922,18.16743278503418,35.88084411621094,15.204195022583008,60.19508361816406,32.962364196777344
2015-03-27,170.70249938964844,19.3938045501709,24.53241729736328,15.751917839050293,45.523109436035156,18.180612564086914,36.10320281982422,15.294807434082031,60.62672424316406,33.13042449951172
2015-03-30,172.78501892089844,19.657129287719727,25.05903434753418,15.982309341430664,46.162315368652344,18.400344848632812,36.46638488769531,15.483028411865234,61.24095916748047,33.47096252441406
2015-03-31,171.27499389648438,19.461626052856445,24.911331176757812,15.870408058166504,45.703392028808594,18.211381912231445,36.12543869018555,15.486520767211914,60.178497314453125,33.325016021728516
2015-04-01,170.6693115234375,19.51749038696289,24.904903411865234,15.857230186462402,45.400169372558594,18.18501091003418,36.16991424560547,15.500462532043457,59.572540283203125,33.17906951904297
2015-04-02,171.28330993652344,19.537433624267578,24.956279754638672,15.936234474182129,45.424747467041016,18.180612564086914,36.41450500488281,15.528346061706543,59.755149841308594,33.47539520263672
2015-04-06,172.4365997314453,19.69302749633789,25.405826568603516,15.962553977966309,45.768943786621094,18.35640525817871,36.70357131958008,15.744450569152832,59.84646224975586,33.63460922241211
2015-04-07,171.98025512695312,19.661113739013672,25.421884536743164,15.876982688903809,45.66240692138672,18.316850662231445,36.53309631347656,15.563203811645508,59.98758316040039,33.448856353759766
2015-04-08,172.56100463867188,19.71696662902832,25.21637535095215,15.936234474182129,45.818111419677734,18.37398338317871,36.59239196777344,15.5178861618042,60.49391555786133,33.76286697387695
2015-04-09,173.3243865966797,19.7728271484375,25.620967864990234,15.962553977966309,46.039390563964844,18.422321319580078,36.69615936279297,15.451665878295898,60.95043182373047,33.793827056884766
2015-04-10,174.2701873779297,19.82867431640625,25.733352661132812,15.955968856811523,46.68677520751953,18.49263572692871,36.76286697387695,15.566691398620605,61.47338104248047,33.90882110595703
2015-04-13,173.4819793701172,19.748886108398438,25.476469039916992,16.015214920043945,46.244258880615234,18.439897537231445,36.59239196777344,15.413324356079102,61.141334533691406,33.723045349121094
2015-04-14,173.81393432617188,19.83266830444336,25.935644149780273,16.015214920043945,46.30162048339844,18.382770538330078,36.673919677734375,15.490006446838379,61.24095916748047,33.705379486083984
2015-04-15,174.59381103515625,20.024173736572266,26.555383682250977,16.074453353881836,46.383575439453125,18.54537010192871,36.570159912109375,15.528346061706543,61.398643493652344,33.705379486083984
2015-04-16,174.5440216064453,19.98029136657715,26.494375228881836,16.100786209106445,46.28523254394531,18.479448318481445,36.70357131958008,15.427263259887695,61.3654670715332,33.771728515625
2015-04-17,172.53616333007812,19.796762466430664,26.301721572875977,15.883563995361328,45.72798156738281,18.22455596923828,36.362613677978516,15.37149429321289,60.834224700927734,33.27195358276367
2015-04-20,174.11251831054688,19.94039535522461,26.40125274658203,15.949386596679688,46.26064682006836,18.536577224731445,36.48863220214844,15.601547241210938,61.20774841308594,33.63903045654297
2015-04-21,173.9051971435547,19.79277229309082,26.12189292907715,15.870408058166504,46.203269958496094,18.52779197692871,36.555328369140625,15.462120056152344,61.61448669433594,33.67442321777344
2015-04-22,174.759765625,19.83266830444336,26.2952880859375,15.982309341430664,46.39995574951172,18.716768264770508,36.57756042480469,15.493494033813477,61.714054107666016,33.705379486083984
2015-04-23,175.1995086669922,19.884536743164062,26.47511100769043,16.00863265991211,46.35079574584961,18.791475296020508,36.451560974121094,15.580636024475098,61.946502685546875,33.87343978881836
2015-04-24,175.60598754882812,20.05210304260254,26.32419204711914,15.982309341430664,46.15411376953125,18.95407485961914,36.458984375,15.737483978271484,61.74726104736328,34.333396911621094
2015-04-27,174.87594604492188,20.227649688720703,26.2952880859375,15.92306137084961,46.137718200683594,19.006805419921875,36.258846282958984,15.549264907836914,60.62672424316406,34.03266143798828
2015-04-28,175.43174743652344,20.25557518005371,26.426950454711914,16.015214920043945,46.219669342041016,19.068336486816406,36.295921325683594,15.66080379486084,60.92555618286133,33.91324996948242
2015-04-29,174.7100067138672,20.243608474731445,26.632442474365234,16.00863265991211,45.99019241333008,18.976049423217773,35.96978759765625,15.594571113586426,60.36941146850586,33.68326187133789
2015-04-30,172.9592742919922,20.115938186645508,26.548965454101562,15.883563995361328,45.588661193847656,18.712364196777344,35.851192474365234,15.413324356079102,59.52274703979492,33.30731964111328
2015-05-01,174.8344268798828,20.447080612182617,26.609962463378906,16.021806716918945,46.162315368652344,18.940895080566406,36.17733383178711,15.500462532043457,60.32789993286133,33.76728820800781
2015-05-04,175.33226013183594,20.391220092773438,26.542539596557617,16.179780960083008,46.23606491088867,18.958457946777344,36.22921371459961,15.615484237670898,60.709720611572266,33.83806228637695
2015-05-05,173.3243865966797,20.159828186035156,26.215011596679688,16.03496551513672,45.613243103027344,18.664033889770508,35.94015884399414,15.266921997070312,59.946083068847656,33.48424530029297
2015-05-06,172.6107940673828,20.1638126373291,26.11226463317871,15.955968856811523,45.588661193847656,18.505821228027344,36.05134201049805,15.18327522277832,59.71365737915039,33.347137451171875
2015-05-07,173.2994842529297,20.2515869140625,25.829679489135742,16.067873001098633,45.82631301879883,18.642061233520508,36.140254974365234,15.239045143127441,59.99588394165039,33.51962661743164
2015-05-08,175.58116149902344,20.574750900268555,26.2535457611084,16.298263549804688,46.36717987060547,18.910125732421875,36.44414520263672,15.34709644317627,60.96702575683594,33.87785720825195
2015-05-11,174.74314880371094,20.4789981842041,25.759033203125,16.2390193939209,46.326194763183594,18.81344223022461,36.295921325683594,15.24252700805664,61.00021743774414,33.72748947143555
2015-05-12,174.2204132080078,20.2635555267334,25.87784767150879,16.179780960083008,46.27703094482422,18.712364196777344,36.21438217163086,15.225099563598633,60.61009216308594,33.66556167602539
2015-05-13,174.25363159179688,20.23961639404297,25.810426712036133,16.186363220214844,46.3753776550293,18.791475296020508,36.199562072753906,15.075215339660645,60.676517486572266,33.45328140258789
2015-05-14,176.07069396972656,20.45107078552246,25.80078125,16.331174850463867,46.84248352050781,19.094701766967773,36.75545883178711,15.249502182006836,61.514854431152344,33.60364532470703
2015-05-15,176.26145935058594,20.550813674926758,25.903547286987305,16.25876808166504,46.801517486572266,19.033172607421875,36.87404251098633,15.4481782913208,61.639381408691406,33.87343978881836
2015-05-18,176.80911254882812,20.459049224853516,25.926013946533203,16.350921630859375,46.891658782958984,19.12546157836914,36.75545883178711,15.507433891296387,62.00458526611328,34.0016975402832
2015-05-19,176.7510223388672,20.359302520751953,25.556753158569336,16.44307518005371,46.760528564453125,19.077119827270508,36.65909957885742,15.542293548583984,62.29512023925781,33.99285125732422
2015-05-20,176.62660217285156,20.347335815429688,25.604904174804688,16.39700698852539,46.588443756103516,19.090299606323242,36.57756042480469,15.566691398620605,62.37812805175781,33.95303726196289
2015-05-21,177.14102172851562,20.419151306152344,25.845735549926758,16.357505798339844,46.84248352050781,19.17380714416504,36.65909957885742,15.55971622467041,62.38643264770508,34.085731506347656
2015-05-22,176.71786499023438,20.395217895507812,25.752620697021484,16.364089965820312,46.629417419433594,19.160614013671875,36.50344467163086,15.535319328308105,62.23700714111328,34.02822494506836
2015-05-26,174.8178253173828,20.139869689941406,25.344812393188477,16.179780960083008,46.12133026123047,18.883758544921875,36.21438217163086,15.437725067138672,61.606170654296875,33.78497314453125
2015-05-27,176.47720336914062,20.27153778076172,25.299867630004883,16.357505798339844,46.41633987426758,19.239717483520508,36.44414520263672,15.500462532043457,62.32001876831055,34.037071228027344
2015-05-28,176.278076171875,20.32340431213379,25.200326919555664,16.33775520324707,46.19507598876953,19.200166702270508,36.39226531982422,15.535319328308105,62.361515045166016,33.97958755493164
2015-05-29,175.1829071044922,20.19174575805664,25.17142677307129,16.192943572998047,45.73616409301758,19.05953598022461,36.16250228881836,15.51092529296875,62.203826904296875,33.74518585205078
2015-06-01,175.5396728515625,20.199718475341797,25.107196807861328,16.206106185913086,45.9410285949707,19.11228370666504,36.16250228881836,15.531829833984375,62.452796936035156,33.842464447021484
2015-06-02,175.3654327392578,20.2635555267334,25.280597686767578,16.232439041137695,46.031185150146484,19.072725296020508,36.06615447998047,15.326178550720215,62.04609298706055,33.91766357421875
2015-06-03,175.8300018310547,20.283504486083984,25.107196807861328,16.37067222595215,46.26064682006836,19.11228370666504,36.043922424316406,15.099617004394531,62.16230773925781,34.18302917480469
2015-06-04,174.3448944091797,20.044124603271484,24.766828536987305,16.225854873657227,45.744354248046875,18.936491012573242,35.78449249267578,15.078701972961426,61.730674743652344,33.93977737426758
2015-06-05,174.0461883544922,19.952356338500977,24.940229415893555,16.31801414489746,45.777137756347656,18.874971389770508,35.27307891845703,14.89047908782959,61.70576858520508,33.842464447021484
2015-06-08,172.97586059570312,19.880550384521484,24.79894256591797,16.21927261352539,45.44113540649414,18.664033889770508,35.25825500488281,14.803340911865234,61.398643493652344,33.60364532470703
2015-06-09,172.9509735107422,19.892515182495117,24.79572868347168,16.25876808166504,45.432952880859375,18.620073318481445,35.428733825683594,14.768488883972168,61.38204574584961,33.56827926635742
2015-06-10,175.0252685546875,20.099979400634766,25.100786209106445,16.489152908325195,45.883663177490234,18.910125732421875,35.7770881652832,14.841686248779297,62.13739013671875,33.91324996948242
2015-06-11,175.58946228027344,20.14785385131836,24.98838996887207,16.554981231689453,46.14592742919922,18.918914794921875,35.76226806640625,14.960195541381836,62.56072998046875,34.02822494506836
2015-06-12,174.245361328125,20.028165817260742,24.709035873413086,16.482574462890625,45.87547302246094,18.751914978027344,35.62144088745117,14.827737808227539,61.78879165649414,33.87343978881836
2015-06-15,173.49856567382812,19.90447998046875,24.65123176574707,16.4101619720459,45.490318298339844,18.637653350830078,35.36202621459961,14.803340911865234,61.86347198486328,33.7142219543457
2015-06-16,174.44442749023438,20.00821876525879,24.84389877319336,16.502321243286133,45.531272888183594,18.760709762573242,35.747432708740234,14.873054504394531,62.17060470581055,33.91766357421875
2015-06-17,174.72653198242188,20.092004776000977,24.782886505126953,16.482574462890625,45.65420913696289,18.769495010375977,35.94015884399414,14.998538970947266,62.22868728637695,34.07246780395508
2015-06-18,176.54359436035156,20.259565353393555,24.766828536987305,16.63396644592285,46.11313247680664,18.936491012573242,36.340396881103516,15.197214126586914,63.10856628417969,34.48377227783203
2015-06-19,175.75985717773438,20.12369728088379,24.537004470825195,16.35630226135254,45.88911819458008,18.77889633178711,36.2896728515625,15.050543785095215,63.05940246582031,34.36264419555664
2015-06-22,176.66033935546875,20.199846267700195,24.837608337402344,16.607528686523438,46.169132232666016,18.933401107788086,36.43137741088867,15.029444694519043,63.550819396972656,34.55342483520508
2015-06-23,176.78536987304688,20.143741607666016,24.918432235717773,16.640581130981445,46.053829193115234,18.9466495513916,36.27476501464844,14.825435638427734,63.67578125,34.690975189208984
2015-06-24,175.50143432617188,19.887229919433594,24.763273239135742,16.50174331665039,45.62557601928711,18.858356475830078,36.110687255859375,14.709368705749512,63.0344352722168,34.451385498046875
2015-06-25,174.96783447265625,19.871196746826172,24.511152267456055,16.40257453918457,45.27144241333008,18.814210891723633,36.04356384277344,14.610884666442871,63.38423538208008,34.424766540527344
2015-06-26,174.9345245361328,19.795045852661133,24.591960906982422,16.45546531677246,45.35380172729492,18.655298233032227,36.1181526184082,14.69881534576416,63.29264450073242,34.56229019165039
2015-06-29,171.2660369873047,19.334136962890625,24.126501083374023,16.058780670166016,44.49729919433594,18.25800132751465,35.558807373046875,14.621431350708008,61.74340057373047,33.781436920166016
2015-06-30,171.6245574951172,19.39425277709961,24.294584274291992,16.11829376220703,44.52199935913086,18.275657653808594,35.49913024902344,14.582742691040039,61.959964752197266,33.93228530883789
2015-07-01,173.0001983642578,19.50246810913086,23.984270095825195,16.362899780273438,44.74436950683594,18.399261474609375,35.95406723022461,14.670675277709961,62.626319885253906,34.31827926635742
2015-07-02,172.84178161621094,19.442352294921875,24.090932846069336,16.29018211364746,44.66202163696289,18.425745010375977,35.92424392700195,14.853570938110352,62.33478546142578,34.25171661376953
2015-07-06,172.34991455078125,19.28203010559082,23.774173736572266,16.224071502685547,44.48906326293945,18.350704193115234,35.894412994384766,14.913368225097656,62.30978012084961,34.1851806640625
2015-07-07,173.43377685546875,19.217912673950195,23.99073028564453,16.257129669189453,44.85142517089844,18.37718963623047,36.63272476196289,15.282679557800293,62.609657287597656,34.482452392578125
2015-07-08,170.5240020751953,18.797080993652344,23.505874633789062,15.972840309143066,44.04434585571289,18.077016830444336,36.22254943847656,15.201794624328613,61.535186767578125,33.82579040527344
2015-07-09,170.83253479003906,18.85318946838379,23.625476837158203,16.09844970703125,44.15141296386719,18.006380081176758,36.25238037109375,15.032953262329102,61.86834716796875,33.967777252197266
2015-07-10,172.9835205078125,19.11771011352539,23.75477409362793,16.29018211364746,44.612579345703125,18.293312072753906,36.67747497558594,15.113859176635742,62.70125961303711,34.46025848388672
2015-07-13,174.89279174804688,19.32612419128418,23.9228515625,16.488515853881836,45.10674285888672,18.57142448425293,37.02052307128906,15.120887756347656,63.23432540893555,34.95716857910156
2015-07-14,175.65150451660156,19.43433380126953,24.094173431396484,16.52819061279297,45.23027420043945,18.642059326171875,37.080204010009766,15.099784851074219,63.86734390258789,35.00154113769531
2015-07-15,175.59310913085938,19.28203010559082,23.670726776123047,16.66703224182129,45.04085159301758,18.646469116210938,36.98325729370117,15.173649787902832,63.950626373291016,34.96604537963867
2015-07-16,177.00209045410156,19.233945846557617,23.70305633544922,16.832307815551758,45.24674606323242,18.884843826293945,37.36360168457031,15.398751258850098,64.25047302246094,35.17900848388672
2015-07-17,177.15225219726562,19.101680755615234,23.415363311767578,16.786027908325195,45.23027420043945,19.176191329956055,37.34123229980469,15.247515678405762,64.10888671875,35.11689758300781
2015-07-20,177.2440185546875,18.94136619567871,23.105072021484375,16.80586814880371,45.23849868774414,19.27773094177246,37.408329010009766,15.170132637023926,64.31710815429688,35.13462829589844
2015-07-21,176.5436248779297,18.82513999938965,23.114755630493164,16.786027908325195,44.75259780883789,19.149709701538086,37.318851470947266,15.032953262329102,64.03392791748047,35.02372360229492
2015-07-22,176.22679138183594,18.744976043701172,22.927278518676758,16.911640167236328,44.55495071411133,18.840694427490234,37.40089416503906,15.099784851074219,64.17549896240234,35.19232940673828
2015-07-23,175.23458862304688,18.47243881225586,22.907896041870117,16.76619529724121,44.143165588378906,18.80097007751465,37.25918197631836,14.87468433380127,63.94232177734375,34.98379898071289
2015-07-24,173.41712951660156,18.06764030456543,22.468286514282227,16.607528686523438,43.56666564941406,18.699438095092773,37.05036163330078,14.888749122619629,62.3431282043457,34.98379898071289
2015-07-27,172.40826416015625,17.86724853515625,22.14505386352539,16.488515853881836,43.352542877197266,18.53169059753418,37.02799606323242,15.078676223754883,62.28480911254883,34.722023010253906
2015-07-28,174.52597045898438,18.239980697631836,22.77859115600586,16.55463409423828,44.192569732666016,18.699438095092773,37.44563293457031,15.149026870727539,63.40923309326172,34.99267578125
2015-07-29,175.72654724121094,18.37224006652832,23.088897705078125,16.71991729736328,44.73613357543945,18.823040008544922,37.57242965698242,15.20530891418457,63.517520904541016,35.35205078125
2015-07-30,175.76821899414062,18.464427947998047,22.927278518676758,16.71991729736328,44.69496154785156,18.858356475830078,37.44563293457031,15.317858695983887,63.4259033203125,35.480690002441406
2015-07-31,175.50143432617188,18.41632843017578,22.42626190185547,16.66703224182129,44.65378952026367,18.796552658081055,37.52020263671875,15.472618103027344,63.792388916015625,35.59161376953125
2015-08-03,174.909423828125,18.272045135498047,21.954334259033203,16.647193908691406,44.43964385986328,18.695022583007812,37.57242965698242,15.553522109985352,63.742408752441406,35.471839904785156
2015-08-04,174.567626953125,18.35219955444336,21.879989624023438,16.620744705200195,44.41493606567383,18.584665298461914,37.57242965698242,15.303793907165527,63.709075927734375,35.622676849365234
2015-08-05,175.14288330078125,18.444381713867188,21.715139389038086,16.686864852905273,44.66202163696289,18.765661239624023,37.90055465698242,15.342489242553711,64.24215698242188,35.2366828918457
2015-08-06,173.70892333984375,18.3802547454834,22.06100082397461,16.62735939025879,44.43141555786133,18.580245971679688,37.617164611816406,15.423381805419922,62.842830657958984,34.757511138916016
2015-08-07,173.3754119873047,18.123750686645508,21.666650772094727,16.660419464111328,44.217288970947266,18.593490600585938,37.408329010009766,15.613316535949707,62.73457336425781,34.73090744018555
2015-08-10,175.55984497070312,18.568626403808594,22.358379364013672,16.819091796875,45.082027435302734,18.884843826293945,37.55002975463867,15.550003051757812,63.24266052246094,35.01041030883789
2015-08-11,173.97569274902344,18.223949432373047,22.400409698486328,16.66703224182129,44.530235290527344,18.602323532104492,37.41579818725586,15.627382278442383,62.70956802368164,34.69539260864258
2015-08-12,174.18409729003906,18.292089462280273,22.807676315307617,16.51496696472168,44.53847885131836,18.686193466186523,37.43817138671875,15.905254364013672,62.75124740600586,34.544559478759766
2015-08-13,173.96737670898438,18.239980697631836,22.46181869506836,16.5744686126709,44.50553512573242,18.633214950561523,37.28902816772461,15.908773422241211,62.609657287597656,34.74421310424805
2015-08-14,174.6009979248047,18.324146270751953,22.4133358001709,16.693470001220703,44.785545349121094,18.725927352905273,37.408329010009766,16.02835464477539,62.78456115722656,34.76639938354492
2015-08-17,175.57647705078125,18.4283504486084,22.46181869506836,16.726526260375977,45.00789260864258,18.83187484741211,37.44563293457031,16.105731964111328,63.417572021484375,35.09915542602539
2015-08-18,175.06788635253906,18.308116912841797,22.377782821655273,16.713306427001953,44.92555618286133,18.734756469726562,37.25918197631836,16.06704330444336,63.32594680786133,35.13019561767578
2015-08-19,173.68389892578125,18.083669662475586,21.76039695739746,16.56124496459961,44.50553512573242,18.611146926879883,36.9161262512207,16.133872985839844,63.06774139404297,35.06808853149414
2015-08-20,170.05714416503906,17.74300193786621,21.269071578979492,16.21084976196289,43.5831298828125,18.156471252441406,36.58053207397461,16.03890609741211,61.60184097290039,34.0831298828125
2015-08-21,164.93798828125,17.310136795043945,20.525617599487305,15.629061698913574,42.38072967529297,17.463407516479492,35.5811882019043,15.845454216003418,59.71944808959961,32.99169158935547
2015-08-24,157.9929656982422,16.584714889526367,19.423381805419922,14.96131706237793,40.87359619140625,16.774757385253906,34.34318923950195,15.251033782958984,57.179100036621094,31.673974990844727
2015-08-25,156.1337432861328,16.324207305908203,19.14216423034668,14.762981414794922,40.33827590942383,16.642324447631836,34.08216094970703,14.783228874206543,56.60438919067383,31.545310974121094
2015-08-26,162.12828063964844,16.76506805419922,19.80156898498535,15.318324089050293,41.59834671020508,17.481061935424805,35.08896255493164,15.047028541564941,58.994834899902344,32.74323654174805
2015-08-27,166.1385955810547,17.374271392822266,20.78097915649414,15.695167541503906,42.60309600830078,17.887187957763672,35.60356140136719,15.222895622253418,60.144248962402344,33.51079177856445
2015-08-28,166.1468963623047,17.474468231201172,21.252904891967773,15.622442245483398,42.619564056396484,17.92249870300293,35.52897262573242,15.177170753479004,59.80275344848633,33.52409744262695
2015-08-31,164.8046112060547,17.37828254699707,21.47271156311035,15.490219116210938,42.24072265625,17.75916862487793,35.28287124633789,14.934476852416992,58.71165466308594,33.26675796508789
2015-09-01,159.88552856445312,16.849233627319336,20.71632957458496,14.987759590148926,41.12067413330078,17.189712524414062,34.55946350097656,14.529986381530762,57.1707649230957,32.42379379272461
2015-09-02,162.92031860351562,17.089712142944336,20.907041549682617,15.192709922790527,42.03483200073242,17.604663848876953,35.029300689697266,14.540533065795898,58.345157623291016,33.1070442199707
2015-09-03,163.03707885742188,17.193918228149414,20.965227127075195,15.278656959533691,42.059539794921875,17.61789894104004,35.2679557800293,14.607361793518066,57.92870330810547,33.120361328125
2015-09-04,160.56922912597656,16.853246688842773,20.619359970092773,14.974543571472168,41.474815368652344,17.348634719848633,34.69369125366211,14.406877517700195,57.204063415527344,32.765419006347656
2015-09-08,164.60450744628906,17.27407455444336,20.94260025024414,15.357990264892578,42.619564056396484,17.834217071533203,35.417110443115234,14.712883949279785,58.80325698852539,33.52409744262695
2015-09-09,162.40341186523438,17.141820907592773,20.548246383666992,15.146427154541016,42.166603088378906,17.60025978088379,34.83539962768555,14.529986381530762,57.895381927490234,33.164710998535156
2015-09-10,163.2871856689453,17.1818904876709,20.6678466796875,15.219158172607422,42.191307067871094,17.776823043823242,34.89506912231445,14.505361557006836,58.45344161987305,33.25789260864258
2015-09-11,164.02926635742188,17.157848358154297,20.483600616455078,15.285262107849121,42.42190170288086,17.860702514648438,35.126251220703125,14.614392280578613,58.82823944091797,33.5063591003418
2015-09-14,163.42059326171875,16.95343780517578,20.305816650390625,15.252215385437012,42.207786560058594,17.816560745239258,35.014400482177734,14.649567604064941,58.645023345947266,33.32886505126953
2015-09-15,165.46322631835938,17.07769012451172,20.532089233398438,15.47038459777832,42.940765380859375,18.046110153198242,35.43202209472656,14.72695255279541,59.48624801635742,33.67937469482422
2015-09-16,166.89727783203125,17.32217025756836,21.11391258239746,15.569559097290039,43.25369644165039,18.121150970458984,35.83473205566406,14.87468433380127,59.65284729003906,34.060935974121094
2015-09-17,166.52207946777344,17.24201202392578,21.100988388061523,15.3513822555542,43.06428146362305,17.997549057006836,35.83473205566406,15.078676223754883,60.19422149658203,34.14968490600586
2015-09-18,163.80088806152344,16.87849235534668,20.546775817871094,15.054411888122559,42.112911224365234,17.76386070251465,35.42042922973633,14.99382209777832,59.27553176879883,33.60591125488281
2015-09-21,164.64730834960938,16.934913635253906,20.664005279541016,15.227147102355957,42.31990432739258,17.941232681274414,35.68313217163086,15.054183959960938,58.489768981933594,33.89982986450195
2015-09-22,162.51026916503906,16.62055206298828,20.445833206176758,15.034480094909668,41.70716094970703,17.639698028564453,35.292816162109375,14.866008758544922,58.130313873291016,33.450050354003906
2015-09-23,162.2504425048828,16.265899658203125,20.18208122253418,15.041128158569336,41.41736602783203,17.68404197692871,35.352867126464844,14.905059814453125,58.0717887878418,33.3609733581543
2015-09-24,161.6637725830078,16.221559524536133,20.269994735717773,14.934825897216797,41.16067123413086,17.68404197692871,35.412906646728516,15.025781631469727,57.478275299072266,33.27190017700195
2015-09-25,161.62191772460938,16.201417922973633,20.309066772460938,15.154067993164062,41.24348449707031,17.65299415588379,35.63808822631836,15.171353340148926,55.9067497253418,33.26743698120117
2015-09-28,157.56564331054688,15.697633743286133,19.49827003479004,14.80195140838623,40.432029724121094,17.249481201171875,35.11267852783203,15.096790313720703,53.74169921875,32.30995559692383
2015-09-29,157.65780639648438,15.758086204528809,19.46896743774414,14.828526496887207,40.69700241088867,17.174102783203125,35.09766387939453,15.100342750549316,54.23488998413086,32.20307540893555
2015-09-30,160.59942626953125,16.08856773376465,19.9280948638916,15.054411888122559,41.309722900390625,17.51553726196289,35.42042922973633,15.370180130004883,55.363399505615234,33.07149887084961
2015-10-01,161.0184326171875,16.269927978515625,19.9671688079834,15.061055183410645,41.218631744384766,17.5244083404541,35.42042922973633,15.189102172851562,55.92346954345703,33.3164176940918
2015-10-02,163.42376708984375,16.66891860961914,20.79098892211914,15.080984115600586,41.74029541015625,17.772729873657227,35.90830612182617,15.39148235321045,57.08541488647461,33.792964935302734
2015-10-05,166.33187866210938,17.104177474975586,21.419448852539062,15.399881362915039,42.92435073852539,18.123037338256836,36.5237922668457,15.590311050415039,57.23588562011719,34.2917594909668
2015-10-06,165.76194763183594,17.325843811035156,21.894853591918945,15.326802253723145,42.88295364379883,18.14521598815918,36.27608871459961,15.483799934387207,55.89003372192383,34.037899017333984
2015-10-07,167.11964416503906,17.555557250976562,22.171628952026367,15.446378707885742,43.44599533081055,18.229461669921875,36.60635757446289,15.430537223815918,56.78447341918945,34.1536865234375
2015-10-08,168.62818908691406,17.80139923095703,22.594940185546875,15.539392471313477,44.050445556640625,18.313716888427734,37.04170227050781,15.62226390838623,56.9516487121582,34.57231140136719
2015-10-09,168.728759765625,17.793344497680664,22.448413848876953,15.439743041992188,44.199501037597656,18.393537521362305,37.12427520751953,15.54770565032959,57.21080780029297,34.61241149902344
2015-10-12,168.88800048828125,17.64019775390625,22.158607482910156,15.45302677154541,44.20777893066406,18.415695190429688,37.221839904785156,15.686177253723145,57.361263275146484,34.77717590332031
2015-10-13,167.82363891601562,17.571680068969727,21.92741584777832,15.333449363708496,43.735809326171875,18.37579345703125,36.99666976928711,15.650673866271973,56.642372131347656,34.59012985229492
2015-10-14,167.01905822753906,17.71274185180664,22.116275787353516,15.207218170166016,43.26383590698242,18.340322494506836,36.56882858276367,15.647125244140625,56.53369140625,34.23830795288086
2015-10-15,169.5835418701172,17.761098861694336,22.513532638549805,15.552682876586914,43.735809326171875,18.57533836364746,36.899085998535156,15.877904891967773,57.79595947265625,34.68364715576172
2015-10-16,170.35458374023438,17.7691593170166,22.542844772338867,15.645700454711914,43.51226043701172,18.610820770263672,37.25187301635742,15.899211883544922,58.31420135498047,34.86626434326172
2015-10-19,170.4383544921875,17.644229888916016,22.096742630004883,15.632410049438477,43.57020950317383,18.68177032470703,37.4170036315918,15.909862518310547,58.52320098876953,35.031028747558594
2015-10-20,170.2205047607422,17.672435760498047,22.158607482910156,15.725422859191895,43.860015869140625,18.63298988342285,37.39447784423828,15.963117599487305,57.603694915771484,34.98649597167969
2015-10-21,169.16452026367188,17.515254974365234,21.885086059570312,15.612470626831055,43.868289947509766,18.491086959838867,37.40199279785156,15.931158065795898,57.08541488647461,34.83061981201172
2015-10-22,172.02235412597656,17.994848251342773,22.27909278869629,15.864934921264648,45.093753814697266,18.907909393310547,38.14506530761719,16.11578369140625,56.74268341064453,35.28932571411133
2015-10-23,173.90798950195312,18.143970489501953,22.226987838745117,16.037668228149414,45.259376525878906,19.43560218811035,38.08503723144531,15.831750869750977,57.954769134521484,35.46300506591797
2015-10-26,173.48057556152344,17.994848251342773,21.683198928833008,15.97122573852539,45.16000747680664,19.36021614074707,38.00995635986328,15.774935722351074,58.18048095703125,35.7124137878418
2015-10-27,173.14535522460938,17.91827964782715,21.422700881958008,15.878218650817871,44.66318893432617,19.249357223510742,38.062503814697266,15.718128204345703,59.25043487548828,35.54317092895508
2015-10-28,175.11480712890625,18.188302993774414,21.898109436035156,16.250259399414062,45.01923751831055,19.537580490112305,37.8448371887207,15.551254272460938,59.74365997314453,35.88164138793945
2015-10-29,175.01425170898438,18.224576950073242,22.008821487426758,16.230327606201172,44.99439239501953,19.484371185302734,37.859840393066406,15.462492942810059,60.01114273071289,35.98408126831055
2015-10-30,174.25999450683594,18.248756408691406,22.152095794677734,15.997803688049316,44.93643569946289,19.355777740478516,37.43950271606445,15.533507347106934,59.634971618652344,36.059776306152344
2015-11-02,176.32164001464844,18.361602783203125,22.66983413696289,16.217042922973633,45.45808792114258,19.528722763061523,37.664695739746094,15.551254272460938,60.905582427978516,36.22456741333008
2015-11-03,176.83287048339844,18.434144973754883,23.249441146850586,16.243619918823242,45.4912109375,19.630706787109375,37.48455047607422,15.597416877746582,60.688262939453125,36.362613677978516
2015-11-04,176.29652404785156,18.313241958618164,23.04104232788086,16.19711685180664,45.367000579833984,19.652881622314453,37.32693099975586,15.679078102111816,60.42076110839844,36.12659454345703
2015-11-05,176.12051391601562,18.220542907714844,22.845672607421875,16.263545989990234,45.42496109008789,19.59523582458496,37.31941223144531,15.544159889221191,60.228515625,36.25572967529297
2015-11-06,176.02825927734375,18.268911361694336,22.72844886779785,16.42963981628418,45.42496109008789,19.66175079345703,36.91409683227539,15.00092601776123,59.97769546508789,36.26018142700195
2015-11-09,174.38568115234375,18.143970489501953,22.503767013549805,16.250259399414062,45.07719802856445,19.471073150634766,36.666412353515625,15.039983749389648,59.5179557800293,35.76140213012695
2015-11-10,174.78799438476562,18.010971069335938,22.5526123046875,16.323345184326172,45.06891632080078,19.342470169067383,36.763980865478516,15.174903869628906,59.91918182373047,36.09984588623047
2015-11-11,174.1007537841797,18.031124114990234,22.073945999145508,16.270191192626953,45.12688446044922,19.333602905273438,36.711448669433594,15.3062744140625,59.32568359375,35.88608932495117
2015-11-12,171.67034912109375,17.66840934753418,21.57248306274414,16.024377822875977,44.5141487121582,19.16510009765625,36.2160530090332,15.160699844360352,58.29750061035156,35.55208969116211
2015-11-13,169.74278259277344,17.894102096557617,21.484567642211914,15.891514778137207,44.3154296875,18.788185119628906,35.90081024169922,15.103890419006348,58.1553955078125,34.61685562133789
2015-11-16,172.3240203857422,18.12381935119629,22.20093536376953,16.08418083190918,44.886756896972656,19.07642364501953,36.51629638671875,15.359528541564941,58.882633209228516,35.03546905517578
2015-11-17,172.19830322265625,18.10366439819336,21.956722259521484,16.050954818725586,44.795677185058594,19.080852508544922,36.50126647949219,15.082585334777832,59.1334114074707,35.102272033691406
2015-11-18,174.93048095703125,18.426084518432617,22.318164825439453,16.33662986755371,45.41669845581055,19.369081497192383,37.00416564941406,15.178449630737305,60.28702163696289,35.70349884033203
2015-11-19,174.7796173095703,18.405929565429688,22.018592834472656,16.363204956054688,45.61539840698242,19.457765579223633,37.101749420166016,15.341776847839355,59.27553176879883,35.748043060302734
2015-11-20,175.41656494140625,18.349512100219727,21.78414535522461,16.38977813720703,45.84725570678711,19.59966278076172,36.839027404785156,15.405682563781738,59.78544616699219,36.17556381225586
2015-11-23,175.21534729003906,18.373693466186523,21.9404354095459,16.323345184326172,45.61539840698242,19.484371185302734,37.16179656982422,15.263659477233887,59.634971618652344,36.30915832519531
2015-11-24,175.45004272460938,18.52684783935547,22.409337997436523,16.276832580566406,45.540889739990234,19.488807678222656,37.25937271118164,15.242362976074219,59.81886672973633,36.23345184326172
2015-11-25,175.42494201660156,18.40996742248535,22.226987838745117,16.29012680053711,45.540889739990234,19.426729202270508,37.35694885253906,15.15005111694336,60.14488983154297,36.416053771972656
2015-11-27,175.62603759765625,18.38578224182129,22.06743049621582,16.329992294311523,45.623695373535156,19.471073150634766,37.49955749511719,15.178449630737305,60.26193618774414,36.28245544433594
2015-11-30,174.89691162109375,18.43010902404785,22.148839950561523,16.31670570373535,45.32560348510742,19.493247985839844,37.09423828125,15.203302383422852,59.442726135253906,35.97513961791992
2015-12-01,176.56466674804688,18.55908203125,22.32467269897461,16.496074676513672,45.540889739990234,19.666181564331055,37.40948486328125,15.324026107788086,60.44583511352539,36.344810485839844
2015-12-02,174.76280212402344,18.309207916259766,21.634355545043945,16.303409576416016,45.07719802856445,19.542024612426758,37.221839904785156,14.983177185058594,59.93592071533203,36.02860641479492
2015-12-03,172.31564331054688,18.148000717163086,21.201278686523438,16.037668228149414,44.5141487121582,19.289260864257812,37.02667999267578,14.86955451965332,58.62350845336914,35.485286712646484
2015-12-04,175.6763153076172,18.46638298034668,21.067766189575195,16.462854385375977,45.17656326293945,19.763734817504883,37.859840393066406,15.079033851623535,60.00278091430664,36.171104431152344
2015-12-07,174.6120147705078,18.13591766357422,20.266746520996094,16.310056686401367,44.95299530029297,19.666181564331055,37.96493148803711,15.146498680114746,59.668426513671875,36.01969528198242
2015-12-08,173.43870544433594,17.793344497680664,20.058334350585938,16.104103088378906,44.23262405395508,19.61740493774414,37.86733627319336,15.12519359588623,59.80217742919922,35.912803649902344
2015-12-09,172.0894012451172,18.32935905456543,20.322099685668945,15.918084144592285,44.10015106201172,19.32917594909668,37.50706100463867,15.128744125366211,59.20029830932617,35.45410919189453
2015-12-10,172.53353881835938,18.19233512878418,20.452348709106445,15.931368827819824,44.30714797973633,19.38239097595215,37.5521125793457,14.88021183013916,59.643333435058594,35.5743522644043
2015-12-11,169.18966674804688,17.708709716796875,19.6871280670166,15.579251289367676,43.56193161010742,18.97886085510254,37.13926696777344,14.83759880065918,58.76563262939453,34.76380920410156
2015-12-14,170.0444793701172,17.474960327148438,19.79133415222168,15.612470626831055,43.7192497253418,19.125198364257812,37.50706100463867,14.912163734436035,59.15013885498047,34.941951751708984
2015-12-15,171.82958984375,17.571680068969727,20.289535522460938,15.97787094116211,43.7275276184082,19.209447860717773,37.747257232666016,15.029330253601074,59.91918182373047,35.133460998535156
2015-12-16,174.34378051757812,17.7530460357666,20.156030654907227,16.23697280883789,44.50586700439453,19.471073150634766,38.4753303527832,15.409235000610352,60.69661331176758,35.721309661865234
2015-12-17,171.68710327148438,17.398374557495117,19.661081314086914,16.004444122314453,43.76893997192383,19.16510009765625,37.97993087768555,15.441191673278809,60.044578552246094,35.133460998535156
2015-12-18,168.62850952148438,17.163291931152344,19.316734313964844,15.576593399047852,43.101661682128906,18.793420791625977,37.30699157714844,15.249272346496582,59.17406463623047,34.5811767578125
2015-12-21,170.01954650878906,17.317581176757812,19.336454391479492,15.730354309082031,43.434879302978516,18.98505973815918,37.73042678833008,15.23851203918457,59.7113037109375,34.755584716796875
2015-12-22,171.5623779296875,17.53683853149414,19.56316566467285,15.877436637878418,44.03466796875,19.123212814331055,38.221900939941406,15.367650985717773,60.1142463684082,35.01049041748047
2015-12-23,173.68685913085938,17.95100212097168,20.41417121887207,16.06461524963379,44.55116653442383,19.28364372253418,38.50165939331055,15.604402542114258,60.760650634765625,35.189361572265625
2015-12-24,173.40016174316406,17.910400390625,20.230167388916016,16.05124282836914,44.53449249267578,19.27473258972168,38.46385192871094,15.593648910522461,60.819419860839844,35.09545135498047
2015-12-28,173.0039825439453,17.78452491760254,19.862163543701172,16.037878036499023,44.43452072143555,19.261367797851562,38.41093444824219,15.622344970703125,60.534000396728516,35.18488311767578
2015-12-29,174.85028076171875,17.95100212097168,20.00016975402832,16.20500373840332,44.85939407348633,19.52430534362793,38.743621826171875,15.708436965942383,61.27272033691406,35.59181594848633
2015-12-30,173.6110076904297,17.78452491760254,19.73073959350586,16.091360092163086,44.48452377319336,19.359405517578125,38.60752487182617,15.694093704223633,61.01249313354492,35.30561065673828
2015-12-31,171.874267578125,17.630239486694336,19.819454193115234,15.93091106414795,44.15961837768555,19.08755874633789,38.1765251159668,15.525492668151855,60.46683883666992,34.95234680175781
